Workbook

Sheet Summary
A2: 2138 & 2026 Order Summary
A3: Particulars | B3: No Of items in bom | C3: Remarks
A4: ASSY | B4: =COUNTIF(AVL!#REF!,Summary!A4) -> #REF! | C4: Assy line
A5: DNP | B5: =COUNTIF(AVL!#REF!,Summary!A5) -> #REF! | C5: Do Not Purchase
A6: BFE | B6: =COUNTIF(AVL!#REF!,Summary!A6) -> #REF! | C6: Elta supply parts | D6: Yes | E6: No | H6: Yet to share the delivery dates
A7: Duplicate | B7: =COUNTIF(AVL!#REF!,Summary!A7) -> #REF! | C7: 2 lines merged to 1 line | D7: DD Available | E7: DD yet to receive | F7: Suppliers | G7: No of Items | H7: Remarks
A8: Ordered | B8: =COUNTIF(AVL!#REF!,Summary!A8) -> #REF! | C8: Ordered, Need to followup for the delivery dates | D8: =COUNTIFS(AVL!#REF!,Summary!D6) -> #REF! | E8: =B8-D8 -> #REF! | F8: Aran | G8: 2
A9: Production consumables | B9: =COUNTIF(AVL!#REF!,Summary!A9) -> #REF! | C9: Ordered | G9: =COUNTIFS(AVL!#REF!,Summary!$E$6,AVL!X:X,Summary!F9) -> #REF!
A10: Ordered-DNP | B10: =COUNTIF(AVL!#REF!,Summary!A10) -> #REF! | C10: Due to design change made DNP | F10: Total | G10: =SUM(G8:G9) -> #REF!
A11: Ordered-Clarification | B11: =COUNTIF(AVL!#REF!,Summary!A11) -> #REF! | C11: Gopalan
A12: Ordered-EUS | B12: =COUNTIF(AVL!#REF!,Summary!A12) -> #REF! | C12: RFMW
A13: BFE-Clarification | B13: =COUNTIF(AVL!#REF!,Summary!A13) -> #REF! | C13: 6931A550-001
A14: Total line items | B14: =SUM(B4:B13) -> #REF!
A27: Supplier | B27: No of Items | C27: Remarks | D27: PO Value Amt in USD | E27: Leadtime in weeks | F27: Required Payment | G27: Curr
A28: ASSY | B28: =COUNTIFS(AVL!X:X,Summary!A28) -> 18 | D28: =SUMIFS(AVL!#REF!,AVL!X:X,Summary!A28) -> #REF! | E28: =_xlfn.MAXIFS(AVL!#REF!,AVL!X:X,Summary!A28) -> #REF!
A29: Star Light/Huang Ling | B29: =COUNTIFS(AVL!X:X,Summary!A29) -> 10 | C29: Payment | D29: =SUMIFS(AVL!#REF!,AVL!X:X,Summary!A29) -> #REF! | E29: =_xlfn.MAXIFS(AVL!#REF!,AVL!X:X,Summary!A29) -> #REF! | F29: 168214.83 | G29: USD
A30: YAEL Y.A.D | B30: =COUNTIFS(AVL!X:X,Summary!A30) -> 1 | C30: Payment | D30: =SUMIFS(AVL!#REF!,AVL!X:X,Summary!A30) -> #REF! | E30: =_xlfn.MAXIFS(AVL!#REF!,AVL!X:X,Summary!A30) -> #REF! | F30: =D30 -> #REF! | G30: USD
A31: Phoenix | B31: =COUNTIFS(AVL!X:X,Summary!A31) -> 7 | D31: =SUMIFS(AVL!#REF!,AVL!X:X,Summary!A31) -> #REF! | E31: =_xlfn.MAXIFS(AVL!#REF!,AVL!X:X,Summary!A31) -> #REF!
A32: Rabyte Technologies LLP | B32: =COUNTIFS(AVL!X:X,Summary!A32) -> 4 | D32: =SUMIFS(AVL!#REF!,AVL!X:X,Summary!A32) -> #REF! | E32: =_xlfn.MAXIFS(AVL!#REF!,AVL!X:X,Summary!A32) -> #REF!
A33: TTI | B33: =COUNTIFS(AVL!X:X,Summary!A33) -> 0 | C33: Payment | D33: =SUMIFS(AVL!#REF!,AVL!X:X,Summary!A33) -> #REF! | E33: =_xlfn.MAXIFS(AVL!#REF!,AVL!X:X,Summary!A33) -> #REF! | F33: =D33 -> #REF! | G33: USD
A34: Consumables | B34: =COUNTIFS(AVL!X:X,Summary!A34) -> 5 | D34: =SUMIFS(AVL!#REF!,AVL!X:X,Summary!A34) -> #REF! | E34: =_xlfn.MAXIFS(AVL!#REF!,AVL!X:X,Summary!A34) -> #REF!
A35: Kaytech | B35: =COUNTIFS(AVL!X:X,Summary!A35) -> 87 | C35: Payment | D35: =SUMIFS(AVL!#REF!,AVL!X:X,Summary!A35) -> #REF! | E35: =_xlfn.MAXIFS(AVL!#REF!,AVL!X:X,Summary!A35) -> #REF! | F35: =D35 -> #REF! | G35: USD
A36: AMPHENOL Canada | B36: =COUNTIFS(AVL!X:X,Summary!A36) -> 1 | C36: Payment | D36: =SUMIFS(AVL!#REF!,AVL!X:X,Summary!A36) -> #REF! | E36: =_xlfn.MAXIFS(AVL!#REF!,AVL!X:X,Summary!A36) -> #REF! | F36: =D36 -> #REF! | G36: USD
A37: Agoran | B37: =COUNTIFS(AVL!X:X,Summary!A37) -> 1 | D37: =SUMIFS(AVL!#REF!,AVL!X:X,Summary!A37) -> #REF! | E37: =_xlfn.MAXIFS(AVL!#REF!,AVL!X:X,Summary!A37) -> #REF!
A38: DNP | B38: =COUNTIFS(AVL!X:X,Summary!A38) -> 35 | D38: =SUMIFS(AVL!#REF!,AVL!X:X,Summary!A38) -> #REF! | E38: =_xlfn.MAXIFS(AVL!#REF!,AVL!X:X,Summary!A38) -> #REF!
A39: Ackerman | B39: =COUNTIFS(AVL!X:X,Summary!A39) -> 22 | D39: =SUMIFS(AVL!#REF!,AVL!X:X,Summary!A39) -> #REF! | E39: =_xlfn.MAXIFS(AVL!#REF!,AVL!X:X,Summary!A39) -> #REF!
A40: TBD | B40: =COUNTIFS(AVL!X:X,Summary!A40) -> 0 | D40: =SUMIFS(AVL!#REF!,AVL!X:X,Summary!A40) -> #REF! | E40: =_xlfn.MAXIFS(AVL!#REF!,AVL!X:X,Summary!A40) -> #REF!
A41: Wave Mechanics | B41: =COUNTIFS(AVL!X:X,Summary!A41) -> 30 | D41: =SUMIFS(AVL!#REF!,AVL!X:X,Summary!A41) -> #REF! | E41: =_xlfn.MAXIFS(AVL!#REF!,AVL!X:X,Summary!A41) -> #REF!
A42: Simat | B42: =COUNTIFS(AVL!X:X,Summary!A42) -> 0 | C42: Payment | D42: =SUMIFS(AVL!#REF!,AVL!X:X,Summary!A42) -> #REF! | E42: =_xlfn.MAXIFS(AVL!#REF!,AVL!X:X,Summary!A42) -> #REF! | F42: =D42 -> #REF! | G42: USD
A43: REMTEC | B43: =COUNTIFS(AVL!X:X,Summary!A43) -> 1 | C43: Payment | D43: =SUMIFS(AVL!#REF!,AVL!X:X,Summary!A43) -> #REF! | E43: =_xlfn.MAXIFS(AVL!#REF!,AVL!X:X,Summary!A43) -> #REF! | F43: 71908.4 | G43: USD
A44: Chemograf | B44: =COUNTIFS(AVL!X:X,Summary!A44) -> 2 | D44: =SUMIFS(AVL!#REF!,AVL!X:X,Summary!A44) -> #REF! | E44: =_xlfn.MAXIFS(AVL!#REF!,AVL!X:X,Summary!A44) -> #REF!
A45: BFE | B45: =COUNTIFS(AVL!X:X,Summary!A45) -> 13 | D45: =SUMIFS(AVL!#REF!,AVL!X:X,Summary!A45) -> #REF! | E45: =_xlfn.MAXIFS(AVL!#REF!,AVL!X:X,Summary!A45) -> #REF!
A46: Gumiyan | B46: =COUNTIFS(AVL!X:X,Summary!A46) -> 10 | D46: =SUMIFS(AVL!#REF!,AVL!X:X,Summary!A46) -> #REF! | E46: =_xlfn.MAXIFS(AVL!#REF!,AVL!X:X,Summary!A46) -> #REF!
A47: Boardtek | B47: =COUNTIFS(AVL!X:X,Summary!A47) -> 0 | D47: =SUMIFS(AVL!#REF!,AVL!X:X,Summary!A47) -> #REF! | E47: =_xlfn.MAXIFS(AVL!#REF!,AVL!X:X,Summary!A47) -> #REF!
A48: Ascotech | B48: =COUNTIFS(AVL!X:X,Summary!A48) -> 3 | D48: =SUMIFS(AVL!#REF!,AVL!X:X,Summary!A48) -> #REF! | E48: =_xlfn.MAXIFS(AVL!#REF!,AVL!X:X,Summary!A48) -> #REF!
A49: DCX | B49: =COUNTIFS(AVL!X:X,Summary!A49) -> 9 | D49: =SUMIFS(AVL!#REF!,AVL!X:X,Summary!A49) -> #REF! | E49: =_xlfn.MAXIFS(AVL!#REF!,AVL!X:X,Summary!A49) -> #REF!
A50: DCX Chol | B50: =COUNTIFS(AVL!X:X,Summary!A50) -> 1 | D50: =SUMIFS(AVL!#REF!,AVL!X:X,Summary!A50) -> #REF! | E50: =_xlfn.MAXIFS(AVL!#REF!,AVL!X:X,Summary!A50) -> #REF!
A51: Elbatech | B51: =COUNTIFS(AVL!X:X,Summary!A51) -> 16 | D51: =SUMIFS(AVL!#REF!,AVL!X:X,Summary!A51) -> #REF! | E51: =_xlfn.MAXIFS(AVL!#REF!,AVL!X:X,Summary!A51) -> #REF!
A52: Star Light | B52: =COUNTIFS(AVL!X:X,Summary!A52) -> 0 | D52: =SUMIFS(AVL!#REF!,AVL!X:X,Summary!A52) -> #REF! | E52: =_xlfn.MAXIFS(AVL!#REF!,AVL!X:X,Summary!A52) -> #REF!
A53: Pronat | B53: =COUNTIFS(AVL!X:X,Summary!A53) -> 11 | C53: Payment | D53: =SUMIFS(AVL!#REF!,AVL!X:X,Summary!A53) -> #REF! | E53: =_xlfn.MAXIFS(AVL!#REF!,AVL!X:X,Summary!A53) -> #REF! | F53: 21884.2 | G53: USD
A54: EIM | B54: =COUNTIFS(AVL!X:X,Summary!A54) -> 0 | D54: =SUMIFS(AVL!#REF!,AVL!X:X,Summary!A54) -> #REF! | E54: =_xlfn.MAXIFS(AVL!#REF!,AVL!X:X,Summary!A54) -> #REF!
A55: MTI | B55: =COUNTIFS(AVL!X:X,Summary!A55) -> 6 | C55: Payment | D55: =SUMIFS(AVL!#REF!,AVL!X:X,Summary!A55) -> #REF! | E55: =_xlfn.MAXIFS(AVL!#REF!,AVL!X:X,Summary!A55) -> #REF! | F55: =D55 -> #REF! | G55: USD
A56: Starlight | B56: =COUNTIFS(AVL!X:X,Summary!A56) -> 3 | D56: =SUMIFS(AVL!#REF!,AVL!X:X,Summary!A56) -> #REF! | E56: =_xlfn.MAXIFS(AVL!#REF!,AVL!X:X,Summary!A56) -> #REF!
A57: Nicomatic | B57: =COUNTIFS(AVL!X:X,Summary!A57) -> 1 | C57: Payment | D57: =SUMIFS(AVL!#REF!,AVL!X:X,Summary!A57) -> #REF! | E57: =_xlfn.MAXIFS(AVL!#REF!,AVL!X:X,Summary!A57) -> #REF! | F57: =1070000*0.012 -> 12840 | G57: USD
A58: Ecomal | B58: =COUNTIFS(AVL!X:X,Summary!A58) -> 42 | D58: =SUMIFS(AVL!#REF!,AVL!X:X,Summary!A58) -> #REF! | E58: =_xlfn.MAXIFS(AVL!#REF!,AVL!X:X,Summary!A58) -> #REF!
A59: Cidev | B59: =COUNTIFS(AVL!X:X,Summary!A59) -> 0 | D59: =SUMIFS(AVL!#REF!,AVL!X:X,Summary!A59) -> #REF! | E59: =_xlfn.MAXIFS(AVL!#REF!,AVL!X:X,Summary!A59) -> #REF! | F59: 70897.37
A60: Arrow Rapac Ltd | B60: =COUNTIFS(AVL!X:X,Summary!A60) -> 15 | D60: =SUMIFS(AVL!#REF!,AVL!X:X,Summary!A60) -> #REF! | E60: =_xlfn.MAXIFS(AVL!#REF!,AVL!X:X,Summary!A60) -> #REF!
A61: Mouser | B61: =COUNTIFS(AVL!X:X,Summary!A61) -> 6 | D61: =SUMIFS(AVL!#REF!,AVL!X:X,Summary!A61) -> #REF! | E61: =_xlfn.MAXIFS(AVL!#REF!,AVL!X:X,Summary!A61) -> #REF!
A62: STG | B62: =COUNTIFS(AVL!X:X,Summary!A62) -> 11 | D62: =SUMIFS(AVL!#REF!,AVL!X:X,Summary!A62) -> #REF! | E62: =_xlfn.MAXIFS(AVL!#REF!,AVL!X:X,Summary!A62) -> #REF!
A63: Nisko | B63: =COUNTIFS(AVL!X:X,Summary!A63) -> 3 | D63: =SUMIFS(AVL!#REF!,AVL!X:X,Summary!A63) -> #REF! | E63: =_xlfn.MAXIFS(AVL!#REF!,AVL!X:X,Summary!A63) -> #REF!
A64: Avnet Asia | B64: =COUNTIFS(AVL!X:X,Summary!A64) -> 4 | D64: =SUMIFS(AVL!#REF!,AVL!X:X,Summary!A64) -> #REF! | E64: =_xlfn.MAXIFS(AVL!#REF!,AVL!X:X,Summary!A64) -> #REF!
A65: Avnet Abacus | B65: =COUNTIFS(AVL!X:X,Summary!A65) -> 0 | C65: Payment | D65: =SUMIFS(AVL!#REF!,AVL!X:X,Summary!A65) -> #REF! | E65: =_xlfn.MAXIFS(AVL!#REF!,AVL!X:X,Summary!A65) -> #REF! | F65: =D65 -> #REF! | G65: USD
A66: CIDEV GROUP LTD | B66: =COUNTIFS(AVL!X:X,Summary!A66) -> 3 | D66: =SUMIFS(AVL!#REF!,AVL!X:X,Summary!A66) -> #REF! | E66: =_xlfn.MAXIFS(AVL!#REF!,AVL!X:X,Summary!A66) -> #REF!
A67: WTM | B67: =COUNTIFS(AVL!X:X,Summary!A67) -> 2 | C67: Payment | D67: =SUMIFS(AVL!#REF!,AVL!X:X,Summary!A67) -> #REF! | E67: =_xlfn.MAXIFS(AVL!#REF!,AVL!X:X,Summary!A67) -> #REF! | F67: =D67 -> #REF! | G67: USD
A68: Air Electro, Inc. | B68: =COUNTIFS(AVL!X:X,Summary!A68) -> 4 | D68: =SUMIFS(AVL!#REF!,AVL!X:X,Summary!A68) -> #REF! | E68: =_xlfn.MAXIFS(AVL!#REF!,AVL!X:X,Summary!A68) -> #REF!
A69: FTC | B69: =COUNTIFS(AVL!X:X,Summary!A69) -> 1 | C69: Payment | D69: =SUMIFS(AVL!#REF!,AVL!X:X,Summary!A69) -> #REF! | E69: =_xlfn.MAXIFS(AVL!#REF!,AVL!X:X,Summary!A69) -> #REF! | F69: =D69 -> #REF! | G69: USD
A70: EBV | B70: =COUNTIFS(AVL!X:X,Summary!A70) -> 4 | D70: =SUMIFS(AVL!#REF!,AVL!X:X,Summary!A70) -> #REF! | E70: =_xlfn.MAXIFS(AVL!#REF!,AVL!X:X,Summary!A70) -> #REF!
A71: Nextwave/IMS | B71: =COUNTIFS(AVL!X:X,Summary!A71) -> 2 | C71: Payment | D71: =SUMIFS(AVL!#REF!,AVL!X:X,Summary!A71) -> #REF! | E71: =_xlfn.MAXIFS(AVL!#REF!,AVL!X:X,Summary!A71) -> #REF! | F71: =D71 -> #REF! | G71: USD
A72: Future Electronics | B72: =COUNTIFS(AVL!X:X,Summary!A72) -> 0 | C72: Payment | D72: =SUMIFS(AVL!#REF!,AVL!X:X,Summary!A72) -> #REF! | E72: =_xlfn.MAXIFS(AVL!#REF!,AVL!X:X,Summary!A72) -> #REF! | F72: =D72 -> #REF! | G72: USD
A73: Shirtech | B73: =COUNTIFS(AVL!X:X,Summary!A73) -> 1 | D73: =SUMIFS(AVL!#REF!,AVL!X:X,Summary!A73) -> #REF! | E73: =_xlfn.MAXIFS(AVL!#REF!,AVL!X:X,Summary!A73) -> #REF!
A74: RAY-Q | B74: =COUNTIFS(AVL!X:X,Summary!A74) -> 2 | D74: =SUMIFS(AVL!#REF!,AVL!X:X,Summary!A74) -> #REF! | E74: =_xlfn.MAXIFS(AVL!#REF!,AVL!X:X,Summary!A74) -> #REF!
A75: Seamax | B75: =COUNTIFS(AVL!X:X,Summary!A75) -> 3 | C75: Payment | D75: =SUMIFS(AVL!#REF!,AVL!X:X,Summary!A75) -> #REF! | E75: =_xlfn.MAXIFS(AVL!#REF!,AVL!X:X,Summary!A75) -> #REF! | F75: =D75 -> #REF! | G75: USD
A76: Avdor Technology | B76: =COUNTIFS(AVL!X:X,Summary!A76) -> 2 | C76: Payment | D76: =SUMIFS(AVL!#REF!,AVL!X:X,Summary!A76) -> #REF! | E76: =_xlfn.MAXIFS(AVL!#REF!,AVL!X:X,Summary!A76) -> #REF! | F76: =D76 -> #REF! | G76: USD
A77: MCDI | B77: =COUNTIFS(AVL!X:X,Summary!A77) -> 1 | C77: Payment | D77: =SUMIFS(AVL!#REF!,AVL!X:X,Summary!A77) -> #REF! | E77: =_xlfn.MAXIFS(AVL!#REF!,AVL!X:X,Summary!A77) -> #REF! | F77: =D77 -> #REF! | G77: USD
A78: SAMTEC | B78: =COUNTIFS(AVL!X:X,Summary!A78) -> 2 | C78: Payment | D78: =SUMIFS(AVL!#REF!,AVL!X:X,Summary!A78) -> #REF! | E78: =_xlfn.MAXIFS(AVL!#REF!,AVL!X:X,Summary!A78) -> #REF! | F78: 24060 | G78: USD
A79: Qorvo | B79: =COUNTIFS(AVL!X:X,Summary!A79) -> 1 | D79: =SUMIFS(AVL!#REF!,AVL!X:X,Summary!A79) -> #REF! | E79: =_xlfn.MAXIFS(AVL!#REF!,AVL!X:X,Summary!A79) -> #REF!
A80: AM Components | B80: =COUNTIFS(AVL!X:X,Summary!A80) -> 1 | C80: Payment | D80: =SUMIFS(AVL!#REF!,AVL!X:X,Summary!A80) -> #REF! | E80: =_xlfn.MAXIFS(AVL!#REF!,AVL!X:X,Summary!A80) -> #REF! | F80: =D80 -> #REF! | G80: USD
A81: RFMW | B81: =COUNTIFS(AVL!X:X,Summary!A81) -> 7 | C81: Payment | D81: =SUMIFS(AVL!#REF!,AVL!X:X,Summary!A81) -> #REF! | E81: =_xlfn.MAXIFS(AVL!#REF!,AVL!X:X,Summary!A81) -> #REF! | F81: 43937.5 | G81: USD
A82: Total | B82: =SUM(B28:B81) -> 414 | D82: =SUM(D28:D81) -> #REF! | F82: =SUM(F28:F81) -> #REF!

Sheet Sheet3
A1: Row Labels | B1: Sum of Open PO value
A2: A. M. Designs Pvt. Ltd.
A3: A.M. COMPONENTS (2005) LTD
A4: Ackerman Printing
A5: ACKERMAN Printing & Photoanodize LTD | B5: 480
A6: ADVANCED ELECTROMAGNETICS INC
A7: AGAM Technology | B7: 94080
A8: Agoran Ltd
A9: Air Electro, Inc. | B9: 6.8
A10: Alcoats
A11: Amar Radio
A12: AMPHENOL CANADA
A13: Andre Machining LTD
A14: Aqua Engineering Services
A15: Aran Research, Development and Models Ltd
A16: ARROW RAPAC LTD
A17: Ascotech Electronics Ltd | B17: 162279 | C17: s
A18: Aspocomp Group Plc | B18: 295517.2 | C18: s
A19: Astute Electronics Inc.
A20: Atagasthya Packaging Pvt Ltd | B20: 6877.48
A21: Avdor Technology Ltd.
A22: Avnet Asia Pte. Ltd.
A23: Avnet ASIC | B23: 5356360
A24: Caravan Oil Suppliers
A25: Chemograf LTD
A26: CIDEV GROUP LTD
A27: DCX | B27: 242452.93
A28: DCX-CHOL
A29: Digikey
A30: Divyanshi Aviation Services Pvt. Ltd
A31: EBV Elektronik Israel (2008) LTD
A32: Ecomal Israel Ltd.
A33: EIM Systems and Components (1999) Ltd. | B33: 49619 | C33: s
A34: Elbatech ltd | B34: 95909.4 | C34: s
A35: Elbatech ltd. | B35: 4297403.2 | C35: s
A36: Electro Enterprises New York LLC
A37: Elipse Engineering | B37: 5169440
A38: Fastener Technology Corp.
A39: FED-SPECS
A40: Future Electronics
A41: Godrej & Boyce Manufacturing Company Ltd | B41: 3888389
A42: GOPALAN AEROSPACE (INDIA) PVT LTD | B42: 2920145
A43: Gopalan Aerospace India Pvt. Ltd. | B43: 1805.76
A44: GUMIYAN RUBBER INDUSTRY LTD | B44: 938
A45: HUANG LIANG TECHNOLOGIES CO., LTD
A46: Huang Ling Technology | B46: 520909.35 | C46: s
A47: Huber and Suhner Electronics Pvt Ltd
A48: IAI Elta systems Ltd | B48: 89155.6
A49: IMCD Israel Speciality Chemicals And Ingredients
A50: INTERNATIONAL MANUFACTURING SERVICES INC., (IMS)
A51: Kaytech | B51: 37.412
A52: Kaytech Industries Corp | B52: 3677.255
A53: LGG Tools | B53: 8119.8
A54: Micropack | B54: 3500
A55: Military Fasteners
A56: Mini Circuits
A57: Mouser
A58: Mouser Electronics
A59: MTI
A60: NextWave Technologies Ltd.
A61: Nicomatic India Electronics Pvt Ltd
A62: Nisko | B62: 2817.5
A63: NISKO PROJECTS ELECTRONICS & COMMUNICATION (1999) LTD.
A64: Ohm Power Solutions Ltd | B64: 9334380
A65: Omniscient Associates
A66: Online components
A67: PCB tech
A68: PHOENIX TECHNOLOGIES LTD.
A69: Pronat Industries Ltd | B69: 36575.4 | C69: s
A70: Qorvo US, Inc
A71: RABYTE PTE LTD
A72: RANEAL ADVANCED SYSTEMS PVT LTD | B72: 394108.22
A73: RAPID TECHNOLOGY SOLUTIONS
A74: Ray-Q Interconnection Technologies India Pvt Ltd
A75: Remtec, Inc. | B75: 69107.5 | C75: s
A76: RFMW Asia Pte Ltd
A77: SAMTEC ASIA PACIFIC PTE LTD | B77: 20050
A78: Sanvi Connectronics
A79: SEAMAX ENGINEERING PTE LTD
A80: SHIRTECH LTD
A81: Simat Industries Ltd.
A82: Spectra Innovations INC
A83: STAR LIGHT TECHNOLOGIES LTD
A84: Starlight | B84: 87680 | C84: s
A85: STG International Ltd
A86: TTI INC
A87: Univa Technologies PTE LTD
A88: Wave Mechanics Private Limited | B88: 3247610
A89: WTM
A90: YAEL Y.A.D TECHNOLOGIES LTD.
A91: YAIL NOA LTD AGENCIES
A92: Iconix-Cancelled | B92: 0
A93: Grand Total | B93: 36399431

Sheet AVL
BG1: project plan | CM1: demand
A3: S
A4: 4 | Z4: 4 | BD4: ANTENNA 2026 F\Assy | BE4: 0 | BF4: 6931A105-001 | BK4: 8 | BL4: 8 | BM4: 8 | BN4: 8 | BO4: 8 | BP4: 8 | BQ4: 8 | BR4: 8 | BS4: 8 | BT4: 8 | BU4: 8 | BV4: 8 | BW4: 6 | CJ4: ANTENNA 2026 F\Assy | CK4: 0 | CL4: 6931A105-001 | CQ4: =BK4 -> 8 | CR4: =BL4 -> 8 | CS4: =BM4 -> 8 | CT4: =BN4 -> 8 | CU4: =BO4 -> 8 | CV4: =BP4 -> 8 | CW4: =BQ4 -> 8 | CX4: =BR4 -> 8 | ... DO4: =CI4 -> 0
A5: 4 | BD5: FAN UNIT | BE5: 1 | BF5: 6931A450-001 | BK5: 8 | BL5: 8 | BM5: 8 | BN5: 8 | BO5: 8 | BP5: 8 | BQ5: 8 | BR5: 8 | BS5: 8 | BT5: 8 | BU5: 8 | BV5: 8 | BW5: 6 | CJ5: FAN UNIT | CK5: 1 | CL5: 6931A450-001 | CQ5: =BK5 -> 8 | CR5: =BL5 -> 8 | CS5: =BM5 -> 8 | CT5: =BN5 -> 8 | CU5: =BO5 -> 8 | CV5: =BP5 -> 8 | CW5: =BQ5 -> 8 | CX5: =BR5 -> 8 | ... DO5: =CI5 -> 0
A6: 4 | BD6: SMR GROUP LEFT | BE6: 1 | BF6: 6931A080-001 | BK6: 8 | BL6: 8 | BM6: 8 | BN6: 8 | BO6: 8 | BP6: 8 | BQ6: 8 | BR6: 8 | BS6: 8 | BT6: 8 | BU6: 8 | BV6: 8 | BW6: 6 | CJ6: SMR GROUP LEFT | CK6: 1 | CL6: 6931A080-001 | CQ6: =BK6 -> 8 | CR6: =BL6 -> 8 | CS6: =BM6 -> 8 | CT6: =BN6 -> 8 | CU6: =BO6 -> 8 | CV6: =BP6 -> 8 | CW6: =BQ6 -> 8 | CX6: =BR6 -> 8 | ... DO6: =CI6 -> 0
A7: 8 | BD7: RF ADAPTOR F\ASSY | BE7: 2 | BF7: 1094Y690-001 | BK7: 8 | BL7: 8 | BM7: 8 | BN7: 8 | BO7: 8 | BP7: 8 | BQ7: 8 | BR7: 8 | BS7: 8 | BT7: 8 | BU7: 8 | BV7: 8 | BW7: 6 | CJ7: RF ADAPTOR F\ASSY | CK7: 2 | CL7: 1094Y690-001 | CQ7: =BK7 -> 8 | CR7: =BL7 -> 8 | CS7: =BM7 -> 8 | CT7: =BN7 -> 8 | CU7: =BO7 -> 8 | CV7: =BP7 -> 8 | CW7: =BQ7 -> 8 | CX7: =BR7 -> 8 | ... DO7: =CI7 -> 0
A8: 4 | BD8: SMR GROUP RIGHT | BE8: 1 | BF8: 6931A090-001 | BK8: 8 | BL8: 8 | BM8: 8 | BN8: 8 | BO8: 8 | BP8: 8 | BQ8: 8 | BR8: 8 | BS8: 8 | BT8: 8 | BU8: 8 | BV8: 8 | BW8: 6 | CJ8: SMR GROUP RIGHT | CK8: 1 | CL8: 6931A090-001 | CQ8: =BK8 -> 8 | CR8: =BL8 -> 8 | CS8: =BM8 -> 8 | CT8: =BN8 -> 8 | CU8: =BO8 -> 8 | CV8: =BP8 -> 8 | CW8: =BQ8 -> 8 | CX8: =BR8 -> 8 | ... DO8: =CI8 -> 0
A9: 8 | BD9: RF ADAPTOR F\ASSY | BE9: 2 | BF9: 1094Y690-001 | BK9: 8 | BL9: 8 | BM9: 8 | BN9: 8 | BO9: 8 | BP9: 8 | BQ9: 8 | BR9: 8 | BS9: 8 | BT9: 8 | BU9: 8 | BV9: 8 | BW9: 6 | CJ9: RF ADAPTOR F\ASSY | CK9: 2 | CL9: 1094Y690-001 | CQ9: =BK9 -> 8 | CR9: =BL9 -> 8 | CS9: =BM9 -> 8 | CT9: =BN9 -> 8 | CU9: =BO9 -> 8 | CV9: =BP9 -> 8 | CW9: =BQ9 -> 8 | CX9: =BR9 -> 8 | ... DO9: =CI9 -> 0
A10: 4 | BD10: 2026 ANTENNA CONTROLLER | BE10: 2 | BF10: 6931A200-001 | BK10: 8 | BL10: 8 | BM10: 8 | BN10: 8 | BO10: 8 | BP10: 8 | BQ10: 8 | BR10: 8 | BS10: 8 | BT10: 8 | BU10: 8 | BV10: 8 | BW10: 14 | CJ10: 2026 ANTENNA CONTROLLER | CK10: 2 | CL10: 6931A200-001 | CQ10: =BK10 -> 8 | CR10: =BL10 -> 8 | CS10: =BM10 -> 8 | CT10: =BN10 -> 8 | CU10: =BO10 -> 8 | CV10: =BP10 -> 8 | CW10: =BQ10 -> 8 | CX10: =BR10 -> 8 | ... DO10: =CI10 -> 0
BD11: Antenna F\Assy | BE11: 0 | BF11: 1038B800-001 | BK11: 16 | BL11: 16 | BM11: 16 | BN11: 16 | BO11: 8 | BP11: 8 | BQ11: 8 | BR11: 8 | BS11: 8 | BT11: 8 | BU11: 8 | BV11: 8 | CJ11: Antenna F\Assy | CK11: 0 | CL11: 1038B800-001 | CQ11: =BK11 -> 16 | CR11: =BL11 -> 16 | CS11: =BM11 -> 16 | CT11: =BN11 -> 16 | CU11: =BO11 -> 8 | CV11: =BP11 -> 8 | CW11: =BQ11 -> 8 | CX11: =BR11 -> 8 | ... DO11: =CI11 -> 0
Z12: 10 | BD12: TRA F\ASSY | BE12: 1 | BF12: 1038B900-001 | BK12: 35 | BL12: 35 | BM12: 35 | BN12: 30 | BO12: 30 | BP12: 30 | BQ12: 30 | BR12: 30 | BS12: 30 | BT12: 30 | BU12: 30 | BV12: 14 | CJ12: TRA F\ASSY | CK12: 1 | CL12: 1038B900-001 | CQ12: =BK12 -> 35 | CR12: =BL12 -> 35 | CS12: =BM12 -> 35 | CT12: =BN12 -> 30 | CU12: =BO12 -> 30 | CV12: =BP12 -> 30 | CW12: =BQ12 -> 30 | CX12: =BR12 -> 30 | ... DO12: =CI12 -> 0
BD13: TRA S\ASSY | BE13: 2 | BF13: 1096M291-001 | BK13: 35 | BL13: 35 | BM13: 35 | BN13: 30 | BO13: 30 | BP13: 30 | BQ13: 30 | BR13: 30 | BS13: 30 | BT13: 30 | BU13: 30 | BV13: 14 | CJ13: TRA S\ASSY | CK13: 2 | CL13: 1096M291-001 | CQ13: =BK13 -> 35 | CR13: =BL13 -> 35 | CS13: =BM13 -> 35 | CT13: =BN13 -> 30 | CU13: =BO13 -> 30 | CV13: =BP13 -> 30 | CW13: =BQ13 -> 30 | CX13: =BR13 -> 30 | ... DO13: =CI13 -> 0
BD14: TRA PC ASSY | BE14: 3 | BF14: 1096M290-001 | BK14: 35 | BL14: 35 | BM14: 35 | BN14: 30 | BO14: 30 | BP14: 30 | BQ14: 30 | BR14: 30 | BS14: 30 | BT14: 30 | BU14: 30 | BV14: 14 | CJ14: TRA PC ASSY | CK14: 3 | CL14: 1096M290-001 | CQ14: =BK14 -> 35 | CR14: =BL14 -> 35 | CS14: =BM14 -> 35 | CT14: =BN14 -> 30 | CU14: =BO14 -> 30 | CV14: =BP14 -> 30 | CW14: =BQ14 -> 30 | CX14: =BR14 -> 30 | ... DO14: =CI14 -> 0
BD15: ANTENNA CONTROLLER PC/ASSY TRA | BE15: 3 | BF15: 1039H771-001 | BK15: 35 | BL15: 35 | BM15: 35 | BN15: 35 | BO15: 35 | BP15: 35 | BQ15: 35 | BR15: 35 | BS15: 35 | BT15: 35 | CJ15: ANTENNA CONTROLLER PC/ASSY TRA | CK15: 3 | CL15: 1039H771-001 | CQ15: =BK15 -> 35 | CR15: =BL15 -> 35 | CS15: =BM15 -> 35 | CT15: =BN15 -> 35 | CU15: =BO15 -> 35 | CV15: =BP15 -> 35 | CW15: =BQ15 -> 35 | CX15: =BR15 -> 35 | ... DO15: =CI15 -> 0
BD16: RA F\ASSY | BE16: 1 | BF16: 1038B930-001 | BK16: 43 | BL16: 35 | BM16: 30 | BN16: 30 | BO16: 30 | BP16: 30 | BQ16: 30 | BR16: 30 | BS16: 30 | BT16: 30 | BU16: 30 | CJ16: RA F\ASSY | CK16: 1 | CL16: 1038B930-001 | CQ16: =BK16 -> 43 | CR16: =BL16 -> 35 | CS16: =BM16 -> 30 | CT16: =BN16 -> 30 | CU16: =BO16 -> 30 | CV16: =BP16 -> 30 | CW16: =BQ16 -> 30 | CX16: =BR16 -> 30 | ... DO16: =CI16 -> 0
BD17: RA S\ASSY | BE17: 2 | BF17: 1096M281-001 | BK17: 43 | BL17: 35 | BM17: 30 | BN17: 30 | BO17: 30 | BP17: 30 | BQ17: 30 | BR17: 30 | BS17: 30 | BT17: 30 | BU17: 30 | CJ17: RA S\ASSY | CK17: 2 | CL17: 1096M281-001 | CQ17: =BK17 -> 43 | CR17: =BL17 -> 35 | CS17: =BM17 -> 30 | CT17: =BN17 -> 30 | CU17: =BO17 -> 30 | CV17: =BP17 -> 30 | CW17: =BQ17 -> 30 | CX17: =BR17 -> 30 | ... DO17: =CI17 -> 0
BD18: RA PC ASSY | BE18: 3 | BF18: 1096M280-001 | BK18: 43 | BL18: 35 | BM18: 30 | BN18: 30 | BO18: 30 | BP18: 30 | BQ18: 30 | BR18: 30 | BS18: 30 | BT18: 30 | BU18: 30 | CJ18: RA PC ASSY | CK18: 3 | CL18: 1096M280-001 | CQ18: =BK18 -> 43 | CR18: =BL18 -> 35 | CS18: =BM18 -> 30 | CT18: =BN18 -> 30 | CU18: =BO18 -> 30 | CV18: =BP18 -> 30 | CW18: =BQ18 -> 30 | CX18: =BR18 -> 30 | ... DO18: =CI18 -> 0
G19: ANTENNA 2026 F\Assy | H19: FAN UNIT | I19: SMR GROUP LEFT | J19: RF ADAPTOR F\ASSY | K19: SMR GROUP RIGHT | L19: RF ADAPTOR F\ASSY | M19: 2026 ANTENNA CONTROLLER | N19: Antenna F\Assy | O19: TRA F\ASSY | P19: TRA S\ASSY | Q19: TRA PC ASSY | R19: ANTENNA CONTROLLER PC/ASSY TRA | S19: RA F\ASSY | T19: RA S\ASSY | U19: RA PC ASSY | V19: ANTENNA CONTROLLER PC/ASSY TRA | W19: PLANNAR | AA19: eta | BD19: ANTENNA CONTROLLER PC/ASSY RA | BE19: 3 | BF19: 1039H771-001 | BK19: 35 | BL19: 35 | BM19: 35 | BN19: 35 | BO19: 35 | BP19: 35 | BQ19: 35 | BR19: 35 | BS19: 35 | CJ19: ANTENNA CONTROLLER PC/ASSY RA | CK19: 3 | CL19: 1039H771-001 | CQ19: =BK19 -> 35 | CR19: =BL19 -> 35 | CS19: =BM19 -> 35 | CT19: =BN19 -> 35 | CU19: =BO19 -> 35 | CV19: =BP19 -> 35 | CW19: =BQ19 -> 35 | CX19: =BR19 -> 35 | ... DO19: =CI19 -> 0
G20: 0 | H20: 1 | I20: 1 | J20: 2 | K20: 1 | L20: 2 | M20: 2 | N20: 0 | O20: 1 | P20: 2 | Q20: 3 | R20: 3 | S20: 1 | T20: 2 | U20: 3 | V20: 3 | W20: 0 | BD20: PLANNAR | BE20: 0 | BF20: 1038B850-001 | BK20: 16 | BL20: 16 | BM20: 16 | BN20: 16 | BO20: 16 | BP20: 16 | BQ20: 16 | BR20: 16 | CJ20: PLANNAR | CK20: 0 | CL20: 1038B850-001 | CQ20: =BK20 -> 16 | CR20: =BL20 -> 16 | CS20: =BM20 -> 16 | CT20: =BN20 -> 16 | CU20: =BO20 -> 16 | CV20: =BP20 -> 16 | CW20: =BQ20 -> 16 | CX20: =BR20 -> 16 | ... DO20: =CI20 -> 0
A21: # | B21: PN_ID | C21: CATALOG | D21: DESCRIPTION | E21: UOM | F21: SUG_MLAI | G21: 6931A105-001 | H21: 6931A450-001 | I21: 6931A080-001 | J21: 1094Y690-001 | K21: 6931A090-001 | L21: 1094Y690-001 | M21: 6931A200-001 | N21: 1038B800-001 | O21: 1038B900-001 | P21: 1096M291-001 | Q21: 1096M290-001 | R21: 1039H771-001 | S21: 1038B930-001 | T21: 1096M281-001 | U21: 1096M280-001 | V21: 1039H771-001 | W21: 1038B850-001 | X21: ספק | Y21: PRICE | Z21: STOCK | AA21: 46113 | AB21: 46143 | AC21: 46174 | AD21: 46204 | AE21: 46235 | AF21: 46266 | AG21: 46296 | AH21: 46327 | AI21: 46357 | AJ21: 46388 | AK21: 46419 | AL21: 46447 | AM21: 46478 | AN21: 46508 | AO21: 46539 | AP21: 46569 | AQ21: 46600 | AR21: 46631 | AS21: 46661 | AT21: 46692 | AU21: 46722 | AV21: 46753 | AW21: 46784 | AX21: 46813 | AY21: 46844 | AZ21: 46874 | BA21: 46905 | BB21: 46935 | BC21: 46966 | BD21: Description | BE21: Level | BF21: PN | BG21: 46113 | BH21: 46143 | BI21: 46174 | BJ21: 46204 | BK21: 46235 | BL21: 46266 | BM21: 46296 | BN21: 46327 | BO21: 46357 | BP21: 46388 | BQ21: 46419 | BR21: 46447 | BS21: 46478 | BT21: 46508 | BU21: 46539 | BV21: 46569 | BW21: 46600 | BX21: 46631 | BY21: 46661 | BZ21: 46692 | CA21: 46722 | CB21: 46753 | CC21: 46784 | CD21: 46813 | CE21: 46844 | CF21: 46874 | CG21: 46905 | CH21: 46935 | CI21: 46966 | CJ21: Description | CK21: Level | CL21: PN | CM21: 46113 | CN21: 46143 | CO21: 46174 | CP21: 46204 | CQ21: 46235 | CR21: 46266 | CS21: 46296 | CT21: 46327 | CU21: 46357 | CV21: 46388 | CW21: 46419 | CX21: 46447 | CY21: 46478 | CZ21: 46508 | DA21: 46539 | DB21: 46569 | DC21: 46600 | DD21: 46631 | DE21: 46661 | DF21: 46692 | DG21: 46722 | DH21: 46753 | DI21: 46784 | DJ21: 46813 | DK21: 46844 | DL21: 46874 | DM21: 46905 | DN21: 46935 | DO21: 46966
A22: 1 | B22: 1038B800-001 | C22: 410883564 | D22: ANTENNA F/ASSY | E22: EA | F22: 1 | G22: 0 | H22: 0 | I22: 0 | J22: 0 | K22: 0 | L22: 0 | M22: 0 | N22: 1 | O22: 0 | P22: 0 | Q22: 0 | R22: 0 | S22: 0 | T22: 0 | U22: 0 | V22: 0 | W22: 0 | X22: ASSY | Y22: 0 | Z22: 0 | AA22: 0 | AB22: 0 | AC22: 0 | AD22: 0 | AE22: 0 | AF22: 0 | AG22: 0 | AH22: 0 | AI22: 0 | AJ22: 0 | AK22: 0 | AL22: 0 | AM22: 0 | AN22: 0 | BK22: =SUM($Z22:AD22)-SUM($CM22:CQ22) -> -16 | BL22: =SUM($Z22:AE22)-SUM($CM22:CR22) -> -32 | BM22: =SUM($Z22:AF22)-SUM($CM22:CS22) -> -48 | BN22: =SUM($Z22:AG22)-SUM($CM22:CT22) -> -64 | BO22: =SUM($Z22:AH22)-SUM($CM22:CU22) -> -72 | BP22: =SUM($Z22:AI22)-SUM($CM22:CV22) -> -80 | BQ22: =SUM($Z22:AJ22)-SUM($CM22:CW22) -> -88 | BR22: =SUM($Z22:AK22)-SUM($CM22:CX22) -> -96 | ... CI22: =SUM($Z22:BB22)-SUM($CM22:DO22) -> -128 | CN22: {=SUMPRODUCT(TRANSPOSE(CN$4:CN$20),$G22:$W22)} -> 0 | CO22: {=SUMPRODUCT(TRANSPOSE(CO$4:CO$20),$G22:$W22)} -> 0 | CP22: {=SUMPRODUCT(TRANSPOSE(CP$4:CP$20),$G22:$W22)} -> 0 | CQ22: {=SUMPRODUCT(TRANSPOSE(CQ$4:CQ$20),$G22:$W22)} -> 16 | CR22: {=SUMPRODUCT(TRANSPOSE(CR$4:CR$20),$G22:$W22)} -> 16 | CS22: {=SUMPRODUCT(TRANSPOSE(CS$4:CS$20),$G22:$W22)} -> 16 | CT22: {=SUMPRODUCT(TRANSPOSE(CT$4:CT$20),$G22:$W22)} -> 16 | CU22: {=SUMPRODUCT(TRANSPOSE(CU$4:CU$20),$G22:$W22)} -> 8 | ... DO22: {=SUMPRODUCT(TRANSPOSE(DO$4:DO$20),$G22:$W22)} -> 0
A23: =A22+1 -> 2 | B23: 01M110-712-60F02M | C23: 418493430 | D23: CBL ASSY COAX SMA(M)-BMA(F) L=712MM | E23: EA | F23: 1 | G23: 0 | H23: 0 | I23: 0 | J23: 0 | K23: 0 | L23: 0 | M23: 0 | N23: 0 | O23: 0 | P23: 0 | Q23: 0 | R23: 0 | S23: 0 | T23: 0 | U23: 0 | V23: 0 | W23: 1 | X23: Star Light/Huang Ling | Y23: 41.1 | Z23: 231 | AA23: 0 | AB23: 0 | AC23: 0 | AD23: 0 | AE23: 0 | AF23: 0 | AG23: 0 | AH23: 0 | AI23: 0 | AJ23: 0 | AK23: 0 | AL23: 0 | AM23: 0 | AN23: 0 | BK23: =SUM($Z23:AD23)-SUM($CM23:CQ23) -> 215 | BL23: =SUM($Z23:AE23)-SUM($CM23:CR23) -> 199 | BM23: =SUM($Z23:AF23)-SUM($CM23:CS23) -> 183 | BN23: =SUM($Z23:AG23)-SUM($CM23:CT23) -> 167 | BO23: =SUM($Z23:AH23)-SUM($CM23:CU23) -> 151 | BP23: =SUM($Z23:AI23)-SUM($CM23:CV23) -> 135 | BQ23: =SUM($Z23:AJ23)-SUM($CM23:CW23) -> 119 | BR23: =SUM($Z23:AK23)-SUM($CM23:CX23) -> 103 | ... CI23: =SUM($Z23:BB23)-SUM($CM23:DO23) -> 103 | CN23: {=SUMPRODUCT(TRANSPOSE(CN$4:CN$20),$G23:$W23)} -> 0 | CO23: {=SUMPRODUCT(TRANSPOSE(CO$4:CO$20),$G23:$W23)} -> 0 | CP23: {=SUMPRODUCT(TRANSPOSE(CP$4:CP$20),$G23:$W23)} -> 0 | CQ23: {=SUMPRODUCT(TRANSPOSE(CQ$4:CQ$20),$G23:$W23)} -> 16 | CR23: {=SUMPRODUCT(TRANSPOSE(CR$4:CR$20),$G23:$W23)} -> 16 | CS23: {=SUMPRODUCT(TRANSPOSE(CS$4:CS$20),$G23:$W23)} -> 16 | CT23: {=SUMPRODUCT(TRANSPOSE(CT$4:CT$20),$G23:$W23)} -> 16 | CU23: {=SUMPRODUCT(TRANSPOSE(CU$4:CU$20),$G23:$W23)} -> 16 | ... DO23: {=SUMPRODUCT(TRANSPOSE(DO$4:DO$20),$G23:$W23)} -> 0
A24: =A23+1 -> 3 | B24: 01M129-545-01M129 | C24: 418493422 | D24: CBL ASSY COAX SMA(M)RA-SMA(M)RA L=545MM | E24: EA | F24: 1 | G24: 0 | H24: 0 | I24: 0 | J24: 0 | K24: 0 | L24: 0 | M24: 0 | N24: 0 | O24: 0 | P24: 0 | Q24: 0 | R24: 0 | S24: 0 | T24: 0 | U24: 0 | V24: 0 | W24: 2 | X24: Star Light/Huang Ling | Y24: 34.36 | Z24: 462 | AA24: 0 | AB24: 0 | AC24: 0 | AD24: 0 | AE24: 0 | AF24: 0 | AG24: 0 | AH24: 0 | AI24: 0 | AJ24: 0 | AK24: 0 | AL24: 0 | AM24: 0 | AN24: 0 | BK24: =SUM($Z24:AD24)-SUM($CM24:CQ24) -> 430 | BL24: =SUM($Z24:AE24)-SUM($CM24:CR24) -> 398 | BM24: =SUM($Z24:AF24)-SUM($CM24:CS24) -> 366 | BN24: =SUM($Z24:AG24)-SUM($CM24:CT24) -> 334 | BO24: =SUM($Z24:AH24)-SUM($CM24:CU24) -> 302 | BP24: =SUM($Z24:AI24)-SUM($CM24:CV24) -> 270 | BQ24: =SUM($Z24:AJ24)-SUM($CM24:CW24) -> 238 | BR24: =SUM($Z24:AK24)-SUM($CM24:CX24) -> 206 | ... CI24: =SUM($Z24:BB24)-SUM($CM24:DO24) -> 206 | CN24: {=SUMPRODUCT(TRANSPOSE(CN$4:CN$20),$G24:$W24)} -> 0 | CO24: {=SUMPRODUCT(TRANSPOSE(CO$4:CO$20),$G24:$W24)} -> 0 | CP24: {=SUMPRODUCT(TRANSPOSE(CP$4:CP$20),$G24:$W24)} -> 0 | CQ24: {=SUMPRODUCT(TRANSPOSE(CQ$4:CQ$20),$G24:$W24)} -> 32 | CR24: {=SUMPRODUCT(TRANSPOSE(CR$4:CR$20),$G24:$W24)} -> 32 | CS24: {=SUMPRODUCT(TRANSPOSE(CS$4:CS$20),$G24:$W24)} -> 32 | CT24: {=SUMPRODUCT(TRANSPOSE(CT$4:CT$20),$G24:$W24)} -> 32 | CU24: {=SUMPRODUCT(TRANSPOSE(CU$4:CU$20),$G24:$W24)} -> 32 | ... DO24: {=SUMPRODUCT(TRANSPOSE(DO$4:DO$20),$G24:$W24)} -> 0
A25: =A24+1 -> 4 | B25: 01M129-75.8-01M110 | C25: 418493446 | D25: CBL ASSY COAX SMA(M)RA-SMA(M) L=75.8MM | E25: EA | F25: 1 | G25: 0 | H25: 0 | I25: 0 | J25: 0 | K25: 0 | L25: 0 | M25: 0 | N25: 0 | O25: 0 | P25: 0 | Q25: 0 | R25: 0 | S25: 0 | T25: 0 | U25: 0 | V25: 0 | W25: 1 | X25: Star Light/Huang Ling | Y25: 32.53 | Z25: 231 | AA25: 0 | AB25: 0 | AC25: 0 | AD25: 0 | AE25: 0 | AF25: 0 | AG25: 0 | AH25: 0 | AI25: 0 | AJ25: 0 | AK25: 0 | AL25: 0 | AM25: 0 | AN25: 0 | BK25: =SUM($Z25:AD25)-SUM($CM25:CQ25) -> 215 | BL25: =SUM($Z25:AE25)-SUM($CM25:CR25) -> 199 | BM25: =SUM($Z25:AF25)-SUM($CM25:CS25) -> 183 | BN25: =SUM($Z25:AG25)-SUM($CM25:CT25) -> 167 | BO25: =SUM($Z25:AH25)-SUM($CM25:CU25) -> 151 | BP25: =SUM($Z25:AI25)-SUM($CM25:CV25) -> 135 | BQ25: =SUM($Z25:AJ25)-SUM($CM25:CW25) -> 119 | BR25: =SUM($Z25:AK25)-SUM($CM25:CX25) -> 103 | ... CI25: =SUM($Z25:BB25)-SUM($CM25:DO25) -> 103 | CN25: {=SUMPRODUCT(TRANSPOSE(CN$4:CN$20),$G25:$W25)} -> 0 | CO25: {=SUMPRODUCT(TRANSPOSE(CO$4:CO$20),$G25:$W25)} -> 0 | CP25: {=SUMPRODUCT(TRANSPOSE(CP$4:CP$20),$G25:$W25)} -> 0 | CQ25: {=SUMPRODUCT(TRANSPOSE(CQ$4:CQ$20),$G25:$W25)} -> 16 | CR25: {=SUMPRODUCT(TRANSPOSE(CR$4:CR$20),$G25:$W25)} -> 16 | CS25: {=SUMPRODUCT(TRANSPOSE(CS$4:CS$20),$G25:$W25)} -> 16 | CT25: {=SUMPRODUCT(TRANSPOSE(CT$4:CT$20),$G25:$W25)} -> 16 | CU25: {=SUMPRODUCT(TRANSPOSE(CU$4:CU$20),$G25:$W25)} -> 16 | ... DO25: {=SUMPRODUCT(TRANSPOSE(DO$4:DO$20),$G25:$W25)} -> 0
A26: =A25+1 -> 5 | B26: 01M12R-305-60F17K | C26: 418521484 | D26: SMA P. AU.+305+SAM J. AU | E26: EA | F26: 1 | G26: 0 | H26: 0 | I26: 0 | J26: 0 | K26: 0 | L26: 0 | M26: 0 | N26: 0 | O26: 0 | P26: 0 | Q26: 0 | R26: 0 | S26: 0 | T26: 0 | U26: 0 | V26: 0 | W26: 129 | X26: Star Light/Huang Ling | Y26: 19.95 | Z26: 29799 | AA26: 0 | AB26: 0 | AC26: 0 | AD26: 0 | AE26: 0 | AF26: 0 | AG26: 0 | AH26: 0 | AI26: 0 | AJ26: 0 | AK26: 0 | AL26: 0 | AM26: 0 | AN26: 0 | BK26: =SUM($Z26:AD26)-SUM($CM26:CQ26) -> 27735 | BL26: =SUM($Z26:AE26)-SUM($CM26:CR26) -> 25671 | BM26: =SUM($Z26:AF26)-SUM($CM26:CS26) -> 23607 | BN26: =SUM($Z26:AG26)-SUM($CM26:CT26) -> 21543 | BO26: =SUM($Z26:AH26)-SUM($CM26:CU26) -> 19479 | BP26: =SUM($Z26:AI26)-SUM($CM26:CV26) -> 17415 | BQ26: =SUM($Z26:AJ26)-SUM($CM26:CW26) -> 15351 | BR26: =SUM($Z26:AK26)-SUM($CM26:CX26) -> 13287 | ... CI26: =SUM($Z26:BB26)-SUM($CM26:DO26) -> 13287 | CN26: {=SUMPRODUCT(TRANSPOSE(CN$4:CN$20),$G26:$W26)} -> 0 | CO26: {=SUMPRODUCT(TRANSPOSE(CO$4:CO$20),$G26:$W26)} -> 0 | CP26: {=SUMPRODUCT(TRANSPOSE(CP$4:CP$20),$G26:$W26)} -> 0 | CQ26: {=SUMPRODUCT(TRANSPOSE(CQ$4:CQ$20),$G26:$W26)} -> 2064 | CR26: {=SUMPRODUCT(TRANSPOSE(CR$4:CR$20),$G26:$W26)} -> 2064 | CS26: {=SUMPRODUCT(TRANSPOSE(CS$4:CS$20),$G26:$W26)} -> 2064 | CT26: {=SUMPRODUCT(TRANSPOSE(CT$4:CT$20),$G26:$W26)} -> 2064 | CU26: {=SUMPRODUCT(TRANSPOSE(CU$4:CU$20),$G26:$W26)} -> 2064 | ... DO26: {=SUMPRODUCT(TRANSPOSE(DO$4:DO$20),$G26:$W26)} -> 0
A27: =A26+1 -> 6 | B27: 200090 | C27: N41402082 | D27: TERMINAL SOLDER LUG | E27: EA | F27: 1 | G27: 0 | H27: 0 | I27: 0 | J27: 0 | K27: 0 | L27: 0 | M27: 0 | N27: 0 | O27: 4 | P27: 0 | Q27: 0 | R27: 0 | S27: 4 | T27: 0 | U27: 0 | V27: 0 | W27: 0 | X27: YAEL Y.A.D | Y27: 0.72576 | Z27: 5000 | AA27: 0 | AB27: 0 | AC27: 0 | AD27: 0 | AE27: 0 | AF27: 0 | AG27: 0 | AH27: 0 | AI27: 0 | AJ27: 0 | AK27: 0 | AL27: 0 | AM27: 0 | AN27: 0 | BK27: =SUM($Z27:AD27)-SUM($CM27:CQ27) -> 4688 | BL27: =SUM($Z27:AE27)-SUM($CM27:CR27) -> 4408 | BM27: =SUM($Z27:AF27)-SUM($CM27:CS27) -> 4148 | BN27: =SUM($Z27:AG27)-SUM($CM27:CT27) -> 3908 | BO27: =SUM($Z27:AH27)-SUM($CM27:CU27) -> 3668 | BP27: =SUM($Z27:AI27)-SUM($CM27:CV27) -> 3428 | BQ27: =SUM($Z27:AJ27)-SUM($CM27:CW27) -> 3188 | BR27: =SUM($Z27:AK27)-SUM($CM27:CX27) -> 2948 | ... CI27: =SUM($Z27:BB27)-SUM($CM27:DO27) -> 2172 | CN27: {=SUMPRODUCT(TRANSPOSE(CN$4:CN$20),$G27:$W27)} -> 0 | CO27: {=SUMPRODUCT(TRANSPOSE(CO$4:CO$20),$G27:$W27)} -> 0 | CP27: {=SUMPRODUCT(TRANSPOSE(CP$4:CP$20),$G27:$W27)} -> 0 | CQ27: {=SUMPRODUCT(TRANSPOSE(CQ$4:CQ$20),$G27:$W27)} -> 312 | CR27: {=SUMPRODUCT(TRANSPOSE(CR$4:CR$20),$G27:$W27)} -> 280 | CS27: {=SUMPRODUCT(TRANSPOSE(CS$4:CS$20),$G27:$W27)} -> 260 | CT27: {=SUMPRODUCT(TRANSPOSE(CT$4:CT$20),$G27:$W27)} -> 240 | CU27: {=SUMPRODUCT(TRANSPOSE(CU$4:CU$20),$G27:$W27)} -> 240 | ... DO27: {=SUMPRODUCT(TRANSPOSE(DO$4:DO$20),$G27:$W27)} -> 0
A28: =A27+1 -> 7 | B28: 04021J0R7PBSTR | C28: 401225108 | D28: CHIP CAP 0.7PF +-.02PF 100V T&R | E28: EA | F28: 2 | G28: 0 | H28: 0 | I28: 0 | J28: 0 | K28: 0 | L28: 0 | M28: 0 | N28: 0 | O28: 0 | P28: 0 | Q28: 34 | R28: 0 | S28: 0 | T28: 0 | U28: 0 | V28: 0 | W28: 0 | X28: Phoenix | Y28: 0.17 | Z28: 40000 | AA28: 0 | AB28: 0 | AC28: 0 | AD28: 0 | AE28: 0 | AF28: 0 | AG28: 0 | AH28: 0 | AI28: 0 | AJ28: 0 | AK28: 0 | AL28: 0 | AM28: 0 | AN28: 0 | BK28: =SUM($Z28:AD28)-SUM($CM28:CQ28) -> 38810 | BL28: =SUM($Z28:AE28)-SUM($CM28:CR28) -> 37620 | BM28: =SUM($Z28:AF28)-SUM($CM28:CS28) -> 36430 | BN28: =SUM($Z28:AG28)-SUM($CM28:CT28) -> 35410 | BO28: =SUM($Z28:AH28)-SUM($CM28:CU28) -> 34390 | BP28: =SUM($Z28:AI28)-SUM($CM28:CV28) -> 33370 | BQ28: =SUM($Z28:AJ28)-SUM($CM28:CW28) -> 32350 | BR28: =SUM($Z28:AK28)-SUM($CM28:CX28) -> 31330 | ... CI28: =SUM($Z28:BB28)-SUM($CM28:DO28) -> 27794 | CN28: {=SUMPRODUCT(TRANSPOSE(CN$4:CN$20),$G28:$W28)} -> 0 | CO28: {=SUMPRODUCT(TRANSPOSE(CO$4:CO$20),$G28:$W28)} -> 0 | CP28: {=SUMPRODUCT(TRANSPOSE(CP$4:CP$20),$G28:$W28)} -> 0 | CQ28: {=SUMPRODUCT(TRANSPOSE(CQ$4:CQ$20),$G28:$W28)} -> 1190 | CR28: {=SUMPRODUCT(TRANSPOSE(CR$4:CR$20),$G28:$W28)} -> 1190 | CS28: {=SUMPRODUCT(TRANSPOSE(CS$4:CS$20),$G28:$W28)} -> 1190 | CT28: {=SUMPRODUCT(TRANSPOSE(CT$4:CT$20),$G28:$W28)} -> 1020 | CU28: {=SUMPRODUCT(TRANSPOSE(CU$4:CU$20),$G28:$W28)} -> 1020 | ... DO28: {=SUMPRODUCT(TRANSPOSE(DO$4:DO$20),$G28:$W28)} -> 0
A29: =A28+1 -> 8 | B29: 04025J3R3ABSTR | C29: 401225101 | D29: CHIP CAP 3.3PF +-.05PF 50V T&R | E29: EA | F29: 2 | G29: 0 | H29: 0 | I29: 0 | J29: 0 | K29: 0 | L29: 0 | M29: 0 | N29: 0 | O29: 0 | P29: 0 | Q29: 34 | R29: 0 | S29: 0 | T29: 0 | U29: 0 | V29: 0 | W29: 0 | X29: Phoenix | Y29: 0.17 | Z29: 40000 | AA29: 0 | AB29: 0 | AC29: 0 | AD29: 0 | AE29: 0 | AF29: 0 | AG29: 0 | AH29: 0 | AI29: 0 | AJ29: 0 | AK29: 0 | AL29: 0 | AM29: 0 | AN29: 0 | BK29: =SUM($Z29:AD29)-SUM($CM29:CQ29) -> 38810 | BL29: =SUM($Z29:AE29)-SUM($CM29:CR29) -> 37620 | BM29: =SUM($Z29:AF29)-SUM($CM29:CS29) -> 36430 | BN29: =SUM($Z29:AG29)-SUM($CM29:CT29) -> 35410 | BO29: =SUM($Z29:AH29)-SUM($CM29:CU29) -> 34390 | BP29: =SUM($Z29:AI29)-SUM($CM29:CV29) -> 33370 | BQ29: =SUM($Z29:AJ29)-SUM($CM29:CW29) -> 32350 | BR29: =SUM($Z29:AK29)-SUM($CM29:CX29) -> 31330 | ... CI29: =SUM($Z29:BB29)-SUM($CM29:DO29) -> 27794 | CN29: {=SUMPRODUCT(TRANSPOSE(CN$4:CN$20),$G29:$W29)} -> 0 | CO29: {=SUMPRODUCT(TRANSPOSE(CO$4:CO$20),$G29:$W29)} -> 0 | CP29: {=SUMPRODUCT(TRANSPOSE(CP$4:CP$20),$G29:$W29)} -> 0 | CQ29: {=SUMPRODUCT(TRANSPOSE(CQ$4:CQ$20),$G29:$W29)} -> 1190 | CR29: {=SUMPRODUCT(TRANSPOSE(CR$4:CR$20),$G29:$W29)} -> 1190 | CS29: {=SUMPRODUCT(TRANSPOSE(CS$4:CS$20),$G29:$W29)} -> 1190 | CT29: {=SUMPRODUCT(TRANSPOSE(CT$4:CT$20),$G29:$W29)} -> 1020 | CU29: {=SUMPRODUCT(TRANSPOSE(CU$4:CU$20),$G29:$W29)} -> 1020 | ... DO29: {=SUMPRODUCT(TRANSPOSE(DO$4:DO$20),$G29:$W29)} -> 0
A30: =A29+1 -> 9 | B30: 0440.500WR | C30: 417380164 | D30: FUSE SLOW BLOW 0.5A/63V,SMT,REEL PACK | E30: EA | F30: 2 | G30: 0 | H30: 0 | I30: 0 | J30: 0 | K30: 0 | L30: 0 | M30: 0 | N30: 0 | O30: 0 | P30: 0 | Q30: 0 | R30: 0 | S30: 0 | T30: 0 | U30: 0 | V30: 0 | W30: 0 | X30: Rabyte Technologies LLP | Y30: 0.111 | Z30: 36000 | AA30: 0 | AB30: 0 | AC30: 0 | AD30: 0 | AE30: 0 | AF30: 0 | AG30: 0 | AH30: 0 | AI30: 0 | AJ30: 0 | AK30: 0 | AL30: 0 | AM30: 0 | AN30: 0 | BK30: =SUM($Z30:AD30)-SUM($CM30:CQ30) -> 36000 | BL30: =SUM($Z30:AE30)-SUM($CM30:CR30) -> 36000 | BM30: =SUM($Z30:AF30)-SUM($CM30:CS30) -> 36000 | BN30: =SUM($Z30:AG30)-SUM($CM30:CT30) -> 36000 | BO30: =SUM($Z30:AH30)-SUM($CM30:CU30) -> 36000 | BP30: =SUM($Z30:AI30)-SUM($CM30:CV30) -> 36000 | BQ30: =SUM($Z30:AJ30)-SUM($CM30:CW30) -> 36000 | BR30: =SUM($Z30:AK30)-SUM($CM30:CX30) -> 36000 | ... CI30: =SUM($Z30:BB30)-SUM($CM30:DO30) -> 36000 | CN30: {=SUMPRODUCT(TRANSPOSE(CN$4:CN$20),$G30:$W30)} -> 0 | CO30: {=SUMPRODUCT(TRANSPOSE(CO$4:CO$20),$G30:$W30)} -> 0 | CP30: {=SUMPRODUCT(TRANSPOSE(CP$4:CP$20),$G30:$W30)} -> 0 | CQ30: {=SUMPRODUCT(TRANSPOSE(CQ$4:CQ$20),$G30:$W30)} -> 0 | CR30: {=SUMPRODUCT(TRANSPOSE(CR$4:CR$20),$G30:$W30)} -> 0 | CS30: {=SUMPRODUCT(TRANSPOSE(CS$4:CS$20),$G30:$W30)} -> 0 | CT30: {=SUMPRODUCT(TRANSPOSE(CT$4:CT$20),$G30:$W30)} -> 0 | CU30: {=SUMPRODUCT(TRANSPOSE(CU$4:CU$20),$G30:$W30)} -> 0 | ... DO30: {=SUMPRODUCT(TRANSPOSE(DO$4:DO$20),$G30:$W30)} -> 0
A31: =A30+1 -> 10 | B31: 0440001.WR | C31: 409331536 | D31: FUSE CERAMIC SMT 1A 50V T&R | E31: EA | F31: 2 | G31: 0 | H31: 0 | I31: 0 | J31: 0 | K31: 0 | L31: 0 | M31: 0 | N31: 0 | O31: 0 | P31: 0 | Q31: 35 | R31: 0 | S31: 0 | T31: 0 | U31: 35 | V31: 0 | W31: 0 | X31: Rabyte Technologies LLP | Y31: 0.111 | Z31: 39000 | AA31: 0 | AB31: 0 | AC31: 0 | AD31: 0 | AE31: 0 | AF31: 0 | AG31: 0 | AH31: 0 | AI31: 0 | AJ31: 0 | AK31: 0 | AL31: 0 | AM31: 0 | AN31: 0 | BK31: =SUM($Z31:AD31)-SUM($CM31:CQ31) -> 36270 | BL31: =SUM($Z31:AE31)-SUM($CM31:CR31) -> 33820 | BM31: =SUM($Z31:AF31)-SUM($CM31:CS31) -> 31545 | BN31: =SUM($Z31:AG31)-SUM($CM31:CT31) -> 29445 | BO31: =SUM($Z31:AH31)-SUM($CM31:CU31) -> 27345 | BP31: =SUM($Z31:AI31)-SUM($CM31:CV31) -> 25245 | BQ31: =SUM($Z31:AJ31)-SUM($CM31:CW31) -> 23145 | BR31: =SUM($Z31:AK31)-SUM($CM31:CX31) -> 21045 | ... CI31: =SUM($Z31:BB31)-SUM($CM31:DO31) -> 14255 | CN31: {=SUMPRODUCT(TRANSPOSE(CN$4:CN$20),$G31:$W31)} -> 0 | CO31: {=SUMPRODUCT(TRANSPOSE(CO$4:CO$20),$G31:$W31)} -> 0 | CP31: {=SUMPRODUCT(TRANSPOSE(CP$4:CP$20),$G31:$W31)} -> 0 | CQ31: {=SUMPRODUCT(TRANSPOSE(CQ$4:CQ$20),$G31:$W31)} -> 2730 | CR31: {=SUMPRODUCT(TRANSPOSE(CR$4:CR$20),$G31:$W31)} -> 2450 | CS31: {=SUMPRODUCT(TRANSPOSE(CS$4:CS$20),$G31:$W31)} -> 2275 | CT31: {=SUMPRODUCT(TRANSPOSE(CT$4:CT$20),$G31:$W31)} -> 2100 | CU31: {=SUMPRODUCT(TRANSPOSE(CU$4:CU$20),$G31:$W31)} -> 2100 | ... DO31: {=SUMPRODUCT(TRANSPOSE(DO$4:DO$20),$G31:$W31)} -> 0
A32: =A31+1 -> 11 | B32: 0466.500NR | C32: 400506335 | D32: FUSE 0.5A/63V VERY FAST ACTION, ROHS, | E32: EA | F32: 2 | G32: 0 | H32: 0 | I32: 0 | J32: 0 | K32: 0 | L32: 0 | M32: 0 | N32: 0 | O32: 0 | P32: 0 | Q32: 70 | R32: 0 | S32: 0 | T32: 0 | U32: 70 | V32: 0 | W32: 0 | X32: Rabyte Technologies LLP | Y32: 0.053 | Z32: 75000 | AA32: 0 | AB32: 0 | AC32: 0 | AD32: 0 | AE32: 0 | AF32: 0 | AG32: 0 | AH32: 0 | AI32: 0 | AJ32: 0 | AK32: 0 | AL32: 0 | AM32: 0 | AN32: 0 | BK32: =SUM($Z32:AD32)-SUM($CM32:CQ32) -> 69540 | BL32: =SUM($Z32:AE32)-SUM($CM32:CR32) -> 64640 | BM32: =SUM($Z32:AF32)-SUM($CM32:CS32) -> 60090 | BN32: =SUM($Z32:AG32)-SUM($CM32:CT32) -> 55890 | BO32: =SUM($Z32:AH32)-SUM($CM32:CU32) -> 51690 | BP32: =SUM($Z32:AI32)-SUM($CM32:CV32) -> 47490 | BQ32: =SUM($Z32:AJ32)-SUM($CM32:CW32) -> 43290 | BR32: =SUM($Z32:AK32)-SUM($CM32:CX32) -> 39090 | ... CI32: =SUM($Z32:BB32)-SUM($CM32:DO32) -> 25510 | CN32: {=SUMPRODUCT(TRANSPOSE(CN$4:CN$20),$G32:$W32)} -> 0 | CO32: {=SUMPRODUCT(TRANSPOSE(CO$4:CO$20),$G32:$W32)} -> 0 | CP32: {=SUMPRODUCT(TRANSPOSE(CP$4:CP$20),$G32:$W32)} -> 0 | CQ32: {=SUMPRODUCT(TRANSPOSE(CQ$4:CQ$20),$G32:$W32)} -> 5460 | CR32: {=SUMPRODUCT(TRANSPOSE(CR$4:CR$20),$G32:$W32)} -> 4900 | CS32: {=SUMPRODUCT(TRANSPOSE(CS$4:CS$20),$G32:$W32)} -> 4550 | CT32: {=SUMPRODUCT(TRANSPOSE(CT$4:CT$20),$G32:$W32)} -> 4200 | CU32: {=SUMPRODUCT(TRANSPOSE(CU$4:CU$20),$G32:$W32)} -> 4200 | ... DO32: {=SUMPRODUCT(TRANSPOSE(DO$4:DO$20),$G32:$W32)} -> 0
A33: =A32+1 -> 12 | B33: 0466002.NRHF | C33: 403129345 | D33: FUSE VERY FAST-ACTING | E33: EA | F33: 2 | G33: 0 | H33: 0 | I33: 0 | J33: 0 | K33: 0 | L33: 0 | M33: 0 | N33: 0 | O33: 0 | P33: 0 | Q33: 34 | R33: 0 | S33: 0 | T33: 0 | U33: 0 | V33: 0 | W33: 0 | X33: Rabyte Technologies LLP | Y33: 0.067 | Z33: 40000 | AA33: 0 | AB33: 0 | AC33: 0 | AD33: 0 | AE33: 0 | AF33: 0 | AG33: 0 | AH33: 0 | AI33: 0 | AJ33: 0 | AK33: 0 | AL33: 0 | AM33: 0 | AN33: 0 | BK33: =SUM($Z33:AD33)-SUM($CM33:CQ33) -> 38810 | BL33: =SUM($Z33:AE33)-SUM($CM33:CR33) -> 37620 | BM33: =SUM($Z33:AF33)-SUM($CM33:CS33) -> 36430 | BN33: =SUM($Z33:AG33)-SUM($CM33:CT33) -> 35410 | BO33: =SUM($Z33:AH33)-SUM($CM33:CU33) -> 34390 | BP33: =SUM($Z33:AI33)-SUM($CM33:CV33) -> 33370 | BQ33: =SUM($Z33:AJ33)-SUM($CM33:CW33) -> 32350 | BR33: =SUM($Z33:AK33)-SUM($CM33:CX33) -> 31330 | ... CI33: =SUM($Z33:BB33)-SUM($CM33:DO33) -> 27794 | CN33: {=SUMPRODUCT(TRANSPOSE(CN$4:CN$20),$G33:$W33)} -> 0 | CO33: {=SUMPRODUCT(TRANSPOSE(CO$4:CO$20),$G33:$W33)} -> 0 | CP33: {=SUMPRODUCT(TRANSPOSE(CP$4:CP$20),$G33:$W33)} -> 0 | CQ33: {=SUMPRODUCT(TRANSPOSE(CQ$4:CQ$20),$G33:$W33)} -> 1190 | CR33: {=SUMPRODUCT(TRANSPOSE(CR$4:CR$20),$G33:$W33)} -> 1190 | CS33: {=SUMPRODUCT(TRANSPOSE(CS$4:CS$20),$G33:$W33)} -> 1190 | CT33: {=SUMPRODUCT(TRANSPOSE(CT$4:CT$20),$G33:$W33)} -> 1020 | CU33: {=SUMPRODUCT(TRANSPOSE(CU$4:CU$20),$G33:$W33)} -> 1020 | ... DO33: {=SUMPRODUCT(TRANSPOSE(DO$4:DO$20),$G33:$W33)} -> 0
A34: =A33+1 -> 13 | B34: 0505P100JW151XTV | C34: 410206308 | D34: CHIP CAP 10PF 5^ 150VOLT 55X55 PORCE | E34: EA | F34: 2 | G34: 0 | H34: 0 | I34: 0 | J34: 0 | K34: 0 | L34: 0 | M34: 0 | N34: 0 | O34: 0 | P34: 0 | Q34: 34 | R34: 0 | S34: 0 | T34: 0 | U34: 34 | V34: 0 | W34: 0 | X34: Phoenix | Y34: 0.535 | Z34: 36500 | AA34: 0 | AB34: 0 | AC34: 0 | AD34: 0 | AE34: 0 | AF34: 0 | AG34: 0 | AH34: 0 | AI34: 0 | AJ34: 0 | AK34: 0 | AL34: 0 | AM34: 0 | AN34: 0 | BK34: =SUM($Z34:AD34)-SUM($CM34:CQ34) -> 33848 | BL34: =SUM($Z34:AE34)-SUM($CM34:CR34) -> 31468 | BM34: =SUM($Z34:AF34)-SUM($CM34:CS34) -> 29258 | BN34: =SUM($Z34:AG34)-SUM($CM34:CT34) -> 27218 | BO34: =SUM($Z34:AH34)-SUM($CM34:CU34) -> 25178 | BP34: =SUM($Z34:AI34)-SUM($CM34:CV34) -> 23138 | BQ34: =SUM($Z34:AJ34)-SUM($CM34:CW34) -> 21098 | BR34: =SUM($Z34:AK34)-SUM($CM34:CX34) -> 19058 | ... CI34: =SUM($Z34:BB34)-SUM($CM34:DO34) -> 12462 | CN34: {=SUMPRODUCT(TRANSPOSE(CN$4:CN$20),$G34:$W34)} -> 0 | CO34: {=SUMPRODUCT(TRANSPOSE(CO$4:CO$20),$G34:$W34)} -> 0 | CP34: {=SUMPRODUCT(TRANSPOSE(CP$4:CP$20),$G34:$W34)} -> 0 | CQ34: {=SUMPRODUCT(TRANSPOSE(CQ$4:CQ$20),$G34:$W34)} -> 2652 | CR34: {=SUMPRODUCT(TRANSPOSE(CR$4:CR$20),$G34:$W34)} -> 2380 | CS34: {=SUMPRODUCT(TRANSPOSE(CS$4:CS$20),$G34:$W34)} -> 2210 | CT34: {=SUMPRODUCT(TRANSPOSE(CT$4:CT$20),$G34:$W34)} -> 2040 | CU34: {=SUMPRODUCT(TRANSPOSE(CU$4:CU$20),$G34:$W34)} -> 2040 | ... DO34: {=SUMPRODUCT(TRANSPOSE(DO$4:DO$20),$G34:$W34)} -> 0
A35: =A34+1 -> 14 | B35: 0505P4R7BW151XTV | C35: 411063876 | D35: CHIP CAP 4.7PF +/-0.1PF 150V 1.4MM2 | E35: EA | F35: 2 | G35: 0 | H35: 0 | I35: 0 | J35: 0 | K35: 0 | L35: 0 | M35: 0 | N35: 0 | O35: 0 | P35: 0 | Q35: 2 | R35: 0 | S35: 0 | T35: 0 | U35: 0 | V35: 0 | W35: 0 | X35: Phoenix | Y35: 0.89 | Z35: 2500 | AA35: 0 | AB35: 0 | AC35: 0 | AD35: 0 | AE35: 0 | AF35: 0 | AG35: 0 | AH35: 0 | AI35: 0 | AJ35: 0 | AK35: 0 | AL35: 0 | AM35: 0 | AN35: 0 | BK35: =SUM($Z35:AD35)-SUM($CM35:CQ35) -> 2430 | BL35: =SUM($Z35:AE35)-SUM($CM35:CR35) -> 2360 | BM35: =SUM($Z35:AF35)-SUM($CM35:CS35) -> 2290 | BN35: =SUM($Z35:AG35)-SUM($CM35:CT35) -> 2230 | BO35: =SUM($Z35:AH35)-SUM($CM35:CU35) -> 2170 | BP35: =SUM($Z35:AI35)-SUM($CM35:CV35) -> 2110 | BQ35: =SUM($Z35:AJ35)-SUM($CM35:CW35) -> 2050 | BR35: =SUM($Z35:AK35)-SUM($CM35:CX35) -> 1990 | ... CI35: =SUM($Z35:BB35)-SUM($CM35:DO35) -> 1782 | CN35: {=SUMPRODUCT(TRANSPOSE(CN$4:CN$20),$G35:$W35)} -> 0 | CO35: {=SUMPRODUCT(TRANSPOSE(CO$4:CO$20),$G35:$W35)} -> 0 | CP35: {=SUMPRODUCT(TRANSPOSE(CP$4:CP$20),$G35:$W35)} -> 0 | CQ35: {=SUMPRODUCT(TRANSPOSE(CQ$4:CQ$20),$G35:$W35)} -> 70 | CR35: {=SUMPRODUCT(TRANSPOSE(CR$4:CR$20),$G35:$W35)} -> 70 | CS35: {=SUMPRODUCT(TRANSPOSE(CS$4:CS$20),$G35:$W35)} -> 70 | CT35: {=SUMPRODUCT(TRANSPOSE(CT$4:CT$20),$G35:$W35)} -> 60 | CU35: {=SUMPRODUCT(TRANSPOSE(CU$4:CU$20),$G35:$W35)} -> 60 | ... DO35: {=SUMPRODUCT(TRANSPOSE(DO$4:DO$20),$G35:$W35)} -> 0
A36: =A35+1 -> 15 | B36: 080-1200 | C36: 732551668 | D36: ADHESIVE CONDUCTIVE SILICONE, SILVER | E36: AR | F36: 2 | G36: 0 | H36: 0 | I36: 0 | J36: 0 | K36: 0 | L36: 0 | M36: 0 | N36: 0 | O36: 0.025 | P36: 0 | Q36: 0 | R36: 0 | S36: 0.025 | T36: 0 | U36: 0 | V36: 0 | W36: 0.05 | X36: Spectra Innovations INC | Y36: 600 | Z36: 31 | AA36: 0 | AB36: 0 | AC36: 0 | AD36: 0 | AE36: 0 | AF36: 0 | AG36: 0 | AH36: 0 | AI36: 0 | AJ36: 0 | AK36: 0 | AL36: 0 | AM36: 0 | AN36: 0 | BK36: =SUM($Z36:AD36)-SUM($CM36:CQ36) -> 28.25 | BL36: =SUM($Z36:AE36)-SUM($CM36:CR36) -> 25.7 | BM36: =SUM($Z36:AF36)-SUM($CM36:CS36) -> 23.275 | BN36: =SUM($Z36:AG36)-SUM($CM36:CT36) -> 20.975 | BO36: =SUM($Z36:AH36)-SUM($CM36:CU36) -> 18.675 | BP36: =SUM($Z36:AI36)-SUM($CM36:CV36) -> 16.375 | BQ36: =SUM($Z36:AJ36)-SUM($CM36:CW36) -> 14.075 | BR36: =SUM($Z36:AK36)-SUM($CM36:CX36) -> 11.775 | ... CI36: =SUM($Z36:BB36)-SUM($CM36:DO36) -> 6.925 | CN36: {=SUMPRODUCT(TRANSPOSE(CN$4:CN$20),$G36:$W36)} -> 0 | CO36: {=SUMPRODUCT(TRANSPOSE(CO$4:CO$20),$G36:$W36)} -> 0 | CP36: {=SUMPRODUCT(TRANSPOSE(CP$4:CP$20),$G36:$W36)} -> 0 | CQ36: {=SUMPRODUCT(TRANSPOSE(CQ$4:CQ$20),$G36:$W36)} -> 2.75 | CR36: {=SUMPRODUCT(TRANSPOSE(CR$4:CR$20),$G36:$W36)} -> 2.55 | CS36: {=SUMPRODUCT(TRANSPOSE(CS$4:CS$20),$G36:$W36)} -> 2.425 | CT36: {=SUMPRODUCT(TRANSPOSE(CT$4:CT$20),$G36:$W36)} -> 2.3 | CU36: {=SUMPRODUCT(TRANSPOSE(CU$4:CU$20),$G36:$W36)} -> 2.3 | ... DO36: {=SUMPRODUCT(TRANSPOSE(DO$4:DO$20),$G36:$W36)} -> 0
A37: =A36+1 -> 16 | B37: 1/4-28X7/8SOCCAP316SSSIL | C37: 418969713 | D37: SEAL SCREW,THREAD 1/4"-28UNF,HEX SOCKET | E37: EA | F37: 1 | G37: 0 | H37: 0 | I37: 0 | J37: 0 | K37: 0 | L37: 0 | M37: 0 | N37: 0 | O37: 0 | P37: 0 | Q37: 0 | R37: 0 | S37: 0 | T37: 0 | U37: 0 | V37: 0 | W37: 19 | X37: Kaytech | Y37: 0.889 | Z37: 4390 | AA37: 0 | AB37: 0 | AC37: 0 | AD37: 0 | AE37: 0 | AF37: 0 | AG37: 0 | AH37: 0 | AI37: 0 | AJ37: 0 | AK37: 0 | AL37: 0 | AM37: 0 | AN37: 0 | BK37: =SUM($Z37:AD37)-SUM($CM37:CQ37) -> 4086 | BL37: =SUM($Z37:AE37)-SUM($CM37:CR37) -> 3782 | BM37: =SUM($Z37:AF37)-SUM($CM37:CS37) -> 3478 | BN37: =SUM($Z37:AG37)-SUM($CM37:CT37) -> 3174 | BO37: =SUM($Z37:AH37)-SUM($CM37:CU37) -> 2870 | BP37: =SUM($Z37:AI37)-SUM($CM37:CV37) -> 2566 | BQ37: =SUM($Z37:AJ37)-SUM($CM37:CW37) -> 2262 | BR37: =SUM($Z37:AK37)-SUM($CM37:CX37) -> 1958 | ... CI37: =SUM($Z37:BB37)-SUM($CM37:DO37) -> 1958 | CN37: {=SUMPRODUCT(TRANSPOSE(CN$4:CN$20),$G37:$W37)} -> 0 | CO37: {=SUMPRODUCT(TRANSPOSE(CO$4:CO$20),$G37:$W37)} -> 0 | CP37: {=SUMPRODUCT(TRANSPOSE(CP$4:CP$20),$G37:$W37)} -> 0 | CQ37: {=SUMPRODUCT(TRANSPOSE(CQ$4:CQ$20),$G37:$W37)} -> 304 | CR37: {=SUMPRODUCT(TRANSPOSE(CR$4:CR$20),$G37:$W37)} -> 304 | CS37: {=SUMPRODUCT(TRANSPOSE(CS$4:CS$20),$G37:$W37)} -> 304 | CT37: {=SUMPRODUCT(TRANSPOSE(CT$4:CT$20),$G37:$W37)} -> 304 | CU37: {=SUMPRODUCT(TRANSPOSE(CU$4:CU$20),$G37:$W37)} -> 304 | ... DO37: {=SUMPRODUCT(TRANSPOSE(DO$4:DO$20),$G37:$W37)} -> 0
A38: =A37+1 -> 17 | B38: 100RC37SCBRP1 | C38: N64403777 | D38: RECT RECP R/A 37 SKT DIP SOLDER | E38: EA | F38: 2 | G38: 0 | H38: 0 | I38: 0 | J38: 0 | K38: 0 | L38: 0 | M38: 0 | N38: 0 | O38: 0 | P38: 0 | Q38: 0 | R38: 1 | S38: 0 | T38: 0 | U38: 0 | V38: 1 | W38: 0 | X38: AMPHENOL Canada | Y38: 61.59 | Z38: 1067 | AA38: 0 | AB38: 0 | AC38: 0 | AD38: 0 | AE38: 0 | AF38: 0 | AG38: 0 | AH38: 0 | AI38: 0 | AJ38: 0 | AK38: 0 | AL38: 0 | AM38: 0 | AN38: 0 | BK38: =SUM($Z38:AD38)-SUM($CM38:CQ38) -> 997 | BL38: =SUM($Z38:AE38)-SUM($CM38:CR38) -> 927 | BM38: =SUM($Z38:AF38)-SUM($CM38:CS38) -> 857 | BN38: =SUM($Z38:AG38)-SUM($CM38:CT38) -> 787 | BO38: =SUM($Z38:AH38)-SUM($CM38:CU38) -> 717 | BP38: =SUM($Z38:AI38)-SUM($CM38:CV38) -> 647 | BQ38: =SUM($Z38:AJ38)-SUM($CM38:CW38) -> 577 | BR38: =SUM($Z38:AK38)-SUM($CM38:CX38) -> 507 | ... CI38: =SUM($Z38:BB38)-SUM($CM38:DO38) -> 402 | CN38: {=SUMPRODUCT(TRANSPOSE(CN$4:CN$20),$G38:$W38)} -> 0 | CO38: {=SUMPRODUCT(TRANSPOSE(CO$4:CO$20),$G38:$W38)} -> 0 | CP38: {=SUMPRODUCT(TRANSPOSE(CP$4:CP$20),$G38:$W38)} -> 0 | CQ38: {=SUMPRODUCT(TRANSPOSE(CQ$4:CQ$20),$G38:$W38)} -> 70 | CR38: {=SUMPRODUCT(TRANSPOSE(CR$4:CR$20),$G38:$W38)} -> 70 | CS38: {=SUMPRODUCT(TRANSPOSE(CS$4:CS$20),$G38:$W38)} -> 70 | CT38: {=SUMPRODUCT(TRANSPOSE(CT$4:CT$20),$G38:$W38)} -> 70 | CU38: {=SUMPRODUCT(TRANSPOSE(CU$4:CU$20),$G38:$W38)} -> 70 | ... DO38: {=SUMPRODUCT(TRANSPOSE(DO$4:DO$20),$G38:$W38)} -> 0
A39: =A38+1 -> 18 | B39: 1018419 | C39: 535101950 | D39: SHACKLE,G-209-3/8IN,ANCHOR,SCREW PIN,LOA | E39: EA | F39: 1 | G39: 0 | H39: 0 | I39: 0 | J39: 0 | K39: 0 | L39: 0 | M39: 0 | N39: 0 | O39: 0 | P39: 0 | Q39: 0 | R39: 0 | S39: 0 | T39: 0 | U39: 0 | V39: 0 | W39: 2 | X39: Agoran | Y39: 7.35 | Z39: 465 | AA39: 0 | AB39: 0 | AC39: 0 | AD39: 0 | AE39: 0 | AF39: 0 | AG39: 0 | AH39: 0 | AI39: 0 | AJ39: 0 | AK39: 0 | AL39: 0 | AM39: 0 | AN39: 0 | BK39: =SUM($Z39:AD39)-SUM($CM39:CQ39) -> 433 | BL39: =SUM($Z39:AE39)-SUM($CM39:CR39) -> 401 | BM39: =SUM($Z39:AF39)-SUM($CM39:CS39) -> 369 | BN39: =SUM($Z39:AG39)-SUM($CM39:CT39) -> 337 | BO39: =SUM($Z39:AH39)-SUM($CM39:CU39) -> 305 | BP39: =SUM($Z39:AI39)-SUM($CM39:CV39) -> 273 | BQ39: =SUM($Z39:AJ39)-SUM($CM39:CW39) -> 241 | BR39: =SUM($Z39:AK39)-SUM($CM39:CX39) -> 209 | ... CI39: =SUM($Z39:BB39)-SUM($CM39:DO39) -> 209 | CN39: {=SUMPRODUCT(TRANSPOSE(CN$4:CN$20),$G39:$W39)} -> 0 | CO39: {=SUMPRODUCT(TRANSPOSE(CO$4:CO$20),$G39:$W39)} -> 0 | CP39: {=SUMPRODUCT(TRANSPOSE(CP$4:CP$20),$G39:$W39)} -> 0 | CQ39: {=SUMPRODUCT(TRANSPOSE(CQ$4:CQ$20),$G39:$W39)} -> 32 | CR39: {=SUMPRODUCT(TRANSPOSE(CR$4:CR$20),$G39:$W39)} -> 32 | CS39: {=SUMPRODUCT(TRANSPOSE(CS$4:CS$20),$G39:$W39)} -> 32 | CT39: {=SUMPRODUCT(TRANSPOSE(CT$4:CT$20),$G39:$W39)} -> 32 | CU39: {=SUMPRODUCT(TRANSPOSE(CU$4:CU$20),$G39:$W39)} -> 32 | ... DO39: {=SUMPRODUCT(TRANSPOSE(DO$4:DO$20),$G39:$W39)} -> 0
A40: =A39+1 -> 19 | B40: 1038B611-001 | C40: 416969236 | D40: HEAT EXCHANGER | E40: EA | F40: 1 | G40: 0 | H40: 0 | I40: 0 | J40: 0 | K40: 0 | L40: 0 | M40: 0 | N40: 0 | O40: 0 | P40: 0 | Q40: 0 | R40: 0 | S40: 0 | T40: 0 | U40: 0 | V40: 0 | W40: 1 | X40: Godrej/Gopalan | Y40: 0 | Z40: 83 | AA40: 0 | AB40: 0 | AC40: 0 | AD40: 0 | AE40: 0 | AF40: 0 | AG40: 0 | AH40: 0 | AI40: 0 | AJ40: 0 | AK40: 0 | AL40: 0 | AM40: 0 | AN40: 0 | BK40: =SUM($Z40:AD40)-SUM($CM40:CQ40) -> 67 | BL40: =SUM($Z40:AE40)-SUM($CM40:CR40) -> 51 | BM40: =SUM($Z40:AF40)-SUM($CM40:CS40) -> 35 | BN40: =SUM($Z40:AG40)-SUM($CM40:CT40) -> 19 | BO40: =SUM($Z40:AH40)-SUM($CM40:CU40) -> 3 | BP40: =SUM($Z40:AI40)-SUM($CM40:CV40) -> -13 | BQ40: =SUM($Z40:AJ40)-SUM($CM40:CW40) -> -29 | BR40: =SUM($Z40:AK40)-SUM($CM40:CX40) -> -45 | ... CI40: =SUM($Z40:BB40)-SUM($CM40:DO40) -> -45 | CN40: {=SUMPRODUCT(TRANSPOSE(CN$4:CN$20),$G40:$W40)} -> 0 | CO40: {=SUMPRODUCT(TRANSPOSE(CO$4:CO$20),$G40:$W40)} -> 0 | CP40: {=SUMPRODUCT(TRANSPOSE(CP$4:CP$20),$G40:$W40)} -> 0 | CQ40: {=SUMPRODUCT(TRANSPOSE(CQ$4:CQ$20),$G40:$W40)} -> 16 | CR40: {=SUMPRODUCT(TRANSPOSE(CR$4:CR$20),$G40:$W40)} -> 16 | CS40: {=SUMPRODUCT(TRANSPOSE(CS$4:CS$20),$G40:$W40)} -> 16 | CT40: {=SUMPRODUCT(TRANSPOSE(CT$4:CT$20),$G40:$W40)} -> 16 | CU40: {=SUMPRODUCT(TRANSPOSE(CU$4:CU$20),$G40:$W40)} -> 16 | ... DO40: {=SUMPRODUCT(TRANSPOSE(DO$4:DO$20),$G40:$W40)} -> 0
A41: =A40+1 -> 20 | B41: 1038B801-001 | C41: 410825593 | D41: NAMEPLATE | E41: EA | F41: 1 | G41: 0 | H41: 0 | I41: 0 | J41: 0 | K41: 0 | L41: 0 | M41: 0 | N41: 1 | O41: 0 | P41: 0 | Q41: 0 | R41: 0 | S41: 0 | T41: 0 | U41: 0 | V41: 0 | W41: 0 | X41: Ackerman | Y41: 1.5 | Z41: 226 | AA41: 0 | AB41: 0 | AC41: 0 | AD41: 0 | AE41: 0 | AF41: 0 | AG41: 0 | AH41: 0 | AI41: 0 | AJ41: 0 | AK41: 0 | AL41: 0 | AM41: 0 | AN41: 0 | BK41: =SUM($Z41:AD41)-SUM($CM41:CQ41) -> 210 | BL41: =SUM($Z41:AE41)-SUM($CM41:CR41) -> 194 | BM41: =SUM($Z41:AF41)-SUM($CM41:CS41) -> 178 | BN41: =SUM($Z41:AG41)-SUM($CM41:CT41) -> 162 | BO41: =SUM($Z41:AH41)-SUM($CM41:CU41) -> 154 | BP41: =SUM($Z41:AI41)-SUM($CM41:CV41) -> 146 | BQ41: =SUM($Z41:AJ41)-SUM($CM41:CW41) -> 138 | BR41: =SUM($Z41:AK41)-SUM($CM41:CX41) -> 130 | ... CI41: =SUM($Z41:BB41)-SUM($CM41:DO41) -> 98 | CN41: {=SUMPRODUCT(TRANSPOSE(CN$4:CN$20),$G41:$W41)} -> 0 | CO41: {=SUMPRODUCT(TRANSPOSE(CO$4:CO$20),$G41:$W41)} -> 0 | CP41: {=SUMPRODUCT(TRANSPOSE(CP$4:CP$20),$G41:$W41)} -> 0 | CQ41: {=SUMPRODUCT(TRANSPOSE(CQ$4:CQ$20),$G41:$W41)} -> 16 | CR41: {=SUMPRODUCT(TRANSPOSE(CR$4:CR$20),$G41:$W41)} -> 16 | CS41: {=SUMPRODUCT(TRANSPOSE(CS$4:CS$20),$G41:$W41)} -> 16 | CT41: {=SUMPRODUCT(TRANSPOSE(CT$4:CT$20),$G41:$W41)} -> 16 | CU41: {=SUMPRODUCT(TRANSPOSE(CU$4:CU$20),$G41:$W41)} -> 8 | ... DO41: {=SUMPRODUCT(TRANSPOSE(DO$4:DO$20),$G41:$W41)} -> 0
A42: =A41+1 -> 21 | B42: 1038B850-001 | C42: 410883563 | D42: PLANAR ARRAY | E42: EA | F42: 1 | G42: 0 | H42: 0 | I42: 0 | J42: 0 | K42: 0 | L42: 0 | M42: 0 | N42: 1 | O42: 0 | P42: 0 | Q42: 0 | R42: 0 | S42: 0 | T42: 0 | U42: 0 | V42: 0 | W42: 0 | X42: ASSY | Y42: 0 | Z42: 0 | AA42: 0 | AB42: 0 | AC42: 0 | AD42: 0 | AE42: 0 | AF42: 0 | AG42: 0 | AH42: 0 | AI42: 0 | AJ42: 0 | AK42: 0 | AL42: 0 | AM42: 0 | AN42: 0 | BK42: =SUM($Z42:AD42)-SUM($CM42:CQ42) -> -16 | BL42: =SUM($Z42:AE42)-SUM($CM42:CR42) -> -32 | BM42: =SUM($Z42:AF42)-SUM($CM42:CS42) -> -48 | BN42: =SUM($Z42:AG42)-SUM($CM42:CT42) -> -64 | BO42: =SUM($Z42:AH42)-SUM($CM42:CU42) -> -72 | BP42: =SUM($Z42:AI42)-SUM($CM42:CV42) -> -80 | BQ42: =SUM($Z42:AJ42)-SUM($CM42:CW42) -> -88 | BR42: =SUM($Z42:AK42)-SUM($CM42:CX42) -> -96 | ... CI42: =SUM($Z42:BB42)-SUM($CM42:DO42) -> -128 | CN42: {=SUMPRODUCT(TRANSPOSE(CN$4:CN$20),$G42:$W42)} -> 0 | CO42: {=SUMPRODUCT(TRANSPOSE(CO$4:CO$20),$G42:$W42)} -> 0 | CP42: {=SUMPRODUCT(TRANSPOSE(CP$4:CP$20),$G42:$W42)} -> 0 | CQ42: {=SUMPRODUCT(TRANSPOSE(CQ$4:CQ$20),$G42:$W42)} -> 16 | CR42: {=SUMPRODUCT(TRANSPOSE(CR$4:CR$20),$G42:$W42)} -> 16 | CS42: {=SUMPRODUCT(TRANSPOSE(CS$4:CS$20),$G42:$W42)} -> 16 | CT42: {=SUMPRODUCT(TRANSPOSE(CT$4:CT$20),$G42:$W42)} -> 16 | CU42: {=SUMPRODUCT(TRANSPOSE(CU$4:CU$20),$G42:$W42)} -> 8 | ... DO42: {=SUMPRODUCT(TRANSPOSE(DO$4:DO$20),$G42:$W42)} -> 0
A43: =A42+1 -> 22 | B43: 1038B851-001 | C43: 410825592 | D43: NAMEPLATE | E43: EA | F43: 1 | G43: 0 | H43: 0 | I43: 0 | J43: 0 | K43: 0 | L43: 0 | M43: 0 | N43: 0 | O43: 0 | P43: 0 | Q43: 0 | R43: 0 | S43: 0 | T43: 0 | U43: 0 | V43: 0 | W43: 1 | X43: Ackerman | Y43: 1.5 | Z43: 231 | AA43: 0 | AB43: 0 | AC43: 0 | AD43: 0 | AE43: 0 | AF43: 0 | AG43: 0 | AH43: 0 | AI43: 0 | AJ43: 0 | AK43: 0 | AL43: 0 | AM43: 0 | AN43: 0 | BK43: =SUM($Z43:AD43)-SUM($CM43:CQ43) -> 215 | BL43: =SUM($Z43:AE43)-SUM($CM43:CR43) -> 199 | BM43: =SUM($Z43:AF43)-SUM($CM43:CS43) -> 183 | BN43: =SUM($Z43:AG43)-SUM($CM43:CT43) -> 167 | BO43: =SUM($Z43:AH43)-SUM($CM43:CU43) -> 151 | BP43: =SUM($Z43:AI43)-SUM($CM43:CV43) -> 135 | BQ43: =SUM($Z43:AJ43)-SUM($CM43:CW43) -> 119 | BR43: =SUM($Z43:AK43)-SUM($CM43:CX43) -> 103 | ... CI43: =SUM($Z43:BB43)-SUM($CM43:DO43) -> 103 | CN43: {=SUMPRODUCT(TRANSPOSE(CN$4:CN$20),$G43:$W43)} -> 0 | CO43: {=SUMPRODUCT(TRANSPOSE(CO$4:CO$20),$G43:$W43)} -> 0 | CP43: {=SUMPRODUCT(TRANSPOSE(CP$4:CP$20),$G43:$W43)} -> 0 | CQ43: {=SUMPRODUCT(TRANSPOSE(CQ$4:CQ$20),$G43:$W43)} -> 16 | CR43: {=SUMPRODUCT(TRANSPOSE(CR$4:CR$20),$G43:$W43)} -> 16 | CS43: {=SUMPRODUCT(TRANSPOSE(CS$4:CS$20),$G43:$W43)} -> 16 | CT43: {=SUMPRODUCT(TRANSPOSE(CT$4:CT$20),$G43:$W43)} -> 16 | CU43: {=SUMPRODUCT(TRANSPOSE(CU$4:CU$20),$G43:$W43)} -> 16 | ... DO43: {=SUMPRODUCT(TRANSPOSE(DO$4:DO$20),$G43:$W43)} -> 0
A44: =A43+1 -> 23 | B44: 1038B900-001 | C44: 410931169 | D44: MODULE F/ASSY TRG ASSY | E44: EA | F44: 1 | G44: 0 | H44: 0 | I44: 0 | J44: 0 | K44: 0 | L44: 0 | M44: 0 | N44: 2 | O44: 0 | P44: 0 | Q44: 0 | R44: 0 | S44: 0 | T44: 0 | U44: 0 | V44: 0 | W44: 0 | X44: ASSY | Y44: 0 | Z44: 0 | AA44: 0 | AB44: 0 | AC44: 0 | AD44: 0 | AE44: 0 | AF44: 0 | AG44: 0 | AH44: 0 | AI44: 0 | AJ44: 0 | AK44: 0 | AL44: 0 | AM44: 0 | AN44: 0 | BK44: =SUM($Z44:AD44)-SUM($CM44:CQ44) -> -32 | BL44: =SUM($Z44:AE44)-SUM($CM44:CR44) -> -64 | BM44: =SUM($Z44:AF44)-SUM($CM44:CS44) -> -96 | BN44: =SUM($Z44:AG44)-SUM($CM44:CT44) -> -128 | BO44: =SUM($Z44:AH44)-SUM($CM44:CU44) -> -144 | BP44: =SUM($Z44:AI44)-SUM($CM44:CV44) -> -160 | BQ44: =SUM($Z44:AJ44)-SUM($CM44:CW44) -> -176 | BR44: =SUM($Z44:AK44)-SUM($CM44:CX44) -> -192 | ... CI44: =SUM($Z44:BB44)-SUM($CM44:DO44) -> -256 | CN44: {=SUMPRODUCT(TRANSPOSE(CN$4:CN$20),$G44:$W44)} -> 0 | CO44: {=SUMPRODUCT(TRANSPOSE(CO$4:CO$20),$G44:$W44)} -> 0 | CP44: {=SUMPRODUCT(TRANSPOSE(CP$4:CP$20),$G44:$W44)} -> 0 | CQ44: {=SUMPRODUCT(TRANSPOSE(CQ$4:CQ$20),$G44:$W44)} -> 32 | CR44: {=SUMPRODUCT(TRANSPOSE(CR$4:CR$20),$G44:$W44)} -> 32 | CS44: {=SUMPRODUCT(TRANSPOSE(CS$4:CS$20),$G44:$W44)} -> 32 | CT44: {=SUMPRODUCT(TRANSPOSE(CT$4:CT$20),$G44:$W44)} -> 32 | CU44: {=SUMPRODUCT(TRANSPOSE(CU$4:CU$20),$G44:$W44)} -> 16 | ... DO44: {=SUMPRODUCT(TRANSPOSE(DO$4:DO$20),$G44:$W44)} -> 0
A45: =A44+1 -> 24 | B45: 1038B910-001 | C45: 411164868 | D45: P.S. TRA | E45: EA | F45: 1 | G45: 0 | H45: 0 | I45: 0 | J45: 0 | K45: 0 | L45: 0 | M45: 0 | N45: 0 | O45: 1 | P45: 0 | Q45: 0 | R45: 0 | S45: 0 | T45: 0 | U45: 0 | V45: 0 | W45: 0 | X45: OHM | Y45: 14910 | Z45: 205 | AA45: 0 | AB45: 0 | AC45: 0 | AD45: 0 | AE45: 0 | AF45: 0 | AG45: 0 | AH45: 0 | AI45: 0 | AJ45: 0 | AK45: 0 | AL45: 0 | AM45: 0 | AN45: 0 | BK45: =SUM($Z45:AD45)-SUM($CM45:CQ45) -> 170 | BL45: =SUM($Z45:AE45)-SUM($CM45:CR45) -> 135 | BM45: =SUM($Z45:AF45)-SUM($CM45:CS45) -> 100 | BN45: =SUM($Z45:AG45)-SUM($CM45:CT45) -> 70 | BO45: =SUM($Z45:AH45)-SUM($CM45:CU45) -> 40 | BP45: =SUM($Z45:AI45)-SUM($CM45:CV45) -> 10 | BQ45: =SUM($Z45:AJ45)-SUM($CM45:CW45) -> -20 | BR45: =SUM($Z45:AK45)-SUM($CM45:CX45) -> -50 | ... CI45: =SUM($Z45:BB45)-SUM($CM45:DO45) -> -154 | CN45: {=SUMPRODUCT(TRANSPOSE(CN$4:CN$20),$G45:$W45)} -> 0 | CO45: {=SUMPRODUCT(TRANSPOSE(CO$4:CO$20),$G45:$W45)} -> 0 | CP45: {=SUMPRODUCT(TRANSPOSE(CP$4:CP$20),$G45:$W45)} -> 0 | CQ45: {=SUMPRODUCT(TRANSPOSE(CQ$4:CQ$20),$G45:$W45)} -> 35 | CR45: {=SUMPRODUCT(TRANSPOSE(CR$4:CR$20),$G45:$W45)} -> 35 | CS45: {=SUMPRODUCT(TRANSPOSE(CS$4:CS$20),$G45:$W45)} -> 35 | CT45: {=SUMPRODUCT(TRANSPOSE(CT$4:CT$20),$G45:$W45)} -> 30 | CU45: {=SUMPRODUCT(TRANSPOSE(CU$4:CU$20),$G45:$W45)} -> 30 | ... DO45: {=SUMPRODUCT(TRANSPOSE(DO$4:DO$20),$G45:$W45)} -> 0
A46: =A45+1 -> 25 | B46: 1038B930-001 | C46: 403129136 | D46: MODULE F/ASSY RA ASSY | E46: EA | F46: 1 | G46: 0 | H46: 0 | I46: 0 | J46: 0 | K46: 0 | L46: 0 | M46: 0 | N46: 2 | O46: 0 | P46: 0 | Q46: 0 | R46: 0 | S46: 0 | T46: 0 | U46: 0 | V46: 0 | W46: 0 | X46: ASSY | Y46: 0 | Z46: 0 | AA46: 0 | AB46: 0 | AC46: 0 | AD46: 0 | AE46: 0 | AF46: 0 | AG46: 0 | AH46: 0 | AI46: 0 | AJ46: 0 | AK46: 0 | AL46: 0 | AM46: 0 | AN46: 0 | BK46: =SUM($Z46:AD46)-SUM($CM46:CQ46) -> -32 | BL46: =SUM($Z46:AE46)-SUM($CM46:CR46) -> -64 | BM46: =SUM($Z46:AF46)-SUM($CM46:CS46) -> -96 | BN46: =SUM($Z46:AG46)-SUM($CM46:CT46) -> -128 | BO46: =SUM($Z46:AH46)-SUM($CM46:CU46) -> -144 | BP46: =SUM($Z46:AI46)-SUM($CM46:CV46) -> -160 | BQ46: =SUM($Z46:AJ46)-SUM($CM46:CW46) -> -176 | BR46: =SUM($Z46:AK46)-SUM($CM46:CX46) -> -192 | ... CI46: =SUM($Z46:BB46)-SUM($CM46:DO46) -> -256 | CN46: {=SUMPRODUCT(TRANSPOSE(CN$4:CN$20),$G46:$W46)} -> 0 | CO46: {=SUMPRODUCT(TRANSPOSE(CO$4:CO$20),$G46:$W46)} -> 0 | CP46: {=SUMPRODUCT(TRANSPOSE(CP$4:CP$20),$G46:$W46)} -> 0 | CQ46: {=SUMPRODUCT(TRANSPOSE(CQ$4:CQ$20),$G46:$W46)} -> 32 | CR46: {=SUMPRODUCT(TRANSPOSE(CR$4:CR$20),$G46:$W46)} -> 32 | CS46: {=SUMPRODUCT(TRANSPOSE(CS$4:CS$20),$G46:$W46)} -> 32 | CT46: {=SUMPRODUCT(TRANSPOSE(CT$4:CT$20),$G46:$W46)} -> 32 | CU46: {=SUMPRODUCT(TRANSPOSE(CU$4:CU$20),$G46:$W46)} -> 16 | ... DO46: {=SUMPRODUCT(TRANSPOSE(DO$4:DO$20),$G46:$W46)} -> 0
A47: =A46+1 -> 26 | B47: 1038B933-001 | C47: 411031349 | D47: DUAL PS COVER | E47: EA | F47: 1 | G47: 0 | H47: 0 | I47: 0 | J47: 0 | K47: 0 | L47: 0 | M47: 0 | N47: 0 | O47: 1 | P47: 0 | Q47: 0 | R47: 0 | S47: 1 | T47: 0 | U47: 0 | V47: 0 | W47: 0 | X47: Wave Mechanics | Y47: 335 | Z47: 346 | AA47: 0 | AB47: 0 | AC47: 0 | AD47: 0 | AE47: 373 | AF47: 0 | AG47: 0 | AH47: 0 | AI47: 0 | AJ47: 0 | AK47: 0 | AL47: 0 | AM47: 0 | AN47: 0 | BK47: =SUM($Z47:AD47)-SUM($CM47:CQ47) -> 268 | BL47: =SUM($Z47:AE47)-SUM($CM47:CR47) -> 571 | BM47: =SUM($Z47:AF47)-SUM($CM47:CS47) -> 506 | BN47: =SUM($Z47:AG47)-SUM($CM47:CT47) -> 446 | BO47: =SUM($Z47:AH47)-SUM($CM47:CU47) -> 386 | BP47: =SUM($Z47:AI47)-SUM($CM47:CV47) -> 326 | BQ47: =SUM($Z47:AJ47)-SUM($CM47:CW47) -> 266 | BR47: =SUM($Z47:AK47)-SUM($CM47:CX47) -> 206 | ... CI47: =SUM($Z47:BB47)-SUM($CM47:DO47) -> 12 | CN47: {=SUMPRODUCT(TRANSPOSE(CN$4:CN$20),$G47:$W47)} -> 0 | CO47: {=SUMPRODUCT(TRANSPOSE(CO$4:CO$20),$G47:$W47)} -> 0 | CP47: {=SUMPRODUCT(TRANSPOSE(CP$4:CP$20),$G47:$W47)} -> 0 | CQ47: {=SUMPRODUCT(TRANSPOSE(CQ$4:CQ$20),$G47:$W47)} -> 78 | CR47: {=SUMPRODUCT(TRANSPOSE(CR$4:CR$20),$G47:$W47)} -> 70 | CS47: {=SUMPRODUCT(TRANSPOSE(CS$4:CS$20),$G47:$W47)} -> 65 | CT47: {=SUMPRODUCT(TRANSPOSE(CT$4:CT$20),$G47:$W47)} -> 60 | CU47: {=SUMPRODUCT(TRANSPOSE(CU$4:CU$20),$G47:$W47)} -> 60 | ... DO47: {=SUMPRODUCT(TRANSPOSE(DO$4:DO$20),$G47:$W47)} -> 0
A48: =A47+1 -> 27 | B48: 1038B940-001 | C48: 411135500 | D48: P.S. RA | E48: EA | F48: 1 | G48: 0 | H48: 0 | I48: 0 | J48: 0 | K48: 0 | L48: 0 | M48: 0 | N48: 0 | O48: 0 | P48: 0 | Q48: 0 | R48: 0 | S48: 1 | T48: 0 | U48: 0 | V48: 0 | W48: 0 | X48: OHM | Y48: 9010 | Z48: 185 | AA48: 0 | AB48: 0 | AC48: 0 | AD48: 0 | AE48: 0 | AF48: 0 | AG48: 0 | AH48: 0 | AI48: 0 | AJ48: 0 | AK48: 0 | AL48: 0 | AM48: 0 | AN48: 0 | BK48: =SUM($Z48:AD48)-SUM($CM48:CQ48) -> 142 | BL48: =SUM($Z48:AE48)-SUM($CM48:CR48) -> 107 | BM48: =SUM($Z48:AF48)-SUM($CM48:CS48) -> 77 | BN48: =SUM($Z48:AG48)-SUM($CM48:CT48) -> 47 | BO48: =SUM($Z48:AH48)-SUM($CM48:CU48) -> 17 | BP48: =SUM($Z48:AI48)-SUM($CM48:CV48) -> -13 | BQ48: =SUM($Z48:AJ48)-SUM($CM48:CW48) -> -43 | BR48: =SUM($Z48:AK48)-SUM($CM48:CX48) -> -73 | ... CI48: =SUM($Z48:BB48)-SUM($CM48:DO48) -> -163 | CN48: {=SUMPRODUCT(TRANSPOSE(CN$4:CN$20),$G48:$W48)} -> 0 | CO48: {=SUMPRODUCT(TRANSPOSE(CO$4:CO$20),$G48:$W48)} -> 0 | CP48: {=SUMPRODUCT(TRANSPOSE(CP$4:CP$20),$G48:$W48)} -> 0 | CQ48: {=SUMPRODUCT(TRANSPOSE(CQ$4:CQ$20),$G48:$W48)} -> 43 | CR48: {=SUMPRODUCT(TRANSPOSE(CR$4:CR$20),$G48:$W48)} -> 35 | CS48: {=SUMPRODUCT(TRANSPOSE(CS$4:CS$20),$G48:$W48)} -> 30 | CT48: {=SUMPRODUCT(TRANSPOSE(CT$4:CT$20),$G48:$W48)} -> 30 | CU48: {=SUMPRODUCT(TRANSPOSE(CU$4:CU$20),$G48:$W48)} -> 30 | ... DO48: {=SUMPRODUCT(TRANSPOSE(DO$4:DO$20),$G48:$W48)} -> 0
A49: =A48+1 -> 28 | B49: 1038H563-002 | C49: 420006522 | D49: GUIDE PIN | E49: EA | F49: 1 | G49: 0 | H49: 0 | I49: 0 | J49: 0 | K49: 0 | L49: 0 | M49: 0 | N49: 8 | O49: 0 | P49: 0 | Q49: 0 | R49: 0 | S49: 0 | T49: 0 | U49: 0 | V49: 0 | W49: 0 | X49: Simat Industries Ltd. | Y49: 4.18 | Z49: 1815 | AA49: 0 | AB49: 0 | AC49: 0 | AD49: 0 | AE49: 0 | AF49: 0 | AG49: 0 | AH49: 0 | AI49: 0 | AJ49: 0 | AK49: 0 | AL49: 0 | AM49: 0 | AN49: 0 | BK49: =SUM($Z49:AD49)-SUM($CM49:CQ49) -> 1687 | BL49: =SUM($Z49:AE49)-SUM($CM49:CR49) -> 1559 | BM49: =SUM($Z49:AF49)-SUM($CM49:CS49) -> 1431 | BN49: =SUM($Z49:AG49)-SUM($CM49:CT49) -> 1303 | BO49: =SUM($Z49:AH49)-SUM($CM49:CU49) -> 1239 | BP49: =SUM($Z49:AI49)-SUM($CM49:CV49) -> 1175 | BQ49: =SUM($Z49:AJ49)-SUM($CM49:CW49) -> 1111 | BR49: =SUM($Z49:AK49)-SUM($CM49:CX49) -> 1047 | ... CI49: =SUM($Z49:BB49)-SUM($CM49:DO49) -> 791 | CN49: {=SUMPRODUCT(TRANSPOSE(CN$4:CN$20),$G49:$W49)} -> 0 | CO49: {=SUMPRODUCT(TRANSPOSE(CO$4:CO$20),$G49:$W49)} -> 0 | CP49: {=SUMPRODUCT(TRANSPOSE(CP$4:CP$20),$G49:$W49)} -> 0 | CQ49: {=SUMPRODUCT(TRANSPOSE(CQ$4:CQ$20),$G49:$W49)} -> 128 | CR49: {=SUMPRODUCT(TRANSPOSE(CR$4:CR$20),$G49:$W49)} -> 128 | CS49: {=SUMPRODUCT(TRANSPOSE(CS$4:CS$20),$G49:$W49)} -> 128 | CT49: {=SUMPRODUCT(TRANSPOSE(CT$4:CT$20),$G49:$W49)} -> 128 | CU49: {=SUMPRODUCT(TRANSPOSE(CU$4:CU$20),$G49:$W49)} -> 64 | ... DO49: {=SUMPRODUCT(TRANSPOSE(DO$4:DO$20),$G49:$W49)} -> 0
A50: =A49+1 -> 29 | B50: 1038H564-001 | C50: 415674861 | D50: GUIDE PIN | E50: EA | F50: 1 | G50: 0 | H50: 0 | I50: 0 | J50: 0 | K50: 0 | L50: 0 | M50: 0 | N50: 8 | O50: 0 | P50: 0 | Q50: 0 | R50: 0 | S50: 0 | T50: 0 | U50: 0 | V50: 0 | W50: 0 | X50: Simat Industries Ltd. | Y50: 3.04 | Z50: 1815 | AA50: 0 | AB50: 0 | AC50: 0 | AD50: 0 | AE50: 0 | AF50: 0 | AG50: 0 | AH50: 0 | AI50: 0 | AJ50: 0 | AK50: 0 | AL50: 0 | AM50: 0 | AN50: 0 | BK50: =SUM($Z50:AD50)-SUM($CM50:CQ50) -> 1687 | BL50: =SUM($Z50:AE50)-SUM($CM50:CR50) -> 1559 | BM50: =SUM($Z50:AF50)-SUM($CM50:CS50) -> 1431 | BN50: =SUM($Z50:AG50)-SUM($CM50:CT50) -> 1303 | BO50: =SUM($Z50:AH50)-SUM($CM50:CU50) -> 1239 | BP50: =SUM($Z50:AI50)-SUM($CM50:CV50) -> 1175 | BQ50: =SUM($Z50:AJ50)-SUM($CM50:CW50) -> 1111 | BR50: =SUM($Z50:AK50)-SUM($CM50:CX50) -> 1047 | ... CI50: =SUM($Z50:BB50)-SUM($CM50:DO50) -> 791 | CN50: {=SUMPRODUCT(TRANSPOSE(CN$4:CN$20),$G50:$W50)} -> 0 | CO50: {=SUMPRODUCT(TRANSPOSE(CO$4:CO$20),$G50:$W50)} -> 0 | CP50: {=SUMPRODUCT(TRANSPOSE(CP$4:CP$20),$G50:$W50)} -> 0 | CQ50: {=SUMPRODUCT(TRANSPOSE(CQ$4:CQ$20),$G50:$W50)} -> 128 | CR50: {=SUMPRODUCT(TRANSPOSE(CR$4:CR$20),$G50:$W50)} -> 128 | CS50: {=SUMPRODUCT(TRANSPOSE(CS$4:CS$20),$G50:$W50)} -> 128 | CT50: {=SUMPRODUCT(TRANSPOSE(CT$4:CT$20),$G50:$W50)} -> 128 | CU50: {=SUMPRODUCT(TRANSPOSE(CU$4:CU$20),$G50:$W50)} -> 64 | ... DO50: {=SUMPRODUCT(TRANSPOSE(DO$4:DO$20),$G50:$W50)} -> 0
A51: =A50+1 -> 30 | B51: 1038H565-001 | C51: 415424091 | D51: ADAPTOR | E51: EA | F51: 1 | G51: 0 | H51: 0 | I51: 0 | J51: 0 | K51: 0 | L51: 0 | M51: 0 | N51: 0 | O51: 0 | P51: 0 | Q51: 0 | R51: 0 | S51: 0 | T51: 0 | U51: 0 | V51: 0 | W51: 140 | X51: Star Light/Huang Ling | Y51: 35.72 | Z51: 32340 | AA51: 0 | AB51: 0 | AC51: 0 | AD51: 0 | AE51: 0 | AF51: 0 | AG51: 0 | AH51: 0 | AI51: 0 | AJ51: 0 | AK51: 0 | AL51: 0 | AM51: 0 | AN51: 0 | BK51: =SUM($Z51:AD51)-SUM($CM51:CQ51) -> 30100 | BL51: =SUM($Z51:AE51)-SUM($CM51:CR51) -> 27860 | BM51: =SUM($Z51:AF51)-SUM($CM51:CS51) -> 25620 | BN51: =SUM($Z51:AG51)-SUM($CM51:CT51) -> 23380 | BO51: =SUM($Z51:AH51)-SUM($CM51:CU51) -> 21140 | BP51: =SUM($Z51:AI51)-SUM($CM51:CV51) -> 18900 | BQ51: =SUM($Z51:AJ51)-SUM($CM51:CW51) -> 16660 | BR51: =SUM($Z51:AK51)-SUM($CM51:CX51) -> 14420 | ... CI51: =SUM($Z51:BB51)-SUM($CM51:DO51) -> 14420 | CN51: {=SUMPRODUCT(TRANSPOSE(CN$4:CN$20),$G51:$W51)} -> 0 | CO51: {=SUMPRODUCT(TRANSPOSE(CO$4:CO$20),$G51:$W51)} -> 0 | CP51: {=SUMPRODUCT(TRANSPOSE(CP$4:CP$20),$G51:$W51)} -> 0 | CQ51: {=SUMPRODUCT(TRANSPOSE(CQ$4:CQ$20),$G51:$W51)} -> 2240 | CR51: {=SUMPRODUCT(TRANSPOSE(CR$4:CR$20),$G51:$W51)} -> 2240 | CS51: {=SUMPRODUCT(TRANSPOSE(CS$4:CS$20),$G51:$W51)} -> 2240 | CT51: {=SUMPRODUCT(TRANSPOSE(CT$4:CT$20),$G51:$W51)} -> 2240 | CU51: {=SUMPRODUCT(TRANSPOSE(CU$4:CU$20),$G51:$W51)} -> 2240 | ... DO51: {=SUMPRODUCT(TRANSPOSE(DO$4:DO$20),$G51:$W51)} -> 0
... A53: =A52+1 -> 32 | B53: 1092L481-001 | C53: 401548139 | D53: CERAMIC FILTER S BAND | E53: EA | F53: 1 | G53: 0 | H53: 0 | I53: 0 | J53: 0 | K53: 0 | L53: 0 | M53: 0 | N53: 0 | O53: 0 | P53: 0 | Q53: 35 | R53: 0 | S53: 0 | T53: 0 | U53: 35 | V53: 0 | W53: 0 | X53: REMTEC | Y53: 3.85 | Z53: 19400 | AA53: 0 | AB53: 0 | AC53: 0 | AD53: 0 | AE53: 0 | AF53: 0 | AG53: 0 | AH53: 0 | AI53: 0 | AJ53: 0 | AK53: 0 | AL53: 0 | AM53: 0 | AN53: 0 | BK53: =SUM($Z53:AD53)-SUM($CM53:CQ53) -> 16670 | BL53: =SUM($Z53:AE53)-SUM($CM53:CR53) -> 14220 | BM53: =SUM($Z53:AF53)-SUM($CM53:CS53) -> 11945 | BN53: =SUM($Z53:AG53)-SUM($CM53:CT53) -> 9845 | BO53: =SUM($Z53:AH53)-SUM($CM53:CU53) -> 7745 | BP53: =SUM($Z53:AI53)-SUM($CM53:CV53) -> 5645 | BQ53: =SUM($Z53:AJ53)-SUM($CM53:CW53) -> 3545 | BR53: =SUM($Z53:AK53)-SUM($CM53:CX53) -> 1445 | ... CI53: =SUM($Z53:BB53)-SUM($CM53:DO53) -> -5345 | CN53: {=SUMPRODUCT(TRANSPOSE(CN$4:CN$20),$G53:$W53)} -> 0 | CO53: {=SUMPRODUCT(TRANSPOSE(CO$4:CO$20),$G53:$W53)} -> 0 | CP53: {=SUMPRODUCT(TRANSPOSE(CP$4:CP$20),$G53:$W53)} -> 0 | CQ53: {=SUMPRODUCT(TRANSPOSE(CQ$4:CQ$20),$G53:$W53)} -> 2730 | CR53: {=SUMPRODUCT(TRANSPOSE(CR$4:CR$20),$G53:$W53)} -> 2450 | CS53: {=SUMPRODUCT(TRANSPOSE(CS$4:CS$20),$G53:$W53)} -> 2275 | CT53: {=SUMPRODUCT(TRANSPOSE(CT$4:CT$20),$G53:$W53)} -> 2100 | CU53: {=SUMPRODUCT(TRANSPOSE(CU$4:CU$20),$G53:$W53)} -> 2100 | ... DO53: {=SUMPRODUCT(TRANSPOSE(DO$4:DO$20),$G53:$W53)} -> 0
A54: =A53+1 -> 33 | B54: 1093J357-001 | C54: 411818362 | D54: SHIM 0.4X0.8D | E54: AR | F54: 1 | G54: 0 | H54: 0 | I54: 0 | J54: 0 | K54: 0 | L54: 0 | M54: 0 | N54: 0 | O54: 0 | P54: 0 | Q54: 0 | R54: 0 | S54: 0 | T54: 0 | U54: 0 | V54: 0 | W54: 0 | X54: Chemograf | Y54: 32 | Z54: 0 | AA54: 0 | AB54: 0 | AC54: 0 | AD54: 0 | AE54: 0 | AF54: 0 | AG54: 0 | AH54: 0 | AI54: 0 | AJ54: 0 | AK54: 0 | AL54: 0 | AM54: 0 | BK54: =SUM($Z54:AD54)-SUM($CM54:CQ54) -> 0 | BL54: =SUM($Z54:AE54)-SUM($CM54:CR54) -> 0 | BM54: =SUM($Z54:AF54)-SUM($CM54:CS54) -> 0 | BN54: =SUM($Z54:AG54)-SUM($CM54:CT54) -> 0 | BO54: =SUM($Z54:AH54)-SUM($CM54:CU54) -> 0 | BP54: =SUM($Z54:AI54)-SUM($CM54:CV54) -> 0 | BQ54: =SUM($Z54:AJ54)-SUM($CM54:CW54) -> 0 | BR54: =SUM($Z54:AK54)-SUM($CM54:CX54) -> 0 | ... CI54: =SUM($Z54:BB54)-SUM($CM54:DO54) -> 0 | CN54: {=SUMPRODUCT(TRANSPOSE(CN$4:CN$20),$G54:$W54)} -> 0 | CO54: {=SUMPRODUCT(TRANSPOSE(CO$4:CO$20),$G54:$W54)} -> 0 | CP54: {=SUMPRODUCT(TRANSPOSE(CP$4:CP$20),$G54:$W54)} -> 0 | CQ54: {=SUMPRODUCT(TRANSPOSE(CQ$4:CQ$20),$G54:$W54)} -> 0 | CR54: {=SUMPRODUCT(TRANSPOSE(CR$4:CR$20),$G54:$W54)} -> 0 | CS54: {=SUMPRODUCT(TRANSPOSE(CS$4:CS$20),$G54:$W54)} -> 0 | CT54: {=SUMPRODUCT(TRANSPOSE(CT$4:CT$20),$G54:$W54)} -> 0 | CU54: {=SUMPRODUCT(TRANSPOSE(CU$4:CU$20),$G54:$W54)} -> 0 | ... DO54: {=SUMPRODUCT(TRANSPOSE(DO$4:DO$20),$G54:$W54)} -> 0
A55: =A54+1 -> 34 | B55: 1093J365-002 | C55: 404488392 | D55: SHIM 2.0MM | E55: AR | F55: 2 | G55: 0 | H55: 0 | I55: 0 | J55: 0 | K55: 0 | L55: 0 | M55: 0 | N55: 0 | O55: 0 | P55: 0 | Q55: 0.025 | R55: 0 | S55: 0 | T55: 0 | U55: 0 | V55: 0 | W55: 0 | X55: Chemograf | Y55: 32 | Z55: 13 | AA55: 0 | AB55: 0 | AC55: 0 | AD55: 0 | AE55: 0 | AF55: 0 | AG55: 0 | AH55: 0 | AI55: 0 | AJ55: 0 | AK55: 0 | AL55: 0 | AM55: 0 | AN55: 0 | BK55: =SUM($Z55:AD55)-SUM($CM55:CQ55) -> 12.125 | BL55: =SUM($Z55:AE55)-SUM($CM55:CR55) -> 11.25 | BM55: =SUM($Z55:AF55)-SUM($CM55:CS55) -> 10.375 | BN55: =SUM($Z55:AG55)-SUM($CM55:CT55) -> 9.625 | BO55: =SUM($Z55:AH55)-SUM($CM55:CU55) -> 8.875 | BP55: =SUM($Z55:AI55)-SUM($CM55:CV55) -> 8.125 | BQ55: =SUM($Z55:AJ55)-SUM($CM55:CW55) -> 7.375 | BR55: =SUM($Z55:AK55)-SUM($CM55:CX55) -> 6.625 | ... CI55: =SUM($Z55:BB55)-SUM($CM55:DO55) -> 4.025 | CN55: {=SUMPRODUCT(TRANSPOSE(CN$4:CN$20),$G55:$W55)} -> 0 | CO55: {=SUMPRODUCT(TRANSPOSE(CO$4:CO$20),$G55:$W55)} -> 0 | CP55: {=SUMPRODUCT(TRANSPOSE(CP$4:CP$20),$G55:$W55)} -> 0 | CQ55: {=SUMPRODUCT(TRANSPOSE(CQ$4:CQ$20),$G55:$W55)} -> 0.875 | CR55: {=SUMPRODUCT(TRANSPOSE(CR$4:CR$20),$G55:$W55)} -> 0.875 | CS55: {=SUMPRODUCT(TRANSPOSE(CS$4:CS$20),$G55:$W55)} -> 0.875 | CT55: {=SUMPRODUCT(TRANSPOSE(CT$4:CT$20),$G55:$W55)} -> 0.75 | CU55: {=SUMPRODUCT(TRANSPOSE(CU$4:CU$20),$G55:$W55)} -> 0.75 | ... DO55: {=SUMPRODUCT(TRANSPOSE(DO$4:DO$20),$G55:$W55)} -> 0
A56: =A55+1 -> 35 | B56: 1093L847-001 | C56: 417493560 | D56: POWER FILTER ASSY | E56: EA | F56: 1 | G56: 0 | H56: 0 | I56: 0 | J56: 0 | K56: 0 | L56: 0 | M56: 0 | N56: 0 | O56: 1 | P56: 0 | Q56: 0 | R56: 0 | S56: 1 | T56: 0 | U56: 0 | V56: 0 | W56: 0 | X56: BFE | Y56: 0 | Z56: 575 | AA56: 0 | AB56: 0 | AC56: 0 | AD56: 0 | AE56: 0 | AF56: 0 | AG56: 0 | AH56: 0 | AI56: 0 | AJ56: 0 | AK56: 0 | AL56: 0 | AM56: 0 | AN56: 0 | BK56: =SUM($Z56:AD56)-SUM($CM56:CQ56) -> 497 | BL56: =SUM($Z56:AE56)-SUM($CM56:CR56) -> 427 | BM56: =SUM($Z56:AF56)-SUM($CM56:CS56) -> 362 | BN56: =SUM($Z56:AG56)-SUM($CM56:CT56) -> 302 | BO56: =SUM($Z56:AH56)-SUM($CM56:CU56) -> 242 | BP56: =SUM($Z56:AI56)-SUM($CM56:CV56) -> 182 | BQ56: =SUM($Z56:AJ56)-SUM($CM56:CW56) -> 122 | BR56: =SUM($Z56:AK56)-SUM($CM56:CX56) -> 62 | ... CI56: =SUM($Z56:BB56)-SUM($CM56:DO56) -> -132 | CN56: {=SUMPRODUCT(TRANSPOSE(CN$4:CN$20),$G56:$W56)} -> 0 | CO56: {=SUMPRODUCT(TRANSPOSE(CO$4:CO$20),$G56:$W56)} -> 0 | CP56: {=SUMPRODUCT(TRANSPOSE(CP$4:CP$20),$G56:$W56)} -> 0 | CQ56: {=SUMPRODUCT(TRANSPOSE(CQ$4:CQ$20),$G56:$W56)} -> 78 | CR56: {=SUMPRODUCT(TRANSPOSE(CR$4:CR$20),$G56:$W56)} -> 70 | CS56: {=SUMPRODUCT(TRANSPOSE(CS$4:CS$20),$G56:$W56)} -> 65 | CT56: {=SUMPRODUCT(TRANSPOSE(CT$4:CT$20),$G56:$W56)} -> 60 | CU56: {=SUMPRODUCT(TRANSPOSE(CU$4:CU$20),$G56:$W56)} -> 60 | ... DO56: {=SUMPRODUCT(TRANSPOSE(DO$4:DO$20),$G56:$W56)} -> 0
A57: =A56+1 -> 36 | B57: 1093R459-003 | C57: 400485716 | D57: RUBBER GASKET CHEM. AGENT RES. | E57: EA | F57: 1 | G57: 0 | H57: 0 | I57: 0 | J57: 0 | K57: 0 | L57: 0 | M57: 0 | N57: 0 | O57: 1 | P57: 0 | Q57: 0 | R57: 0 | S57: 1 | T57: 0 | U57: 0 | V57: 0 | W57: 0 | X57: Gumiyan | Y57: 16.3 | Z57: 1067 | AA57: 0 | AB57: 0 | AC57: 0 | AD57: 0 | AE57: 0 | AF57: 0 | AG57: 0 | AH57: 0 | AI57: 0 | AJ57: 0 | AK57: 0 | AL57: 0 | AM57: 0 | AN57: 0 | BK57: =SUM($Z57:AD57)-SUM($CM57:CQ57) -> 989 | BL57: =SUM($Z57:AE57)-SUM($CM57:CR57) -> 919 | BM57: =SUM($Z57:AF57)-SUM($CM57:CS57) -> 854 | BN57: =SUM($Z57:AG57)-SUM($CM57:CT57) -> 794 | BO57: =SUM($Z57:AH57)-SUM($CM57:CU57) -> 734 | BP57: =SUM($Z57:AI57)-SUM($CM57:CV57) -> 674 | BQ57: =SUM($Z57:AJ57)-SUM($CM57:CW57) -> 614 | BR57: =SUM($Z57:AK57)-SUM($CM57:CX57) -> 554 | ... CI57: =SUM($Z57:BB57)-SUM($CM57:DO57) -> 360 | CN57: {=SUMPRODUCT(TRANSPOSE(CN$4:CN$20),$G57:$W57)} -> 0 | CO57: {=SUMPRODUCT(TRANSPOSE(CO$4:CO$20),$G57:$W57)} -> 0 | CP57: {=SUMPRODUCT(TRANSPOSE(CP$4:CP$20),$G57:$W57)} -> 0 | CQ57: {=SUMPRODUCT(TRANSPOSE(CQ$4:CQ$20),$G57:$W57)} -> 78 | CR57: {=SUMPRODUCT(TRANSPOSE(CR$4:CR$20),$G57:$W57)} -> 70 | CS57: {=SUMPRODUCT(TRANSPOSE(CS$4:CS$20),$G57:$W57)} -> 65 | CT57: {=SUMPRODUCT(TRANSPOSE(CT$4:CT$20),$G57:$W57)} -> 60 | CU57: {=SUMPRODUCT(TRANSPOSE(CU$4:CU$20),$G57:$W57)} -> 60 | ... DO57: {=SUMPRODUCT(TRANSPOSE(DO$4:DO$20),$G57:$W57)} -> 0
A58: =A57+1 -> 37 | B58: 1093R492-006 | C58: 401661121 | D58: PC BLANK MASTER DWG. FLY-25 Z6 | E58: EA | F58: 1 | G58: 0 | H58: 0 | I58: 0 | J58: 0 | K58: 0 | L58: 0 | M58: 0 | N58: 0 | O58: 0 | P58: 0 | Q58: 0 | R58: 1 | S58: 0 | T58: 0 | U58: 0 | V58: 1 | W58: 0 | X58: Micropack | Y58: 70 | Z58: 1065 | AA58: 0 | AB58: 0 | AC58: 0 | AD58: 0 | AE58: 0 | AF58: 0 | AG58: 0 | AH58: 0 | AI58: 0 | AJ58: 0 | AK58: 0 | AL58: 0 | AM58: 0 | AN58: 0 | BK58: =SUM($Z58:AD58)-SUM($CM58:CQ58) -> 995 | BL58: =SUM($Z58:AE58)-SUM($CM58:CR58) -> 925 | BM58: =SUM($Z58:AF58)-SUM($CM58:CS58) -> 855 | BN58: =SUM($Z58:AG58)-SUM($CM58:CT58) -> 785 | BO58: =SUM($Z58:AH58)-SUM($CM58:CU58) -> 715 | BP58: =SUM($Z58:AI58)-SUM($CM58:CV58) -> 645 | BQ58: =SUM($Z58:AJ58)-SUM($CM58:CW58) -> 575 | BR58: =SUM($Z58:AK58)-SUM($CM58:CX58) -> 505 | ... CI58: =SUM($Z58:BB58)-SUM($CM58:DO58) -> 400 | CN58: {=SUMPRODUCT(TRANSPOSE(CN$4:CN$20),$G58:$W58)} -> 0 | CO58: {=SUMPRODUCT(TRANSPOSE(CO$4:CO$20),$G58:$W58)} -> 0 | CP58: {=SUMPRODUCT(TRANSPOSE(CP$4:CP$20),$G58:$W58)} -> 0 | CQ58: {=SUMPRODUCT(TRANSPOSE(CQ$4:CQ$20),$G58:$W58)} -> 70 | CR58: {=SUMPRODUCT(TRANSPOSE(CR$4:CR$20),$G58:$W58)} -> 70 | CS58: {=SUMPRODUCT(TRANSPOSE(CS$4:CS$20),$G58:$W58)} -> 70 | CT58: {=SUMPRODUCT(TRANSPOSE(CT$4:CT$20),$G58:$W58)} -> 70 | CU58: {=SUMPRODUCT(TRANSPOSE(CU$4:CU$20),$G58:$W58)} -> 70 | ... DO58: {=SUMPRODUCT(TRANSPOSE(DO$4:DO$20),$G58:$W58)} -> 0
A59: =A58+1 -> 38 | B59: 1094H538-001 | C59: 401513194 | D59: MULTI LAYER BPF 2900-3400 MHZ | E59: EA | F59: 1 | G59: 0 | H59: 0 | I59: 0 | J59: 0 | K59: 0 | L59: 0 | M59: 0 | N59: 0 | O59: 0 | P59: 0 | Q59: 35 | R59: 0 | S59: 0 | T59: 0 | U59: 35 | V59: 0 | W59: 0 | X59: Ascotech | Y59: 3.85 | Z59: 30000 | AA59: 0 | AB59: 0 | AC59: 0 | AD59: 0 | AE59: 0 | AF59: 0 | AG59: 0 | AH59: 0 | AI59: 0 | AJ59: 0 | AK59: 0 | AL59: 0 | AM59: 0 | AN59: 0 | BK59: =SUM($Z59:AD59)-SUM($CM59:CQ59) -> 27270 | BL59: =SUM($Z59:AE59)-SUM($CM59:CR59) -> 24820 | BM59: =SUM($Z59:AF59)-SUM($CM59:CS59) -> 22545 | BN59: =SUM($Z59:AG59)-SUM($CM59:CT59) -> 20445 | BO59: =SUM($Z59:AH59)-SUM($CM59:CU59) -> 18345 | BP59: =SUM($Z59:AI59)-SUM($CM59:CV59) -> 16245 | BQ59: =SUM($Z59:AJ59)-SUM($CM59:CW59) -> 14145 | BR59: =SUM($Z59:AK59)-SUM($CM59:CX59) -> 12045 | ... CI59: =SUM($Z59:BB59)-SUM($CM59:DO59) -> 5255 | CN59: {=SUMPRODUCT(TRANSPOSE(CN$4:CN$20),$G59:$W59)} -> 0 | CO59: {=SUMPRODUCT(TRANSPOSE(CO$4:CO$20),$G59:$W59)} -> 0 | CP59: {=SUMPRODUCT(TRANSPOSE(CP$4:CP$20),$G59:$W59)} -> 0 | CQ59: {=SUMPRODUCT(TRANSPOSE(CQ$4:CQ$20),$G59:$W59)} -> 2730 | CR59: {=SUMPRODUCT(TRANSPOSE(CR$4:CR$20),$G59:$W59)} -> 2450 | CS59: {=SUMPRODUCT(TRANSPOSE(CS$4:CS$20),$G59:$W59)} -> 2275 | CT59: {=SUMPRODUCT(TRANSPOSE(CT$4:CT$20),$G59:$W59)} -> 2100 | CU59: {=SUMPRODUCT(TRANSPOSE(CU$4:CU$20),$G59:$W59)} -> 2100 | ... DO59: {=SUMPRODUCT(TRANSPOSE(DO$4:DO$20),$G59:$W59)} -> 0
A60: =A59+1 -> 39 | B60: 1094R477-001 | C60: 400606117 | D60: CABLE ASSY. W3 | E60: EA | F60: 1 | G60: 0 | H60: 0 | I60: 0 | J60: 0 | K60: 0 | L60: 0 | M60: 0 | N60: 0 | O60: 1 | P60: 0 | Q60: 0 | R60: 0 | S60: 1 | T60: 0 | U60: 0 | V60: 0 | W60: 0 | X60: EIM Systems and Components (1999) Ltd. | Y60: 305 | Z60: 1067 | AA60: 0 | AB60: 0 | AC60: 0 | AD60: 0 | AE60: 0 | AF60: 0 | AG60: 0 | AH60: 0 | AI60: 0 | AJ60: 0 | AK60: 0 | AL60: 0 | AM60: 0 | AN60: 0 | BK60: =SUM($Z60:AD60)-SUM($CM60:CQ60) -> 989 | BL60: =SUM($Z60:AE60)-SUM($CM60:CR60) -> 919 | BM60: =SUM($Z60:AF60)-SUM($CM60:CS60) -> 854 | BN60: =SUM($Z60:AG60)-SUM($CM60:CT60) -> 794 | BO60: =SUM($Z60:AH60)-SUM($CM60:CU60) -> 734 | BP60: =SUM($Z60:AI60)-SUM($CM60:CV60) -> 674 | BQ60: =SUM($Z60:AJ60)-SUM($CM60:CW60) -> 614 | BR60: =SUM($Z60:AK60)-SUM($CM60:CX60) -> 554 | ... CI60: =SUM($Z60:BB60)-SUM($CM60:DO60) -> 360 | CN60: {=SUMPRODUCT(TRANSPOSE(CN$4:CN$20),$G60:$W60)} -> 0 | CO60: {=SUMPRODUCT(TRANSPOSE(CO$4:CO$20),$G60:$W60)} -> 0 | CP60: {=SUMPRODUCT(TRANSPOSE(CP$4:CP$20),$G60:$W60)} -> 0 | CQ60: {=SUMPRODUCT(TRANSPOSE(CQ$4:CQ$20),$G60:$W60)} -> 78 | CR60: {=SUMPRODUCT(TRANSPOSE(CR$4:CR$20),$G60:$W60)} -> 70 | CS60: {=SUMPRODUCT(TRANSPOSE(CS$4:CS$20),$G60:$W60)} -> 65 | CT60: {=SUMPRODUCT(TRANSPOSE(CT$4:CT$20),$G60:$W60)} -> 60 | CU60: {=SUMPRODUCT(TRANSPOSE(CU$4:CU$20),$G60:$W60)} -> 60 | ... DO60: {=SUMPRODUCT(TRANSPOSE(DO$4:DO$20),$G60:$W60)} -> 0
A61: =A60+1 -> 40 | B61: 1094R482-001 | C61: 405901255 | D61: COVER | E61: EA | F61: 1 | G61: 0 | H61: 0 | I61: 0 | J61: 0 | K61: 0 | L61: 0 | M61: 0 | N61: 0 | O61: 0 | P61: 1 | Q61: 0 | R61: 0 | S61: 0 | T61: 1 | U61: 0 | V61: 0 | W61: 0 | X61: Wave Mechanics | Y61: 4 | Z61: 1067 | AA61: 0 | AB61: 0 | AC61: 0 | AD61: 0 | AE61: 0 | AF61: 0 | AG61: 0 | AH61: 0 | AI61: 0 | AJ61: 0 | AK61: 0 | AL61: 0 | AM61: 0 | AN61: 0 | BK61: =SUM($Z61:AD61)-SUM($CM61:CQ61) -> 989 | BL61: =SUM($Z61:AE61)-SUM($CM61:CR61) -> 919 | BM61: =SUM($Z61:AF61)-SUM($CM61:CS61) -> 854 | BN61: =SUM($Z61:AG61)-SUM($CM61:CT61) -> 794 | BO61: =SUM($Z61:AH61)-SUM($CM61:CU61) -> 734 | BP61: =SUM($Z61:AI61)-SUM($CM61:CV61) -> 674 | BQ61: =SUM($Z61:AJ61)-SUM($CM61:CW61) -> 614 | BR61: =SUM($Z61:AK61)-SUM($CM61:CX61) -> 554 | ... CI61: =SUM($Z61:BB61)-SUM($CM61:DO61) -> 360 | CN61: {=SUMPRODUCT(TRANSPOSE(CN$4:CN$20),$G61:$W61)} -> 0 | CO61: {=SUMPRODUCT(TRANSPOSE(CO$4:CO$20),$G61:$W61)} -> 0 | CP61: {=SUMPRODUCT(TRANSPOSE(CP$4:CP$20),$G61:$W61)} -> 0 | CQ61: {=SUMPRODUCT(TRANSPOSE(CQ$4:CQ$20),$G61:$W61)} -> 78 | CR61: {=SUMPRODUCT(TRANSPOSE(CR$4:CR$20),$G61:$W61)} -> 70 | CS61: {=SUMPRODUCT(TRANSPOSE(CS$4:CS$20),$G61:$W61)} -> 65 | CT61: {=SUMPRODUCT(TRANSPOSE(CT$4:CT$20),$G61:$W61)} -> 60 | CU61: {=SUMPRODUCT(TRANSPOSE(CU$4:CU$20),$G61:$W61)} -> 60 | ... DO61: {=SUMPRODUCT(TRANSPOSE(DO$4:DO$20),$G61:$W61)} -> 0
A62: =A61+1 -> 41 | B62: 1094T791-001 | C62: 409627780 | D62: COVER | E62: EA | F62: 1 | G62: 0 | H62: 0 | I62: 0 | J62: 0 | K62: 0 | L62: 0 | M62: 0 | N62: 0 | O62: 0 | P62: 1 | Q62: 0 | R62: 0 | S62: 0 | T62: 1 | U62: 0 | V62: 0 | W62: 0 | X62: Wave Mechanics | Y62: 250 | Z62: 921 | AA62: 0 | AB62: 0 | AC62: 0 | AD62: 0 | AE62: 0 | AF62: 0 | AG62: 0 | AH62: 0 | AI62: 0 | AJ62: 0 | AK62: 0 | AL62: 0 | AM62: 0 | AN62: 0 | BK62: =SUM($Z62:AD62)-SUM($CM62:CQ62) -> 843 | BL62: =SUM($Z62:AE62)-SUM($CM62:CR62) -> 773 | BM62: =SUM($Z62:AF62)-SUM($CM62:CS62) -> 708 | BN62: =SUM($Z62:AG62)-SUM($CM62:CT62) -> 648 | BO62: =SUM($Z62:AH62)-SUM($CM62:CU62) -> 588 | BP62: =SUM($Z62:AI62)-SUM($CM62:CV62) -> 528 | BQ62: =SUM($Z62:AJ62)-SUM($CM62:CW62) -> 468 | BR62: =SUM($Z62:AK62)-SUM($CM62:CX62) -> 408 | ... CI62: =SUM($Z62:BB62)-SUM($CM62:DO62) -> 214 | CN62: {=SUMPRODUCT(TRANSPOSE(CN$4:CN$20),$G62:$W62)} -> 0 | CO62: {=SUMPRODUCT(TRANSPOSE(CO$4:CO$20),$G62:$W62)} -> 0 | CP62: {=SUMPRODUCT(TRANSPOSE(CP$4:CP$20),$G62:$W62)} -> 0 | CQ62: {=SUMPRODUCT(TRANSPOSE(CQ$4:CQ$20),$G62:$W62)} -> 78 | CR62: {=SUMPRODUCT(TRANSPOSE(CR$4:CR$20),$G62:$W62)} -> 70 | CS62: {=SUMPRODUCT(TRANSPOSE(CS$4:CS$20),$G62:$W62)} -> 65 | CT62: {=SUMPRODUCT(TRANSPOSE(CT$4:CT$20),$G62:$W62)} -> 60 | CU62: {=SUMPRODUCT(TRANSPOSE(CU$4:CU$20),$G62:$W62)} -> 60 | ... DO62: {=SUMPRODUCT(TRANSPOSE(DO$4:DO$20),$G62:$W62)} -> 0
A63: =A62+1 -> 42 | B63: 1094V797-001 | C63: 414731764 | D63: O-RING | E63: EA | F63: 1 | G63: 0 | H63: 0 | I63: 0 | J63: 0 | K63: 0 | L63: 0 | M63: 0 | N63: 0 | O63: 1 | P63: 0 | Q63: 0 | R63: 0 | S63: 1 | T63: 0 | U63: 0 | V63: 0 | W63: 0 | X63: Gumiyan | Y63: 16.3 | Z63: 1067 | AA63: 0 | AB63: 0 | AC63: 0 | AD63: 0 | AE63: 0 | AF63: 0 | AG63: 0 | AH63: 0 | AI63: 0 | AJ63: 0 | AK63: 0 | AL63: 0 | AM63: 0 | AN63: 0 | BK63: =SUM($Z63:AD63)-SUM($CM63:CQ63) -> 989 | BL63: =SUM($Z63:AE63)-SUM($CM63:CR63) -> 919 | BM63: =SUM($Z63:AF63)-SUM($CM63:CS63) -> 854 | BN63: =SUM($Z63:AG63)-SUM($CM63:CT63) -> 794 | BO63: =SUM($Z63:AH63)-SUM($CM63:CU63) -> 734 | BP63: =SUM($Z63:AI63)-SUM($CM63:CV63) -> 674 | BQ63: =SUM($Z63:AJ63)-SUM($CM63:CW63) -> 614 | BR63: =SUM($Z63:AK63)-SUM($CM63:CX63) -> 554 | ... CI63: =SUM($Z63:BB63)-SUM($CM63:DO63) -> 360 | CN63: {=SUMPRODUCT(TRANSPOSE(CN$4:CN$20),$G63:$W63)} -> 0 | CO63: {=SUMPRODUCT(TRANSPOSE(CO$4:CO$20),$G63:$W63)} -> 0 | CP63: {=SUMPRODUCT(TRANSPOSE(CP$4:CP$20),$G63:$W63)} -> 0 | CQ63: {=SUMPRODUCT(TRANSPOSE(CQ$4:CQ$20),$G63:$W63)} -> 78 | CR63: {=SUMPRODUCT(TRANSPOSE(CR$4:CR$20),$G63:$W63)} -> 70 | CS63: {=SUMPRODUCT(TRANSPOSE(CS$4:CS$20),$G63:$W63)} -> 65 | CT63: {=SUMPRODUCT(TRANSPOSE(CT$4:CT$20),$G63:$W63)} -> 60 | CU63: {=SUMPRODUCT(TRANSPOSE(CU$4:CU$20),$G63:$W63)} -> 60 | ... DO63: {=SUMPRODUCT(TRANSPOSE(DO$4:DO$20),$G63:$W63)} -> 0
A64: =A63+1 -> 43 | B64: 1094V798-001 | C64: 414194266 | D64: BRACKET | E64: EA | F64: 1 | G64: 0 | H64: 0 | I64: 0 | J64: 0 | K64: 0 | L64: 0 | M64: 0 | N64: 0 | O64: 0 | P64: 2 | Q64: 0 | R64: 0 | S64: 0 | T64: 2 | U64: 0 | V64: 0 | W64: 0 | X64: Wave Mechanics | Y64: 21 | Z64: 2123 | AA64: 0 | AB64: 0 | AC64: 0 | AD64: 0 | AE64: 0 | AF64: 0 | AG64: 0 | AH64: 0 | AI64: 0 | AJ64: 0 | AK64: 0 | AL64: 0 | AM64: 0 | AN64: 0 | BK64: =SUM($Z64:AD64)-SUM($CM64:CQ64) -> 1967 | BL64: =SUM($Z64:AE64)-SUM($CM64:CR64) -> 1827 | BM64: =SUM($Z64:AF64)-SUM($CM64:CS64) -> 1697 | BN64: =SUM($Z64:AG64)-SUM($CM64:CT64) -> 1577 | BO64: =SUM($Z64:AH64)-SUM($CM64:CU64) -> 1457 | BP64: =SUM($Z64:AI64)-SUM($CM64:CV64) -> 1337 | BQ64: =SUM($Z64:AJ64)-SUM($CM64:CW64) -> 1217 | BR64: =SUM($Z64:AK64)-SUM($CM64:CX64) -> 1097 | ... CI64: =SUM($Z64:BB64)-SUM($CM64:DO64) -> 709 | CN64: {=SUMPRODUCT(TRANSPOSE(CN$4:CN$20),$G64:$W64)} -> 0 | CO64: {=SUMPRODUCT(TRANSPOSE(CO$4:CO$20),$G64:$W64)} -> 0 | CP64: {=SUMPRODUCT(TRANSPOSE(CP$4:CP$20),$G64:$W64)} -> 0 | CQ64: {=SUMPRODUCT(TRANSPOSE(CQ$4:CQ$20),$G64:$W64)} -> 156 | CR64: {=SUMPRODUCT(TRANSPOSE(CR$4:CR$20),$G64:$W64)} -> 140 | CS64: {=SUMPRODUCT(TRANSPOSE(CS$4:CS$20),$G64:$W64)} -> 130 | CT64: {=SUMPRODUCT(TRANSPOSE(CT$4:CT$20),$G64:$W64)} -> 120 | CU64: {=SUMPRODUCT(TRANSPOSE(CU$4:CU$20),$G64:$W64)} -> 120 | ... DO64: {=SUMPRODUCT(TRANSPOSE(DO$4:DO$20),$G64:$W64)} -> 0
A65: =A64+1 -> 44 | B65: 1094V799-002 | C65: 420564154 | D65: COVER | E65: EA | F65: 1 | G65: 0 | H65: 0 | I65: 0 | J65: 0 | K65: 0 | L65: 0 | M65: 0 | N65: 0 | O65: 1 | P65: 0 | Q65: 0 | R65: 0 | S65: 1 | T65: 0 | U65: 0 | V65: 0 | W65: 0 | X65: Wave Mechanics | Y65: 773 | Z65: 459 | AA65: 0 | AB65: 0 | AC65: 0 | AD65: 0 | AE65: 100 | AF65: 161 | AG65: 0 | AH65: 0 | AI65: 0 | AJ65: 0 | AK65: 0 | AL65: 0 | AM65: 0 | AN65: 0 | BK65: =SUM($Z65:AD65)-SUM($CM65:CQ65) -> 381 | BL65: =SUM($Z65:AE65)-SUM($CM65:CR65) -> 411 | BM65: =SUM($Z65:AF65)-SUM($CM65:CS65) -> 507 | BN65: =SUM($Z65:AG65)-SUM($CM65:CT65) -> 447 | BO65: =SUM($Z65:AH65)-SUM($CM65:CU65) -> 387 | BP65: =SUM($Z65:AI65)-SUM($CM65:CV65) -> 327 | BQ65: =SUM($Z65:AJ65)-SUM($CM65:CW65) -> 267 | BR65: =SUM($Z65:AK65)-SUM($CM65:CX65) -> 207 | ... CI65: =SUM($Z65:BB65)-SUM($CM65:DO65) -> 13 | CN65: {=SUMPRODUCT(TRANSPOSE(CN$4:CN$20),$G65:$W65)} -> 0 | CO65: {=SUMPRODUCT(TRANSPOSE(CO$4:CO$20),$G65:$W65)} -> 0 | CP65: {=SUMPRODUCT(TRANSPOSE(CP$4:CP$20),$G65:$W65)} -> 0 | CQ65: {=SUMPRODUCT(TRANSPOSE(CQ$4:CQ$20),$G65:$W65)} -> 78 | CR65: {=SUMPRODUCT(TRANSPOSE(CR$4:CR$20),$G65:$W65)} -> 70 | CS65: {=SUMPRODUCT(TRANSPOSE(CS$4:CS$20),$G65:$W65)} -> 65 | CT65: {=SUMPRODUCT(TRANSPOSE(CT$4:CT$20),$G65:$W65)} -> 60 | CU65: {=SUMPRODUCT(TRANSPOSE(CU$4:CU$20),$G65:$W65)} -> 60 | ... DO65: {=SUMPRODUCT(TRANSPOSE(DO$4:DO$20),$G65:$W65)} -> 0
A66: =A65+1 -> 45 | B66: 1094V811-002 | C66: 418978901 | D66: BOTTOM BOX ASSY | E66: EA | F66: 1 | G66: 0 | H66: 0 | I66: 0 | J66: 0 | K66: 0 | L66: 0 | M66: 0 | N66: 0 | O66: 0 | P66: 1 | Q66: 0 | R66: 0 | S66: 0 | T66: 1 | U66: 0 | V66: 0 | W66: 0 | X66: Wave Mechanics | Y66: 879 | Z66: 512 | AA66: 0 | AB66: 0 | AC66: 0 | AD66: 0 | AE66: 0 | AF66: 484 | AG66: 0 | AH66: 0 | AI66: 0 | AJ66: 0 | AK66: 0 | AL66: 0 | AM66: 0 | AN66: 0 | BK66: =SUM($Z66:AD66)-SUM($CM66:CQ66) -> 434 | BL66: =SUM($Z66:AE66)-SUM($CM66:CR66) -> 364 | BM66: =SUM($Z66:AF66)-SUM($CM66:CS66) -> 783 | BN66: =SUM($Z66:AG66)-SUM($CM66:CT66) -> 723 | BO66: =SUM($Z66:AH66)-SUM($CM66:CU66) -> 663 | BP66: =SUM($Z66:AI66)-SUM($CM66:CV66) -> 603 | BQ66: =SUM($Z66:AJ66)-SUM($CM66:CW66) -> 543 | BR66: =SUM($Z66:AK66)-SUM($CM66:CX66) -> 483 | ... CI66: =SUM($Z66:BB66)-SUM($CM66:DO66) -> 289 | CN66: {=SUMPRODUCT(TRANSPOSE(CN$4:CN$20),$G66:$W66)} -> 0 | CO66: {=SUMPRODUCT(TRANSPOSE(CO$4:CO$20),$G66:$W66)} -> 0 | CP66: {=SUMPRODUCT(TRANSPOSE(CP$4:CP$20),$G66:$W66)} -> 0 | CQ66: {=SUMPRODUCT(TRANSPOSE(CQ$4:CQ$20),$G66:$W66)} -> 78 | CR66: {=SUMPRODUCT(TRANSPOSE(CR$4:CR$20),$G66:$W66)} -> 70 | CS66: {=SUMPRODUCT(TRANSPOSE(CS$4:CS$20),$G66:$W66)} -> 65 | CT66: {=SUMPRODUCT(TRANSPOSE(CT$4:CT$20),$G66:$W66)} -> 60 | CU66: {=SUMPRODUCT(TRANSPOSE(CU$4:CU$20),$G66:$W66)} -> 60 | ... DO66: {=SUMPRODUCT(TRANSPOSE(DO$4:DO$20),$G66:$W66)} -> 0
... A137: =A136+1 -> 116 | B137: 19S11T-40ML5 | C137: 411263723 | D137: CONN RF SMP PLUG STR PCB SMT L.D.,50OHMS | E137: EA | F137: 1 | G137: 0 | H137: 0 | I137: 0 | J137: 0 | K137: 0 | L137: 0 | M137: 0 | N137: 0 | O137: 0 | P137: 0 | Q137: 4 | R137: 0 | S137: 0 | T137: 0 | U137: 4 | V137: 0 | W137: 0 | X137: MTI | Y137: 1.904 | Z137: 4500 | AA137: 0 | AB137: 0 | AC137: 0 | AD137: 0 | AE137: 0 | AF137: 0 | AG137: 0 | AH137: 0 | AI137: 0 | AJ137: 0 | AK137: 0 | AL137: 0 | AM137: 0 | AN137: 0 | BK137: =SUM($Z137:AD137)-SUM($CM137:CQ137) -> 4188 | BL137: =SUM($Z137:AE137)-SUM($CM137:CR137) -> 3908 | BM137: =SUM($Z137:AF137)-SUM($CM137:CS137) -> 3648 | BN137: =SUM($Z137:AG137)-SUM($CM137:CT137) -> 3408 | BO137: =SUM($Z137:AH137)-SUM($CM137:CU137) -> 3168 | BP137: =SUM($Z137:AI137)-SUM($CM137:CV137) -> 2928 | BQ137: =SUM($Z137:AJ137)-SUM($CM137:CW137) -> 2688 | BR137: =SUM($Z137:AK137)-SUM($CM137:CX137) -> 2448 | ... CI137: =SUM($Z137:BB137)-SUM($CM137:DO137) -> 1672 | CN137: {=SUMPRODUCT(TRANSPOSE(CN$4:CN$20),$G137:$W137)} -> 0 | CO137: {=SUMPRODUCT(TRANSPOSE(CO$4:CO$20),$G137:$W137)} -> 0 | CP137: {=SUMPRODUCT(TRANSPOSE(CP$4:CP$20),$G137:$W137)} -> 0 | CQ137: {=SUMPRODUCT(TRANSPOSE(CQ$4:CQ$20),$G137:$W137)} -> 312 | CR137: {=SUMPRODUCT(TRANSPOSE(CR$4:CR$20),$G137:$W137)} -> 280 | CS137: {=SUMPRODUCT(TRANSPOSE(CS$4:CS$20),$G137:$W137)} -> 260 | CT137: {=SUMPRODUCT(TRANSPOSE(CT$4:CT$20),$G137:$W137)} -> 240 | CU137: {=SUMPRODUCT(TRANSPOSE(CU$4:CU$20),$G137:$W137)} -> 240 | ... DO137: {=SUMPRODUCT(TRANSPOSE(DO$4:DO$20),$G137:$W137)} -> 0
A138: =A137+1 -> 117 | B138: 20-41111 | C138: N87921284 | D138: CONDUCTIVE WIRE MESH STRIP 2.39MM D | E138: FT | F138: 2 | G138: 0 | H138: 0 | I138: 0 | J138: 0 | K138: 0 | L138: 0 | M138: 0 | N138: 0 | O138: 4.5 | P138: 0 | Q138: 0 | R138: 0 | S138: 4.5 | T138: 0 | U138: 0 | V138: 0 | W138: 0 | X138: Kaytech | Y138: 1.3 | Z138: 5000 | AA138: 0 | AB138: 0 | AC138: 0 | AD138: 0 | AE138: 0 | AF138: 0 | AG138: 0 | AH138: 0 | AI138: 0 | AJ138: 0 | AK138: 0 | AL138: 0 | AM138: 0 | AN138: 0 | BK138: =SUM($Z138:AD138)-SUM($CM138:CQ138) -> 4649 | BL138: =SUM($Z138:AE138)-SUM($CM138:CR138) -> 4334 | BM138: =SUM($Z138:AF138)-SUM($CM138:CS138) -> 4041.5 | BN138: =SUM($Z138:AG138)-SUM($CM138:CT138) -> 3771.5 | BO138: =SUM($Z138:AH138)-SUM($CM138:CU138) -> 3501.5 | BP138: =SUM($Z138:AI138)-SUM($CM138:CV138) -> 3231.5 | BQ138: =SUM($Z138:AJ138)-SUM($CM138:CW138) -> 2961.5 | BR138: =SUM($Z138:AK138)-SUM($CM138:CX138) -> 2691.5 | ... CI138: =SUM($Z138:BB138)-SUM($CM138:DO138) -> 1818.5 | CN138: {=SUMPRODUCT(TRANSPOSE(CN$4:CN$20),$G138:$W138)} -> 0 | CO138: {=SUMPRODUCT(TRANSPOSE(CO$4:CO$20),$G138:$W138)} -> 0 | CP138: {=SUMPRODUCT(TRANSPOSE(CP$4:CP$20),$G138:$W138)} -> 0 | CQ138: {=SUMPRODUCT(TRANSPOSE(CQ$4:CQ$20),$G138:$W138)} -> 351 | CR138: {=SUMPRODUCT(TRANSPOSE(CR$4:CR$20),$G138:$W138)} -> 315 | CS138: {=SUMPRODUCT(TRANSPOSE(CS$4:CS$20),$G138:$W138)} -> 292.5 | CT138: {=SUMPRODUCT(TRANSPOSE(CT$4:CT$20),$G138:$W138)} -> 270 | CU138: {=SUMPRODUCT(TRANSPOSE(CU$4:CU$20),$G138:$W138)} -> 270 | ... DO138: {=SUMPRODUCT(TRANSPOSE(DO$4:DO$20),$G138:$W138)} -> 0
A139: =A138+1 -> 118 | B139: 221T34F24 | C139: N64469976 | D139: CONN RECT MISC PCB, 34 PIN SMD, 2-ROWS, | E139: EA | F139: 1 | G139: 0 | H139: 0 | I139: 0 | J139: 0 | K139: 0 | L139: 0 | M139: 0 | N139: 0 | O139: 0 | P139: 0 | Q139: 1 | R139: 0 | S139: 0 | T139: 0 | U139: 1 | V139: 0 | W139: 0 | X139: Nicomatic | Y139: 24 | Z139: 1070 | AA139: 0 | AB139: 0 | AC139: 0 | AD139: 0 | AE139: 0 | AF139: 0 | AG139: 0 | AH139: 0 | AI139: 0 | AJ139: 0 | AK139: 0 | AL139: 0 | AM139: 0 | AN139: 0 | BK139: =SUM($Z139:AD139)-SUM($CM139:CQ139) -> 992 | BL139: =SUM($Z139:AE139)-SUM($CM139:CR139) -> 922 | BM139: =SUM($Z139:AF139)-SUM($CM139:CS139) -> 857 | BN139: =SUM($Z139:AG139)-SUM($CM139:CT139) -> 797 | BO139: =SUM($Z139:AH139)-SUM($CM139:CU139) -> 737 | BP139: =SUM($Z139:AI139)-SUM($CM139:CV139) -> 677 | BQ139: =SUM($Z139:AJ139)-SUM($CM139:CW139) -> 617 | BR139: =SUM($Z139:AK139)-SUM($CM139:CX139) -> 557 | ... CI139: =SUM($Z139:BB139)-SUM($CM139:DO139) -> 363 | CN139: {=SUMPRODUCT(TRANSPOSE(CN$4:CN$20),$G139:$W139)} -> 0 | CO139: {=SUMPRODUCT(TRANSPOSE(CO$4:CO$20),$G139:$W139)} -> 0 | CP139: {=SUMPRODUCT(TRANSPOSE(CP$4:CP$20),$G139:$W139)} -> 0 | CQ139: {=SUMPRODUCT(TRANSPOSE(CQ$4:CQ$20),$G139:$W139)} -> 78 | CR139: {=SUMPRODUCT(TRANSPOSE(CR$4:CR$20),$G139:$W139)} -> 70 | CS139: {=SUMPRODUCT(TRANSPOSE(CS$4:CS$20),$G139:$W139)} -> 65 | CT139: {=SUMPRODUCT(TRANSPOSE(CT$4:CT$20),$G139:$W139)} -> 60 | CU139: {=SUMPRODUCT(TRANSPOSE(CU$4:CU$20),$G139:$W139)} -> 60 | ... DO139: {=SUMPRODUCT(TRANSPOSE(DO$4:DO$20),$G139:$W139)} -> 0
A140: =A139+1 -> 119 | B140: 242 50CC | C140: 732602347 | D140: SEALING LOCKING ANAEROB. COMP. SUPERFAST | E140: AR | F140: 2 | G140: 0.1 | H140: 0 | I140: 0.05 | J140: 0 | K140: 0.05 | L140: 0 | M140: 0 | N140: 0.05 | O140: 0 | P140: 0 | Q140: 0 | R140: 0 | S140: 0 | T140: 0 | U140: 0 | V140: 0 | W140: 0.05 | X140: Aqua Engineering | Y140: 0.1608 | Z140: 750 | AA140: 0 | AB140: 0 | AC140: 0 | AD140: 0 | AE140: 0 | AF140: 0 | AG140: 0 | AH140: 0 | AI140: 0 | AJ140: 0 | AK140: 0 | AL140: 0 | AM140: 0 | AN140: 0 | BK140: =SUM($Z140:AD140)-SUM($CM140:CQ140) -> 746.8 | BL140: =SUM($Z140:AE140)-SUM($CM140:CR140) -> 743.6 | BM140: =SUM($Z140:AF140)-SUM($CM140:CS140) -> 740.4 | BN140: =SUM($Z140:AG140)-SUM($CM140:CT140) -> 737.2 | BO140: =SUM($Z140:AH140)-SUM($CM140:CU140) -> 734.4 | BP140: =SUM($Z140:AI140)-SUM($CM140:CV140) -> 731.6 | BQ140: =SUM($Z140:AJ140)-SUM($CM140:CW140) -> 728.8 | BR140: =SUM($Z140:AK140)-SUM($CM140:CX140) -> 726 | ... CI140: =SUM($Z140:BB140)-SUM($CM140:DO140) -> 716.8 | CN140: {=SUMPRODUCT(TRANSPOSE(CN$4:CN$20),$G140:$W140)} -> 0 | CO140: {=SUMPRODUCT(TRANSPOSE(CO$4:CO$20),$G140:$W140)} -> 0 | CP140: {=SUMPRODUCT(TRANSPOSE(CP$4:CP$20),$G140:$W140)} -> 0 | CQ140: {=SUMPRODUCT(TRANSPOSE(CQ$4:CQ$20),$G140:$W140)} -> 3.2 | CR140: {=SUMPRODUCT(TRANSPOSE(CR$4:CR$20),$G140:$W140)} -> 3.2 | CS140: {=SUMPRODUCT(TRANSPOSE(CS$4:CS$20),$G140:$W140)} -> 3.2 | CT140: {=SUMPRODUCT(TRANSPOSE(CT$4:CT$20),$G140:$W140)} -> 3.2 | CU140: {=SUMPRODUCT(TRANSPOSE(CU$4:CU$20),$G140:$W140)} -> 2.8 | ... DO140: {=SUMPRODUCT(TRANSPOSE(DO$4:DO$20),$G140:$W140)} -> 0
A141: =A140+1 -> 120 | B141: 293D106X9010A2TE3 | C141: 417983176 | D141: CHIP CAP 10UF 10% 10V TANTAL T&R | E141: EA | F141: 2 | G141: 0 | H141: 0 | I141: 0 | J141: 0 | K141: 0 | L141: 0 | M141: 0 | N141: 0 | O141: 0 | P141: 0 | Q141: 0 | R141: 2 | S141: 0 | T141: 0 | U141: 0 | V141: 2 | W141: 0 | X141: Ecomal | Y141: 0.055 | Z141: 4000 | AA141: 0 | AB141: 0 | AC141: 0 | AD141: 0 | AE141: 0 | AF141: 0 | AG141: 0 | AH141: 0 | AI141: 0 | AJ141: 0 | AK141: 0 | AL141: 0 | AM141: 0 | AN141: 0 | BK141: =SUM($Z141:AD141)-SUM($CM141:CQ141) -> 3860 | BL141: =SUM($Z141:AE141)-SUM($CM141:CR141) -> 3720 | BM141: =SUM($Z141:AF141)-SUM($CM141:CS141) -> 3580 | BN141: =SUM($Z141:AG141)-SUM($CM141:CT141) -> 3440 | BO141: =SUM($Z141:AH141)-SUM($CM141:CU141) -> 3300 | BP141: =SUM($Z141:AI141)-SUM($CM141:CV141) -> 3160 | BQ141: =SUM($Z141:AJ141)-SUM($CM141:CW141) -> 3020 | BR141: =SUM($Z141:AK141)-SUM($CM141:CX141) -> 2880 | ... CI141: =SUM($Z141:BB141)-SUM($CM141:DO141) -> 2670 | CN141: {=SUMPRODUCT(TRANSPOSE(CN$4:CN$20),$G141:$W141)} -> 0 | CO141: {=SUMPRODUCT(TRANSPOSE(CO$4:CO$20),$G141:$W141)} -> 0 | CP141: {=SUMPRODUCT(TRANSPOSE(CP$4:CP$20),$G141:$W141)} -> 0 | CQ141: {=SUMPRODUCT(TRANSPOSE(CQ$4:CQ$20),$G141:$W141)} -> 140 | CR141: {=SUMPRODUCT(TRANSPOSE(CR$4:CR$20),$G141:$W141)} -> 140 | CS141: {=SUMPRODUCT(TRANSPOSE(CS$4:CS$20),$G141:$W141)} -> 140 | CT141: {=SUMPRODUCT(TRANSPOSE(CT$4:CT$20),$G141:$W141)} -> 140 | CU141: {=SUMPRODUCT(TRANSPOSE(CU$4:CU$20),$G141:$W141)} -> 140 | ... DO141: {=SUMPRODUCT(TRANSPOSE(DO$4:DO$20),$G141:$W141)} -> 0
A142: =A141+1 -> 121 | B142: 293D107X9010D2TE3 | C142: 417983172 | D142: CHIP CAP 100UF 10% 10V TANTAL T&R | E142: EA | F142: 2 | G142: 0 | H142: 0 | I142: 0 | J142: 0 | K142: 0 | L142: 0 | M142: 0 | N142: 0 | O142: 0 | P142: 0 | Q142: 6 | R142: 0 | S142: 0 | T142: 0 | U142: 6 | V142: 0 | W142: 0 | X142: Ecomal | Y142: 0.22 | Z142: 7000 | AA142: 0 | AB142: 0 | AC142: 0 | AD142: 0 | AE142: 0 | AF142: 0 | AG142: 0 | AH142: 0 | AI142: 0 | AJ142: 0 | AK142: 0 | AL142: 0 | AM142: 0 | AN142: 0 | BK142: =SUM($Z142:AD142)-SUM($CM142:CQ142) -> 6532 | BL142: =SUM($Z142:AE142)-SUM($CM142:CR142) -> 6112 | BM142: =SUM($Z142:AF142)-SUM($CM142:CS142) -> 5722 | BN142: =SUM($Z142:AG142)-SUM($CM142:CT142) -> 5362 | BO142: =SUM($Z142:AH142)-SUM($CM142:CU142) -> 5002 | BP142: =SUM($Z142:AI142)-SUM($CM142:CV142) -> 4642 | BQ142: =SUM($Z142:AJ142)-SUM($CM142:CW142) -> 4282 | BR142: =SUM($Z142:AK142)-SUM($CM142:CX142) -> 3922 | ... CI142: =SUM($Z142:BB142)-SUM($CM142:DO142) -> 2758 | CN142: {=SUMPRODUCT(TRANSPOSE(CN$4:CN$20),$G142:$W142)} -> 0 | CO142: {=SUMPRODUCT(TRANSPOSE(CO$4:CO$20),$G142:$W142)} -> 0 | CP142: {=SUMPRODUCT(TRANSPOSE(CP$4:CP$20),$G142:$W142)} -> 0 | CQ142: {=SUMPRODUCT(TRANSPOSE(CQ$4:CQ$20),$G142:$W142)} -> 468 | CR142: {=SUMPRODUCT(TRANSPOSE(CR$4:CR$20),$G142:$W142)} -> 420 | CS142: {=SUMPRODUCT(TRANSPOSE(CS$4:CS$20),$G142:$W142)} -> 390 | CT142: {=SUMPRODUCT(TRANSPOSE(CT$4:CT$20),$G142:$W142)} -> 360 | CU142: {=SUMPRODUCT(TRANSPOSE(CU$4:CU$20),$G142:$W142)} -> 360 | ... DO142: {=SUMPRODUCT(TRANSPOSE(DO$4:DO$20),$G142:$W142)} -> 0
A143: =A142+1 -> 122 | B143: 293D475X9016A2TE3 | C143: 417531784 | D143: CHIP CAP 4.7UF 10% 16V TANTAL T&R | E143: EA | F143: 2 | G143: 0 | H143: 0 | I143: 0 | J143: 0 | K143: 0 | L143: 0 | M143: 0 | N143: 0 | O143: 0 | P143: 0 | Q143: 34 | R143: 0 | S143: 0 | T143: 0 | U143: 0 | V143: 0 | W143: 0 | X143: Ecomal | Y143: 0.055 | Z143: 56000 | AA143: 0 | AB143: 0 | AC143: 0 | AD143: 0 | AE143: 0 | AF143: 0 | AG143: 0 | AH143: 0 | AI143: 0 | AJ143: 0 | AK143: 0 | AL143: 0 | AM143: 0 | AN143: 0 | BK143: =SUM($Z143:AD143)-SUM($CM143:CQ143) -> 54810 | BL143: =SUM($Z143:AE143)-SUM($CM143:CR143) -> 53620 | BM143: =SUM($Z143:AF143)-SUM($CM143:CS143) -> 52430 | BN143: =SUM($Z143:AG143)-SUM($CM143:CT143) -> 51410 | BO143: =SUM($Z143:AH143)-SUM($CM143:CU143) -> 50390 | BP143: =SUM($Z143:AI143)-SUM($CM143:CV143) -> 49370 | BQ143: =SUM($Z143:AJ143)-SUM($CM143:CW143) -> 48350 | BR143: =SUM($Z143:AK143)-SUM($CM143:CX143) -> 47330 | ... CI143: =SUM($Z143:BB143)-SUM($CM143:DO143) -> 43794 | CN143: {=SUMPRODUCT(TRANSPOSE(CN$4:CN$20),$G143:$W143)} -> 0 | CO143: {=SUMPRODUCT(TRANSPOSE(CO$4:CO$20),$G143:$W143)} -> 0 | CP143: {=SUMPRODUCT(TRANSPOSE(CP$4:CP$20),$G143:$W143)} -> 0 | CQ143: {=SUMPRODUCT(TRANSPOSE(CQ$4:CQ$20),$G143:$W143)} -> 1190 | CR143: {=SUMPRODUCT(TRANSPOSE(CR$4:CR$20),$G143:$W143)} -> 1190 | CS143: {=SUMPRODUCT(TRANSPOSE(CS$4:CS$20),$G143:$W143)} -> 1190 | CT143: {=SUMPRODUCT(TRANSPOSE(CT$4:CT$20),$G143:$W143)} -> 1020 | CU143: {=SUMPRODUCT(TRANSPOSE(CU$4:CU$20),$G143:$W143)} -> 1020 | ... DO143: {=SUMPRODUCT(TRANSPOSE(DO$4:DO$20),$G143:$W143)} -> 0
A144: =A143+1 -> 123 | B144: 34_BMA-SMA-N50-8/1--_UE | C144: 405580071 | D144: CONN RF ADAPTER SMA (F)/BMA (F) BULKHEAD | E144: EA | F144: 2 | G144: 0 | H144: 0 | I144: 0 | J144: 0 | K144: 0 | L144: 0 | M144: 0 | N144: 0 | O144: 0 | P144: 0 | Q144: 0 | R144: 0 | S144: 0 | T144: 0 | U144: 0 | V144: 0 | W144: 10 | X144: CIDEV GROUP LTD | Y144: 30.6915 | Z144: 2310 | AA144: 0 | AB144: 0 | AC144: 0 | AD144: 0 | AE144: 0 | AF144: 0 | AG144: 0 | AH144: 0 | AI144: 0 | AJ144: 0 | AK144: 0 | AL144: 0 | AM144: 0 | AN144: 0 | BK144: =SUM($Z144:AD144)-SUM($CM144:CQ144) -> 2150 | BL144: =SUM($Z144:AE144)-SUM($CM144:CR144) -> 1990 | BM144: =SUM($Z144:AF144)-SUM($CM144:CS144) -> 1830 | BN144: =SUM($Z144:AG144)-SUM($CM144:CT144) -> 1670 | BO144: =SUM($Z144:AH144)-SUM($CM144:CU144) -> 1510 | BP144: =SUM($Z144:AI144)-SUM($CM144:CV144) -> 1350 | BQ144: =SUM($Z144:AJ144)-SUM($CM144:CW144) -> 1190 | BR144: =SUM($Z144:AK144)-SUM($CM144:CX144) -> 1030 | ... CI144: =SUM($Z144:BB144)-SUM($CM144:DO144) -> 1030 | CN144: {=SUMPRODUCT(TRANSPOSE(CN$4:CN$20),$G144:$W144)} -> 0 | CO144: {=SUMPRODUCT(TRANSPOSE(CO$4:CO$20),$G144:$W144)} -> 0 | CP144: {=SUMPRODUCT(TRANSPOSE(CP$4:CP$20),$G144:$W144)} -> 0 | CQ144: {=SUMPRODUCT(TRANSPOSE(CQ$4:CQ$20),$G144:$W144)} -> 160 | CR144: {=SUMPRODUCT(TRANSPOSE(CR$4:CR$20),$G144:$W144)} -> 160 | CS144: {=SUMPRODUCT(TRANSPOSE(CS$4:CS$20),$G144:$W144)} -> 160 | CT144: {=SUMPRODUCT(TRANSPOSE(CT$4:CT$20),$G144:$W144)} -> 160 | CU144: {=SUMPRODUCT(TRANSPOSE(CU$4:CU$20),$G144:$W144)} -> 160 | ... DO144: {=SUMPRODUCT(TRANSPOSE(DO$4:DO$20),$G144:$W144)} -> 0
A145: =A144+1 -> 124 | B145: 400L0R7PT200T | C145: 417417686 | D145: CHIP CAP 0.7PF +-.02PF 100V T&R | E145: EA | F145: 2 | G145: 0 | H145: 0 | I145: 0 | J145: 0 | K145: 0 | L145: 0 | M145: 0 | N145: 0 | O145: 0 | P145: 0 | Q145: 0 | R145: 0 | S145: 0 | T145: 0 | U145: 0 | V145: 0 | W145: 0 | X145: Phoenix | Y145: 0.17 | Z145: 40000 | AA145: 0 | AB145: 0 | AC145: 0 | AD145: 0 | AE145: 0 | AF145: 0 | AG145: 0 | AH145: 0 | AI145: 0 | AJ145: 0 | AK145: 0 | AL145: 0 | AM145: 0 | AN145: 0 | BK145: =SUM($Z145:AD145)-SUM($CM145:CQ145) -> 40000 | BL145: =SUM($Z145:AE145)-SUM($CM145:CR145) -> 40000 | BM145: =SUM($Z145:AF145)-SUM($CM145:CS145) -> 40000 | BN145: =SUM($Z145:AG145)-SUM($CM145:CT145) -> 40000 | BO145: =SUM($Z145:AH145)-SUM($CM145:CU145) -> 40000 | BP145: =SUM($Z145:AI145)-SUM($CM145:CV145) -> 40000 | BQ145: =SUM($Z145:AJ145)-SUM($CM145:CW145) -> 40000 | BR145: =SUM($Z145:AK145)-SUM($CM145:CX145) -> 40000 | ... CI145: =SUM($Z145:BB145)-SUM($CM145:DO145) -> 40000 | CN145: {=SUMPRODUCT(TRANSPOSE(CN$4:CN$20),$G145:$W145)} -> 0 | CO145: {=SUMPRODUCT(TRANSPOSE(CO$4:CO$20),$G145:$W145)} -> 0 | CP145: {=SUMPRODUCT(TRANSPOSE(CP$4:CP$20),$G145:$W145)} -> 0 | CQ145: {=SUMPRODUCT(TRANSPOSE(CQ$4:CQ$20),$G145:$W145)} -> 0 | CR145: {=SUMPRODUCT(TRANSPOSE(CR$4:CR$20),$G145:$W145)} -> 0 | CS145: {=SUMPRODUCT(TRANSPOSE(CS$4:CS$20),$G145:$W145)} -> 0 | CT145: {=SUMPRODUCT(TRANSPOSE(CT$4:CT$20),$G145:$W145)} -> 0 | CU145: {=SUMPRODUCT(TRANSPOSE(CU$4:CU$20),$G145:$W145)} -> 0 | ... DO145: {=SUMPRODUCT(TRANSPOSE(DO$4:DO$20),$G145:$W145)} -> 0
A146: =A145+1 -> 125 | B146: 400L3R3AT50T | C146: 417417688 | D146: CHIP CAP 3.3PF +-.05PF 50V T&R | E146: EA | F146: 2 | G146: 0 | H146: 0 | I146: 0 | J146: 0 | K146: 0 | L146: 0 | M146: 0 | N146: 0 | O146: 0 | P146: 0 | Q146: 0 | R146: 0 | S146: 0 | T146: 0 | U146: 0 | V146: 0 | W146: 0 | X146: Phoenix | Y146: 0.17 | Z146: 0 | AA146: 0 | AB146: 0 | AC146: 0 | AD146: 0 | AE146: 0 | AF146: 0 | AG146: 0 | AH146: 0 | AI146: 0 | AJ146: 0 | AK146: 0 | AL146: 0 | AM146: 0 | AN146: 0 | BK146: =SUM($Z146:AD146)-SUM($CM146:CQ146) -> 0 | BL146: =SUM($Z146:AE146)-SUM($CM146:CR146) -> 0 | BM146: =SUM($Z146:AF146)-SUM($CM146:CS146) -> 0 | BN146: =SUM($Z146:AG146)-SUM($CM146:CT146) -> 0 | BO146: =SUM($Z146:AH146)-SUM($CM146:CU146) -> 0 | BP146: =SUM($Z146:AI146)-SUM($CM146:CV146) -> 0 | BQ146: =SUM($Z146:AJ146)-SUM($CM146:CW146) -> 0 | BR146: =SUM($Z146:AK146)-SUM($CM146:CX146) -> 0 | ... CI146: =SUM($Z146:BB146)-SUM($CM146:DO146) -> 0 | CN146: {=SUMPRODUCT(TRANSPOSE(CN$4:CN$20),$G146:$W146)} -> 0 | CO146: {=SUMPRODUCT(TRANSPOSE(CO$4:CO$20),$G146:$W146)} -> 0 | CP146: {=SUMPRODUCT(TRANSPOSE(CP$4:CP$20),$G146:$W146)} -> 0 | CQ146: {=SUMPRODUCT(TRANSPOSE(CQ$4:CQ$20),$G146:$W146)} -> 0 | CR146: {=SUMPRODUCT(TRANSPOSE(CR$4:CR$20),$G146:$W146)} -> 0 | CS146: {=SUMPRODUCT(TRANSPOSE(CS$4:CS$20),$G146:$W146)} -> 0 | CT146: {=SUMPRODUCT(TRANSPOSE(CT$4:CT$20),$G146:$W146)} -> 0 | CU146: {=SUMPRODUCT(TRANSPOSE(CU$4:CU$20),$G146:$W146)} -> 0 | ... DO146: {=SUMPRODUCT(TRANSPOSE(DO$4:DO$20),$G146:$W146)} -> 0
A147: =A146+1 -> 126 | B147: 429.002 | C147: 400025135 | D147: FUSE VERY FAST-ACTING,THIN-FILM,SMF,2AMP | E147: EA | F147: 1 | G147: 0 | H147: 0 | I147: 0 | J147: 0 | K147: 0 | L147: 0 | M147: 0 | N147: 0 | O147: 0 | P147: 0 | Q147: 0 | R147: 0 | S147: 0 | T147: 0 | U147: 0 | V147: 0 | W147: 0 | X147: Duplicate | Y147: 0 | Z147: 40000 | AA147: 0 | AB147: 0 | AC147: 0 | AD147: 0 | AE147: 0 | AF147: 0 | AG147: 0 | AH147: 0 | AI147: 0 | AJ147: 0 | AK147: 0 | AL147: 0 | AM147: 0 | AN147: 0 | BK147: =SUM($Z147:AD147)-SUM($CM147:CQ147) -> 40000 | BL147: =SUM($Z147:AE147)-SUM($CM147:CR147) -> 40000 | BM147: =SUM($Z147:AF147)-SUM($CM147:CS147) -> 40000 | BN147: =SUM($Z147:AG147)-SUM($CM147:CT147) -> 40000 | BO147: =SUM($Z147:AH147)-SUM($CM147:CU147) -> 40000 | BP147: =SUM($Z147:AI147)-SUM($CM147:CV147) -> 40000 | BQ147: =SUM($Z147:AJ147)-SUM($CM147:CW147) -> 40000 | BR147: =SUM($Z147:AK147)-SUM($CM147:CX147) -> 40000 | ... CI147: =SUM($Z147:BB147)-SUM($CM147:DO147) -> 40000 | CN147: {=SUMPRODUCT(TRANSPOSE(CN$4:CN$20),$G147:$W147)} -> 0 | CO147: {=SUMPRODUCT(TRANSPOSE(CO$4:CO$20),$G147:$W147)} -> 0 | CP147: {=SUMPRODUCT(TRANSPOSE(CP$4:CP$20),$G147:$W147)} -> 0 | CQ147: {=SUMPRODUCT(TRANSPOSE(CQ$4:CQ$20),$G147:$W147)} -> 0 | CR147: {=SUMPRODUCT(TRANSPOSE(CR$4:CR$20),$G147:$W147)} -> 0 | CS147: {=SUMPRODUCT(TRANSPOSE(CS$4:CS$20),$G147:$W147)} -> 0 | CT147: {=SUMPRODUCT(TRANSPOSE(CT$4:CT$20),$G147:$W147)} -> 0 | CU147: {=SUMPRODUCT(TRANSPOSE(CU$4:CU$20),$G147:$W147)} -> 0 | ... DO147: {=SUMPRODUCT(TRANSPOSE(DO$4:DO$20),$G147:$W147)} -> 0
A148: =A147+1 -> 127 | B148: 542-50CC | C148: 732602115 | D148: SEALANT HYDRAULIC SUPERFAST MEDIUM STREN | E148: AR | F148: 2 | G148: 0 | H148: 0 | I148: 0 | J148: 0 | K148: 0 | L148: 0 | M148: 0 | N148: 0 | O148: 0 | P148: 0 | Q148: 0 | R148: 0 | S148: 0 | T148: 0 | U148: 0 | V148: 0 | W148: 0.05 | X148: DNP | Y148: 0 | Z148: 0 | AA148: 0 | AB148: 0 | AC148: 0 | AD148: 0 | AE148: 0 | AF148: 0 | AG148: 0 | AH148: 0 | AI148: 0 | AJ148: 0 | AK148: 0 | AL148: 0 | AM148: 0 | AN148: 0 | BK148: =SUM($Z148:AD148)-SUM($CM148:CQ148) -> -0.8 | BL148: =SUM($Z148:AE148)-SUM($CM148:CR148) -> -1.6 | BM148: =SUM($Z148:AF148)-SUM($CM148:CS148) -> -2.4 | BN148: =SUM($Z148:AG148)-SUM($CM148:CT148) -> -3.2 | BO148: =SUM($Z148:AH148)-SUM($CM148:CU148) -> -4 | BP148: =SUM($Z148:AI148)-SUM($CM148:CV148) -> -4.8 | BQ148: =SUM($Z148:AJ148)-SUM($CM148:CW148) -> -5.6 | BR148: =SUM($Z148:AK148)-SUM($CM148:CX148) -> -6.4 | ... CI148: =SUM($Z148:BB148)-SUM($CM148:DO148) -> -6.4 | CN148: {=SUMPRODUCT(TRANSPOSE(CN$4:CN$20),$G148:$W148)} -> 0 | CO148: {=SUMPRODUCT(TRANSPOSE(CO$4:CO$20),$G148:$W148)} -> 0 | CP148: {=SUMPRODUCT(TRANSPOSE(CP$4:CP$20),$G148:$W148)} -> 0 | CQ148: {=SUMPRODUCT(TRANSPOSE(CQ$4:CQ$20),$G148:$W148)} -> 0.8 | CR148: {=SUMPRODUCT(TRANSPOSE(CR$4:CR$20),$G148:$W148)} -> 0.8 | CS148: {=SUMPRODUCT(TRANSPOSE(CS$4:CS$20),$G148:$W148)} -> 0.8 | CT148: {=SUMPRODUCT(TRANSPOSE(CT$4:CT$20),$G148:$W148)} -> 0.8 | CU148: {=SUMPRODUCT(TRANSPOSE(CU$4:CU$20),$G148:$W148)} -> 0.8 | ... DO148: {=SUMPRODUCT(TRANSPOSE(DO$4:DO$20),$G148:$W148)} -> 0
A149: =A148+1 -> 128 | B149: 597D227X0020R2T | C149: 400339908 | D149: CHIP CAP 220UF 20% 20V TANTALUM T&R | E149: EA | F149: 2 | G149: 0 | H149: 0 | I149: 0 | J149: 0 | K149: 0 | L149: 0 | M149: 0 | N149: 0 | O149: 0 | P149: 0 | Q149: 1 | R149: 0 | S149: 0 | T149: 0 | U149: 0 | V149: 0 | W149: 0 | X149: Ecomal | Y149: 4.25 | Z149: 1200 | AA149: 0 | AB149: 0 | AC149: 0 | AD149: 0 | AE149: 0 | AF149: 0 | AG149: 0 | AH149: 0 | AI149: 0 | AJ149: 0 | AK149: 0 | AL149: 0 | AM149: 0 | AN149: 0 | BK149: =SUM($Z149:AD149)-SUM($CM149:CQ149) -> 1165 | BL149: =SUM($Z149:AE149)-SUM($CM149:CR149) -> 1130 | BM149: =SUM($Z149:AF149)-SUM($CM149:CS149) -> 1095 | BN149: =SUM($Z149:AG149)-SUM($CM149:CT149) -> 1065 | BO149: =SUM($Z149:AH149)-SUM($CM149:CU149) -> 1035 | BP149: =SUM($Z149:AI149)-SUM($CM149:CV149) -> 1005 | BQ149: =SUM($Z149:AJ149)-SUM($CM149:CW149) -> 975 | BR149: =SUM($Z149:AK149)-SUM($CM149:CX149) -> 945 | ... CI149: =SUM($Z149:BB149)-SUM($CM149:DO149) -> 841 | CN149: {=SUMPRODUCT(TRANSPOSE(CN$4:CN$20),$G149:$W149)} -> 0 | CO149: {=SUMPRODUCT(TRANSPOSE(CO$4:CO$20),$G149:$W149)} -> 0 | CP149: {=SUMPRODUCT(TRANSPOSE(CP$4:CP$20),$G149:$W149)} -> 0 | CQ149: {=SUMPRODUCT(TRANSPOSE(CQ$4:CQ$20),$G149:$W149)} -> 35 | CR149: {=SUMPRODUCT(TRANSPOSE(CR$4:CR$20),$G149:$W149)} -> 35 | CS149: {=SUMPRODUCT(TRANSPOSE(CS$4:CS$20),$G149:$W149)} -> 35 | CT149: {=SUMPRODUCT(TRANSPOSE(CT$4:CT$20),$G149:$W149)} -> 30 | CU149: {=SUMPRODUCT(TRANSPOSE(CU$4:CU$20),$G149:$W149)} -> 30 | ... DO149: {=SUMPRODUCT(TRANSPOSE(DO$4:DO$20),$G149:$W149)} -> 0
A150: =A149+1 -> 129 | B150: T543O686M040ATE035 | C150: 420905006 | D150: CHIP CAP 47UF 10% 50V TANTALUM | E150: EA | F150: 2 | G150: 0 | H150: 0 | I150: 0 | J150: 0 | K150: 0 | L150: 0 | M150: 0 | N150: 0 | O150: 0 | P150: 0 | Q150: 38 | R150: 0 | S150: 0 | T150: 0 | U150: 0 | V150: 0 | W150: 0 | X150: Nisko | Y150: 11.27 | Z150: 20630 | AA150: 0 | AB150: 0 | AC150: 0 | AD150: 0 | AE150: 0 | AF150: 0 | AG150: 0 | AH150: 0 | AI150: 0 | AJ150: 0 | AK150: 0 | AL150: 0 | AM150: 0 | AN150: 0 | BK150: =SUM($Z150:AD150)-SUM($CM150:CQ150) -> 19300 | BL150: =SUM($Z150:AE150)-SUM($CM150:CR150) -> 17970 | BM150: =SUM($Z150:AF150)-SUM($CM150:CS150) -> 16640 | BN150: =SUM($Z150:AG150)-SUM($CM150:CT150) -> 15500 | BO150: =SUM($Z150:AH150)-SUM($CM150:CU150) -> 14360 | BP150: =SUM($Z150:AI150)-SUM($CM150:CV150) -> 13220 | BQ150: =SUM($Z150:AJ150)-SUM($CM150:CW150) -> 12080 | BR150: =SUM($Z150:AK150)-SUM($CM150:CX150) -> 10940 | ... CI150: =SUM($Z150:BB150)-SUM($CM150:DO150) -> 6988 | CN150: {=SUMPRODUCT(TRANSPOSE(CN$4:CN$20),$G150:$W150)} -> 0 | CO150: {=SUMPRODUCT(TRANSPOSE(CO$4:CO$20),$G150:$W150)} -> 0 | CP150: {=SUMPRODUCT(TRANSPOSE(CP$4:CP$20),$G150:$W150)} -> 0 | CQ150: {=SUMPRODUCT(TRANSPOSE(CQ$4:CQ$20),$G150:$W150)} -> 1330 | CR150: {=SUMPRODUCT(TRANSPOSE(CR$4:CR$20),$G150:$W150)} -> 1330 | CS150: {=SUMPRODUCT(TRANSPOSE(CS$4:CS$20),$G150:$W150)} -> 1330 | CT150: {=SUMPRODUCT(TRANSPOSE(CT$4:CT$20),$G150:$W150)} -> 1140 | CU150: {=SUMPRODUCT(TRANSPOSE(CU$4:CU$20),$G150:$W150)} -> 1140 | ... DO150: {=SUMPRODUCT(TRANSPOSE(DO$4:DO$20),$G150:$W150)} -> 0
A151: =A150+1 -> 130 | B151: 700A102KT50XTV | C151: 417983155 | D151: CHIP CAP 1000PF 10^ 50VOLT 55X55 NPO | E151: EA | F151: 2 | G151: 0 | H151: 0 | I151: 0 | J151: 0 | K151: 0 | L151: 0 | M151: 0 | N151: 0 | O151: 0 | P151: 0 | Q151: 1 | R151: 0 | S151: 0 | T151: 0 | U151: 0 | V151: 0 | W151: 0 | X151: BFE | Y151: 0 | Z151: 668 | AA151: 0 | AB151: 0 | AC151: 0 | AD151: 0 | AE151: 0 | AF151: 0 | AG151: 0 | AH151: 0 | AI151: 0 | AJ151: 0 | AK151: 0 | AL151: 0 | AM151: 0 | AN151: 0 | BK151: =SUM($Z151:AD151)-SUM($CM151:CQ151) -> 633 | BL151: =SUM($Z151:AE151)-SUM($CM151:CR151) -> 598 | BM151: =SUM($Z151:AF151)-SUM($CM151:CS151) -> 563 | BN151: =SUM($Z151:AG151)-SUM($CM151:CT151) -> 533 | BO151: =SUM($Z151:AH151)-SUM($CM151:CU151) -> 503 | BP151: =SUM($Z151:AI151)-SUM($CM151:CV151) -> 473 | BQ151: =SUM($Z151:AJ151)-SUM($CM151:CW151) -> 443 | BR151: =SUM($Z151:AK151)-SUM($CM151:CX151) -> 413 | ... CI151: =SUM($Z151:BB151)-SUM($CM151:DO151) -> 309 | CN151: {=SUMPRODUCT(TRANSPOSE(CN$4:CN$20),$G151:$W151)} -> 0 | CO151: {=SUMPRODUCT(TRANSPOSE(CO$4:CO$20),$G151:$W151)} -> 0 | CP151: {=SUMPRODUCT(TRANSPOSE(CP$4:CP$20),$G151:$W151)} -> 0 | CQ151: {=SUMPRODUCT(TRANSPOSE(CQ$4:CQ$20),$G151:$W151)} -> 35 | CR151: {=SUMPRODUCT(TRANSPOSE(CR$4:CR$20),$G151:$W151)} -> 35 | CS151: {=SUMPRODUCT(TRANSPOSE(CS$4:CS$20),$G151:$W151)} -> 35 | CT151: {=SUMPRODUCT(TRANSPOSE(CT$4:CT$20),$G151:$W151)} -> 30 | CU151: {=SUMPRODUCT(TRANSPOSE(CU$4:CU$20),$G151:$W151)} -> 30 | ... DO151: {=SUMPRODUCT(TRANSPOSE(DO$4:DO$20),$G151:$W151)} -> 0
A152: =A151+1 -> 131 | B152: 74ACT04SCX | C152: 400252132 | D152: IC HEX INVERTER T&R | E152: EA | F152: 2 | G152: 0 | H152: 0 | I152: 0 | J152: 0 | K152: 0 | L152: 0 | M152: 0 | N152: 0 | O152: 0 | P152: 0 | Q152: 0 | R152: 24 | S152: 0 | T152: 0 | U152: 0 | V152: 24 | W152: 0 | X152: Arrow Rapac Ltd | Y152: 0.1568 | Z152: 27500 | AA152: 0 | AB152: 0 | AC152: 0 | AD152: 0 | AE152: 0 | AF152: 0 | AG152: 0 | AH152: 0 | AI152: 0 | AJ152: 0 | AK152: 0 | AL152: 0 | AM152: 0 | AN152: 0 | BK152: =SUM($Z152:AD152)-SUM($CM152:CQ152) -> 25820 | BL152: =SUM($Z152:AE152)-SUM($CM152:CR152) -> 24140 | BM152: =SUM($Z152:AF152)-SUM($CM152:CS152) -> 22460 | BN152: =SUM($Z152:AG152)-SUM($CM152:CT152) -> 20780 | BO152: =SUM($Z152:AH152)-SUM($CM152:CU152) -> 19100 | BP152: =SUM($Z152:AI152)-SUM($CM152:CV152) -> 17420 | BQ152: =SUM($Z152:AJ152)-SUM($CM152:CW152) -> 15740 | BR152: =SUM($Z152:AK152)-SUM($CM152:CX152) -> 14060 | ... CI152: =SUM($Z152:BB152)-SUM($CM152:DO152) -> 11540 | CN152: {=SUMPRODUCT(TRANSPOSE(CN$4:CN$20),$G152:$W152)} -> 0 | CO152: {=SUMPRODUCT(TRANSPOSE(CO$4:CO$20),$G152:$W152)} -> 0 | CP152: {=SUMPRODUCT(TRANSPOSE(CP$4:CP$20),$G152:$W152)} -> 0 | CQ152: {=SUMPRODUCT(TRANSPOSE(CQ$4:CQ$20),$G152:$W152)} -> 1680 | CR152: {=SUMPRODUCT(TRANSPOSE(CR$4:CR$20),$G152:$W152)} -> 1680 | CS152: {=SUMPRODUCT(TRANSPOSE(CS$4:CS$20),$G152:$W152)} -> 1680 | CT152: {=SUMPRODUCT(TRANSPOSE(CT$4:CT$20),$G152:$W152)} -> 1680 | CU152: {=SUMPRODUCT(TRANSPOSE(CU$4:CU$20),$G152:$W152)} -> 1680 | ... DO152: {=SUMPRODUCT(TRANSPOSE(DO$4:DO$20),$G152:$W152)} -> 0
A153: =A152+1 -> 132 | B153: 74LVXC3245MTCX | C153: 400124756 | D153: IC 8-BIT TRANSCEIVER T&R | E153: EA | F153: 2 | G153: 0 | H153: 0 | I153: 0 | J153: 0 | K153: 0 | L153: 0 | M153: 0 | N153: 0 | O153: 0 | P153: 0 | Q153: 0 | R153: 5 | S153: 0 | T153: 0 | U153: 0 | V153: 5 | W153: 0 | X153: Arrow Rapac Ltd | Y153: 0.383 | Z153: 7500 | AA153: 0 | AB153: 0 | AC153: 0 | AD153: 0 | AE153: 0 | AF153: 0 | AG153: 0 | AH153: 0 | AI153: 0 | AJ153: 0 | AK153: 0 | AL153: 0 | AM153: 0 | AN153: 0 | BK153: =SUM($Z153:AD153)-SUM($CM153:CQ153) -> 7150 | BL153: =SUM($Z153:AE153)-SUM($CM153:CR153) -> 6800 | BM153: =SUM($Z153:AF153)-SUM($CM153:CS153) -> 6450 | BN153: =SUM($Z153:AG153)-SUM($CM153:CT153) -> 6100 | BO153: =SUM($Z153:AH153)-SUM($CM153:CU153) -> 5750 | BP153: =SUM($Z153:AI153)-SUM($CM153:CV153) -> 5400 | BQ153: =SUM($Z153:AJ153)-SUM($CM153:CW153) -> 5050 | BR153: =SUM($Z153:AK153)-SUM($CM153:CX153) -> 4700 | ... CI153: =SUM($Z153:BB153)-SUM($CM153:DO153) -> 4175 | CN153: {=SUMPRODUCT(TRANSPOSE(CN$4:CN$20),$G153:$W153)} -> 0 | CO153: {=SUMPRODUCT(TRANSPOSE(CO$4:CO$20),$G153:$W153)} -> 0 | CP153: {=SUMPRODUCT(TRANSPOSE(CP$4:CP$20),$G153:$W153)} -> 0 | CQ153: {=SUMPRODUCT(TRANSPOSE(CQ$4:CQ$20),$G153:$W153)} -> 350 | CR153: {=SUMPRODUCT(TRANSPOSE(CR$4:CR$20),$G153:$W153)} -> 350 | CS153: {=SUMPRODUCT(TRANSPOSE(CS$4:CS$20),$G153:$W153)} -> 350 | CT153: {=SUMPRODUCT(TRANSPOSE(CT$4:CT$20),$G153:$W153)} -> 350 | CU153: {=SUMPRODUCT(TRANSPOSE(CU$4:CU$20),$G153:$W153)} -> 350 | ... DO153: {=SUMPRODUCT(TRANSPOSE(DO$4:DO$20),$G153:$W153)} -> 0
A154: =A153+1 -> 133 | B154: A-A-52080-B-5 BLACK | C154: 401317900 | D154: LACING TAPES,NYLON TAPE FOR LACING & TYI | E154: AR | F154: 2 | G154: 0 | H154: 0 | I154: 0 | J154: 0 | K154: 0 | L154: 0 | M154: 0 | N154: 0 | O154: 0.025 | P154: 0 | Q154: 0 | R154: 0 | S154: 0.025 | T154: 0 | U154: 0 | V154: 0 | W154: 0 | X154: Consumables | Y154: 24.98 | Z154: 0 | AA154: 0 | AB154: 0 | AC154: 0 | AD154: 0 | AE154: 0 | AF154: 0 | AG154: 0 | AH154: 0 | AI154: 0 | AJ154: 0 | AK154: 0 | AL154: 0 | AM154: 0 | AN154: 0 | BK154: =SUM($Z154:AD154)-SUM($CM154:CQ154) -> -1.95 | BL154: =SUM($Z154:AE154)-SUM($CM154:CR154) -> -3.7 | BM154: =SUM($Z154:AF154)-SUM($CM154:CS154) -> -5.325 | BN154: =SUM($Z154:AG154)-SUM($CM154:CT154) -> -6.825 | BO154: =SUM($Z154:AH154)-SUM($CM154:CU154) -> -8.325 | BP154: =SUM($Z154:AI154)-SUM($CM154:CV154) -> -9.825 | BQ154: =SUM($Z154:AJ154)-SUM($CM154:CW154) -> -11.325 | BR154: =SUM($Z154:AK154)-SUM($CM154:CX154) -> -12.825 | ... CI154: =SUM($Z154:BB154)-SUM($CM154:DO154) -> -17.675 | CN154: {=SUMPRODUCT(TRANSPOSE(CN$4:CN$20),$G154:$W154)} -> 0 | CO154: {=SUMPRODUCT(TRANSPOSE(CO$4:CO$20),$G154:$W154)} -> 0 | CP154: {=SUMPRODUCT(TRANSPOSE(CP$4:CP$20),$G154:$W154)} -> 0 | CQ154: {=SUMPRODUCT(TRANSPOSE(CQ$4:CQ$20),$G154:$W154)} -> 1.95 | CR154: {=SUMPRODUCT(TRANSPOSE(CR$4:CR$20),$G154:$W154)} -> 1.75 | CS154: {=SUMPRODUCT(TRANSPOSE(CS$4:CS$20),$G154:$W154)} -> 1.625 | CT154: {=SUMPRODUCT(TRANSPOSE(CT$4:CT$20),$G154:$W154)} -> 1.5 | CU154: {=SUMPRODUCT(TRANSPOSE(CU$4:CU$20),$G154:$W154)} -> 1.5 | ... DO154: {=SUMPRODUCT(TRANSPOSE(DO$4:DO$20),$G154:$W154)} -> 0
A155: =A154+1 -> 134 | B155: ABM1M-AT-M | C155: 400493201 | D155: HARDWARE CABLE TIE MOUNT. BASE 4 WAY, | E155: EA | F155: 2 | G155: 0 | H155: 0 | I155: 0 | J155: 0 | K155: 0 | L155: 0 | M155: 0 | N155: 0 | O155: 0 | P155: 0 | Q155: 0 | R155: 0 | S155: 0 | T155: 0 | U155: 0 | V155: 0 | W155: 16 | X155: Kaytech | Y155: 0.39 | Z155: 3250 | AA155: 0 | AB155: 0 | AC155: 0 | AD155: 0 | AE155: 0 | AF155: 0 | AG155: 0 | AH155: 0 | AI155: 0 | AJ155: 0 | AK155: 0 | AL155: 0 | AM155: 0 | AN155: 0 | BK155: =SUM($Z155:AD155)-SUM($CM155:CQ155) -> 2994 | BL155: =SUM($Z155:AE155)-SUM($CM155:CR155) -> 2738 | BM155: =SUM($Z155:AF155)-SUM($CM155:CS155) -> 2482 | BN155: =SUM($Z155:AG155)-SUM($CM155:CT155) -> 2226 | BO155: =SUM($Z155:AH155)-SUM($CM155:CU155) -> 1970 | BP155: =SUM($Z155:AI155)-SUM($CM155:CV155) -> 1714 | BQ155: =SUM($Z155:AJ155)-SUM($CM155:CW155) -> 1458 | BR155: =SUM($Z155:AK155)-SUM($CM155:CX155) -> 1202 | ... CI155: =SUM($Z155:BB155)-SUM($CM155:DO155) -> 1202 | CN155: {=SUMPRODUCT(TRANSPOSE(CN$4:CN$20),$G155:$W155)} -> 0 | CO155: {=SUMPRODUCT(TRANSPOSE(CO$4:CO$20),$G155:$W155)} -> 0 | CP155: {=SUMPRODUCT(TRANSPOSE(CP$4:CP$20),$G155:$W155)} -> 0 | CQ155: {=SUMPRODUCT(TRANSPOSE(CQ$4:CQ$20),$G155:$W155)} -> 256 | CR155: {=SUMPRODUCT(TRANSPOSE(CR$4:CR$20),$G155:$W155)} -> 256 | CS155: {=SUMPRODUCT(TRANSPOSE(CS$4:CS$20),$G155:$W155)} -> 256 | CT155: {=SUMPRODUCT(TRANSPOSE(CT$4:CT$20),$G155:$W155)} -> 256 | CU155: {=SUMPRODUCT(TRANSPOSE(CU$4:CU$20),$G155:$W155)} -> 256 | ... DO155: {=SUMPRODUCT(TRANSPOSE(DO$4:DO$20),$G155:$W155)} -> 0
A156: =A155+1 -> 135 | B156: AD7814ARMZ | C156: 401387650 | D156: IC INTFACE 10-BIT DIGITAL TEMPERATU | E156: EA | F156: 2 | G156: 0 | H156: 0 | I156: 0 | J156: 0 | K156: 0 | L156: 0 | M156: 0 | N156: 0 | O156: 0 | P156: 0 | Q156: 0 | R156: 1 | S156: 0 | T156: 0 | U156: 0 | V156: 1 | W156: 0 | X156: Elbatech | Y156: 1.6171 | Z156: 1100 | AA156: 0 | AB156: 0 | AC156: 0 | AD156: 0 | AE156: 0 | AF156: 0 | AG156: 0 | AH156: 0 | AI156: 0 | AJ156: 0 | AK156: 0 | AL156: 0 | AM156: 0 | AN156: 0 | BK156: =SUM($Z156:AD156)-SUM($CM156:CQ156) -> 1030 | BL156: =SUM($Z156:AE156)-SUM($CM156:CR156) -> 960 | BM156: =SUM($Z156:AF156)-SUM($CM156:CS156) -> 890 | BN156: =SUM($Z156:AG156)-SUM($CM156:CT156) -> 820 | BO156: =SUM($Z156:AH156)-SUM($CM156:CU156) -> 750 | BP156: =SUM($Z156:AI156)-SUM($CM156:CV156) -> 680 | BQ156: =SUM($Z156:AJ156)-SUM($CM156:CW156) -> 610 | BR156: =SUM($Z156:AK156)-SUM($CM156:CX156) -> 540 | ... CI156: =SUM($Z156:BB156)-SUM($CM156:DO156) -> 435 | CN156: {=SUMPRODUCT(TRANSPOSE(CN$4:CN$20),$G156:$W156)} -> 0 | CO156: {=SUMPRODUCT(TRANSPOSE(CO$4:CO$20),$G156:$W156)} -> 0 | CP156: {=SUMPRODUCT(TRANSPOSE(CP$4:CP$20),$G156:$W156)} -> 0 | CQ156: {=SUMPRODUCT(TRANSPOSE(CQ$4:CQ$20),$G156:$W156)} -> 70 | CR156: {=SUMPRODUCT(TRANSPOSE(CR$4:CR$20),$G156:$W156)} -> 70 | CS156: {=SUMPRODUCT(TRANSPOSE(CS$4:CS$20),$G156:$W156)} -> 70 | CT156: {=SUMPRODUCT(TRANSPOSE(CT$4:CT$20),$G156:$W156)} -> 70 | CU156: {=SUMPRODUCT(TRANSPOSE(CU$4:CU$20),$G156:$W156)} -> 70 | ... DO156: {=SUMPRODUCT(TRANSPOSE(DO$4:DO$20),$G156:$W156)} -> 0
A157: =A156+1 -> 136 | B157: AF163-2OST 0.03PSF | C157: 732191549 | D157: ADHESIVE FILM MODIFIED EPOXY MAT CARRIER | E157: AR | F157: 1 | G157: 0 | H157: 0 | I157: 0 | J157: 0 | K157: 0 | L157: 0 | M157: 0 | N157: 0 | O157: 0 | P157: 0 | Q157: 0 | R157: 0 | S157: 0 | T157: 0 | U157: 0 | V157: 0 | W157: 0.05 | X157: DNP | Y157: 0 | Z157: 0 | AA157: 0 | AB157: 0 | AC157: 0 | AD157: 0 | AE157: 0 | AF157: 0 | AG157: 0 | AH157: 0 | AI157: 0 | AJ157: 0 | AK157: 0 | AL157: 0 | AM157: 0 | AN157: 0 | BK157: =SUM($Z157:AD157)-SUM($CM157:CQ157) -> -0.8 | BL157: =SUM($Z157:AE157)-SUM($CM157:CR157) -> -1.6 | BM157: =SUM($Z157:AF157)-SUM($CM157:CS157) -> -2.4 | BN157: =SUM($Z157:AG157)-SUM($CM157:CT157) -> -3.2 | BO157: =SUM($Z157:AH157)-SUM($CM157:CU157) -> -4 | BP157: =SUM($Z157:AI157)-SUM($CM157:CV157) -> -4.8 | BQ157: =SUM($Z157:AJ157)-SUM($CM157:CW157) -> -5.6 | BR157: =SUM($Z157:AK157)-SUM($CM157:CX157) -> -6.4 | ... CI157: =SUM($Z157:BB157)-SUM($CM157:DO157) -> -6.4 | CN157: {=SUMPRODUCT(TRANSPOSE(CN$4:CN$20),$G157:$W157)} -> 0 | CO157: {=SUMPRODUCT(TRANSPOSE(CO$4:CO$20),$G157:$W157)} -> 0 | CP157: {=SUMPRODUCT(TRANSPOSE(CP$4:CP$20),$G157:$W157)} -> 0 | CQ157: {=SUMPRODUCT(TRANSPOSE(CQ$4:CQ$20),$G157:$W157)} -> 0.8 | CR157: {=SUMPRODUCT(TRANSPOSE(CR$4:CR$20),$G157:$W157)} -> 0.8 | CS157: {=SUMPRODUCT(TRANSPOSE(CS$4:CS$20),$G157:$W157)} -> 0.8 | CT157: {=SUMPRODUCT(TRANSPOSE(CT$4:CT$20),$G157:$W157)} -> 0.8 | CU157: {=SUMPRODUCT(TRANSPOSE(CU$4:CU$20),$G157:$W157)} -> 0.8 | ... DO157: {=SUMPRODUCT(TRANSPOSE(DO$4:DO$20),$G157:$W157)} -> 0
A158: =A157+1 -> 137 | B158: AT25DF321A-SH-B | C158: 401018376 | D158: IC MEMORY FLASH SERIAL 32-MEGABIT | E158: EA | F158: 2 | G158: 0 | H158: 0 | I158: 0 | J158: 0 | K158: 0 | L158: 0 | M158: 0 | N158: 0 | O158: 0 | P158: 0 | Q158: 0 | R158: 1 | S158: 0 | T158: 0 | U158: 0 | V158: 1 | W158: 0 | X158: Mouser | Y158: 1.96 | Z158: 1080 | AA158: 0 | AB158: 0 | AC158: 0 | AD158: 0 | AE158: 0 | AF158: 0 | AG158: 0 | AH158: 0 | AI158: 0 | AJ158: 0 | AK158: 0 | AL158: 0 | AM158: 0 | AN158: 0 | BK158: =SUM($Z158:AD158)-SUM($CM158:CQ158) -> 1010 | BL158: =SUM($Z158:AE158)-SUM($CM158:CR158) -> 940 | BM158: =SUM($Z158:AF158)-SUM($CM158:CS158) -> 870 | BN158: =SUM($Z158:AG158)-SUM($CM158:CT158) -> 800 | BO158: =SUM($Z158:AH158)-SUM($CM158:CU158) -> 730 | BP158: =SUM($Z158:AI158)-SUM($CM158:CV158) -> 660 | BQ158: =SUM($Z158:AJ158)-SUM($CM158:CW158) -> 590 | BR158: =SUM($Z158:AK158)-SUM($CM158:CX158) -> 520 | ... CI158: =SUM($Z158:BB158)-SUM($CM158:DO158) -> 415 | CN158: {=SUMPRODUCT(TRANSPOSE(CN$4:CN$20),$G158:$W158)} -> 0 | CO158: {=SUMPRODUCT(TRANSPOSE(CO$4:CO$20),$G158:$W158)} -> 0 | CP158: {=SUMPRODUCT(TRANSPOSE(CP$4:CP$20),$G158:$W158)} -> 0 | CQ158: {=SUMPRODUCT(TRANSPOSE(CQ$4:CQ$20),$G158:$W158)} -> 70 | CR158: {=SUMPRODUCT(TRANSPOSE(CR$4:CR$20),$G158:$W158)} -> 70 | CS158: {=SUMPRODUCT(TRANSPOSE(CS$4:CS$20),$G158:$W158)} -> 70 | CT158: {=SUMPRODUCT(TRANSPOSE(CT$4:CT$20),$G158:$W158)} -> 70 | CU158: {=SUMPRODUCT(TRANSPOSE(CU$4:CU$20),$G158:$W158)} -> 70 | ... DO158: {=SUMPRODUCT(TRANSPOSE(DO$4:DO$20),$G158:$W158)} -> 0
A159: =A158+1 -> 138 | B159: BLM15EG221SN1D | C159: 400043186 | D159: CHIP FERRITE BEAD EMI FILTER 220-OHM T&R | E159: EA | F159: 2 | G159: 0 | H159: 0 | I159: 0 | J159: 0 | K159: 0 | L159: 0 | M159: 0 | N159: 0 | O159: 0 | P159: 0 | Q159: 139 | R159: 0 | S159: 0 | T159: 0 | U159: 139 | V159: 0 | W159: 0 | X159: STG | Y159: 0.013 | Z159: 150000 | AA159: 0 | AB159: 0 | AC159: 0 | AD159: 0 | AE159: 0 | AF159: 0 | AG159: 0 | AH159: 0 | AI159: 0 | AJ159: 0 | AK159: 0 | AL159: 0 | AM159: 0 | AN159: 0 | BK159: =SUM($Z159:AD159)-SUM($CM159:CQ159) -> 139158 | BL159: =SUM($Z159:AE159)-SUM($CM159:CR159) -> 129428 | BM159: =SUM($Z159:AF159)-SUM($CM159:CS159) -> 120393 | BN159: =SUM($Z159:AG159)-SUM($CM159:CT159) -> 112053 | BO159: =SUM($Z159:AH159)-SUM($CM159:CU159) -> 103713 | BP159: =SUM($Z159:AI159)-SUM($CM159:CV159) -> 95373 | BQ159: =SUM($Z159:AJ159)-SUM($CM159:CW159) -> 87033 | BR159: =SUM($Z159:AK159)-SUM($CM159:CX159) -> 78693 | ... CI159: =SUM($Z159:BB159)-SUM($CM159:DO159) -> 51727 | CN159: {=SUMPRODUCT(TRANSPOSE(CN$4:CN$20),$G159:$W159)} -> 0 | CO159: {=SUMPRODUCT(TRANSPOSE(CO$4:CO$20),$G159:$W159)} -> 0 | CP159: {=SUMPRODUCT(TRANSPOSE(CP$4:CP$20),$G159:$W159)} -> 0 | CQ159: {=SUMPRODUCT(TRANSPOSE(CQ$4:CQ$20),$G159:$W159)} -> 10842 | CR159: {=SUMPRODUCT(TRANSPOSE(CR$4:CR$20),$G159:$W159)} -> 9730 | CS159: {=SUMPRODUCT(TRANSPOSE(CS$4:CS$20),$G159:$W159)} -> 9035 | CT159: {=SUMPRODUCT(TRANSPOSE(CT$4:CT$20),$G159:$W159)} -> 8340 | CU159: {=SUMPRODUCT(TRANSPOSE(CU$4:CU$20),$G159:$W159)} -> 8340 | ... DO159: {=SUMPRODUCT(TRANSPOSE(DO$4:DO$20),$G159:$W159)} -> 0
A160: =A159+1 -> 139 | B160: BLM18SG260TN1D | C160: 400112300 | D160: CHIP EMIFIL INDUCTOR 26-OHM T&R | E160: EA | F160: 2 | G160: 0 | H160: 0 | I160: 0 | J160: 0 | K160: 0 | L160: 0 | M160: 0 | N160: 0 | O160: 0 | P160: 0 | Q160: 61 | R160: 0 | S160: 0 | T160: 0 | U160: 15 | V160: 0 | W160: 0 | X160: STG | Y160: 0.015 | Z160: 70000 | AA160: 0 | AB160: 0 | AC160: 0 | AD160: 0 | AE160: 0 | AF160: 0 | AG160: 0 | AH160: 0 | AI160: 0 | AJ160: 0 | AK160: 0 | AL160: 0 | AM160: 0 | AN160: 0 | BK160: =SUM($Z160:AD160)-SUM($CM160:CQ160) -> 67220 | BL160: =SUM($Z160:AE160)-SUM($CM160:CR160) -> 64560 | BM160: =SUM($Z160:AF160)-SUM($CM160:CS160) -> 61975 | BN160: =SUM($Z160:AG160)-SUM($CM160:CT160) -> 59695 | BO160: =SUM($Z160:AH160)-SUM($CM160:CU160) -> 57415 | BP160: =SUM($Z160:AI160)-SUM($CM160:CV160) -> 55135 | BQ160: =SUM($Z160:AJ160)-SUM($CM160:CW160) -> 52855 | BR160: =SUM($Z160:AK160)-SUM($CM160:CX160) -> 50575 | ... CI160: =SUM($Z160:BB160)-SUM($CM160:DO160) -> 42881 | CN160: {=SUMPRODUCT(TRANSPOSE(CN$4:CN$20),$G160:$W160)} -> 0 | CO160: {=SUMPRODUCT(TRANSPOSE(CO$4:CO$20),$G160:$W160)} -> 0 | CP160: {=SUMPRODUCT(TRANSPOSE(CP$4:CP$20),$G160:$W160)} -> 0 | CQ160: {=SUMPRODUCT(TRANSPOSE(CQ$4:CQ$20),$G160:$W160)} -> 2780 | CR160: {=SUMPRODUCT(TRANSPOSE(CR$4:CR$20),$G160:$W160)} -> 2660 | CS160: {=SUMPRODUCT(TRANSPOSE(CS$4:CS$20),$G160:$W160)} -> 2585 | CT160: {=SUMPRODUCT(TRANSPOSE(CT$4:CT$20),$G160:$W160)} -> 2280 | CU160: {=SUMPRODUCT(TRANSPOSE(CU$4:CU$20),$G160:$W160)} -> 2280 | ... DO160: {=SUMPRODUCT(TRANSPOSE(DO$4:DO$20),$G160:$W160)} -> 0
A161: =A160+1 -> 140 | B161: BLM31PG500SN1L | C161: N62786405 | D161: CHIP FILTER EMI 50-OHM 3.2X1.6MM T&R | E161: EA | F161: 2 | G161: 0 | H161: 0 | I161: 0 | J161: 0 | K161: 0 | L161: 0 | M161: 0 | N161: 0 | O161: 0 | P161: 0 | Q161: 6 | R161: 0 | S161: 0 | T161: 0 | U161: 6 | V161: 0 | W161: 0 | X161: STG | Y161: 0.045 | Z161: 9000 | AA161: 0 | AB161: 0 | AC161: 0 | AD161: 0 | AE161: 0 | AF161: 0 | AG161: 0 | AH161: 0 | AI161: 0 | AJ161: 0 | AK161: 0 | AL161: 0 | AM161: 0 | AN161: 0 | BK161: =SUM($Z161:AD161)-SUM($CM161:CQ161) -> 8532 | BL161: =SUM($Z161:AE161)-SUM($CM161:CR161) -> 8112 | BM161: =SUM($Z161:AF161)-SUM($CM161:CS161) -> 7722 | BN161: =SUM($Z161:AG161)-SUM($CM161:CT161) -> 7362 | BO161: =SUM($Z161:AH161)-SUM($CM161:CU161) -> 7002 | BP161: =SUM($Z161:AI161)-SUM($CM161:CV161) -> 6642 | BQ161: =SUM($Z161:AJ161)-SUM($CM161:CW161) -> 6282 | BR161: =SUM($Z161:AK161)-SUM($CM161:CX161) -> 5922 | ... CI161: =SUM($Z161:BB161)-SUM($CM161:DO161) -> 4758 | CN161: {=SUMPRODUCT(TRANSPOSE(CN$4:CN$20),$G161:$W161)} -> 0 | CO161: {=SUMPRODUCT(TRANSPOSE(CO$4:CO$20),$G161:$W161)} -> 0 | CP161: {=SUMPRODUCT(TRANSPOSE(CP$4:CP$20),$G161:$W161)} -> 0 | CQ161: {=SUMPRODUCT(TRANSPOSE(CQ$4:CQ$20),$G161:$W161)} -> 468 | CR161: {=SUMPRODUCT(TRANSPOSE(CR$4:CR$20),$G161:$W161)} -> 420 | CS161: {=SUMPRODUCT(TRANSPOSE(CS$4:CS$20),$G161:$W161)} -> 390 | CT161: {=SUMPRODUCT(TRANSPOSE(CT$4:CT$20),$G161:$W161)} -> 360 | CU161: {=SUMPRODUCT(TRANSPOSE(CU$4:CU$20),$G161:$W161)} -> 360 | ... DO161: {=SUMPRODUCT(TRANSPOSE(DO$4:DO$20),$G161:$W161)} -> 0
A162: =A161+1 -> 141 | B162: C0402C100C5GAC7867 | C162: 401172747 | D162: CHIP CAP 10PF +-0.25PF 50V C0G T&R | E162: EA | F162: 2 | G162: 0 | H162: 0 | I162: 0 | J162: 0 | K162: 0 | L162: 0 | M162: 0 | N162: 0 | O162: 0 | P162: 0 | Q162: 639 | R162: 0 | S162: 0 | T162: 0 | U162: 231 | V162: 0 | W162: 0 | X162: Nisko | Y162: 0.0165 | Z162: 690000 | AA162: 0 | AB162: 0 | AC162: 0 | AD162: 0 | AE162: 0 | AF162: 0 | AG162: 0 | AH162: 0 | AI162: 0 | AJ162: 0 | AK162: 0 | AL162: 0 | AM162: 0 | AN162: 0 | BK162: =SUM($Z162:AD162)-SUM($CM162:CQ162) -> 657702 | BL162: =SUM($Z162:AE162)-SUM($CM162:CR162) -> 627252 | BM162: =SUM($Z162:AF162)-SUM($CM162:CS162) -> 597957 | BN162: =SUM($Z162:AG162)-SUM($CM162:CT162) -> 571857 | BO162: =SUM($Z162:AH162)-SUM($CM162:CU162) -> 545757 | BP162: =SUM($Z162:AI162)-SUM($CM162:CV162) -> 519657 | BQ162: =SUM($Z162:AJ162)-SUM($CM162:CW162) -> 493557 | BR162: =SUM($Z162:AK162)-SUM($CM162:CX162) -> 467457 | ... CI162: =SUM($Z162:BB162)-SUM($CM162:DO162) -> 380211 | CN162: {=SUMPRODUCT(TRANSPOSE(CN$4:CN$20),$G162:$W162)} -> 0 | CO162: {=SUMPRODUCT(TRANSPOSE(CO$4:CO$20),$G162:$W162)} -> 0 | CP162: {=SUMPRODUCT(TRANSPOSE(CP$4:CP$20),$G162:$W162)} -> 0 | CQ162: {=SUMPRODUCT(TRANSPOSE(CQ$4:CQ$20),$G162:$W162)} -> 32298 | CR162: {=SUMPRODUCT(TRANSPOSE(CR$4:CR$20),$G162:$W162)} -> 30450 | CS162: {=SUMPRODUCT(TRANSPOSE(CS$4:CS$20),$G162:$W162)} -> 29295 | CT162: {=SUMPRODUCT(TRANSPOSE(CT$4:CT$20),$G162:$W162)} -> 26100 | CU162: {=SUMPRODUCT(TRANSPOSE(CU$4:CU$20),$G162:$W162)} -> 26100 | ... DO162: {=SUMPRODUCT(TRANSPOSE(DO$4:DO$20),$G162:$W162)} -> 0
A163: =A162+1 -> 142 | B163: C0402C101J3GACTU | C163: 400536577 | D163: CHIP CAP 100PF 5^ 25V C0G T&R | E163: EA | F163: 2 | G163: 0 | H163: 0 | I163: 0 | J163: 0 | K163: 0 | L163: 0 | M163: 0 | N163: 0 | O163: 0 | P163: 0 | Q163: 210 | R163: 0 | S163: 0 | T163: 0 | U163: 74 | V163: 0 | W163: 0 | X163: Avnet Asia | Y163: 0.0024 | Z163: 230000 | AA163: 0 | AB163: 0 | AC163: 0 | AD163: 0 | AE163: 0 | AF163: 0 | AG163: 0 | AH163: 0 | AI163: 0 | AJ163: 0 | AK163: 0 | AL163: 0 | AM163: 0 | AN163: 0 | BK163: =SUM($Z163:AD163)-SUM($CM163:CQ163) -> 219468 | BL163: =SUM($Z163:AE163)-SUM($CM163:CR163) -> 209528 | BM163: =SUM($Z163:AF163)-SUM($CM163:CS163) -> 199958 | BN163: =SUM($Z163:AG163)-SUM($CM163:CT163) -> 191438 | BO163: =SUM($Z163:AH163)-SUM($CM163:CU163) -> 182918 | BP163: =SUM($Z163:AI163)-SUM($CM163:CV163) -> 174398 | BQ163: =SUM($Z163:AJ163)-SUM($CM163:CW163) -> 165878 | BR163: =SUM($Z163:AK163)-SUM($CM163:CX163) -> 157358 | ... CI163: =SUM($Z163:BB163)-SUM($CM163:DO163) -> 128858 | CN163: {=SUMPRODUCT(TRANSPOSE(CN$4:CN$20),$G163:$W163)} -> 0 | CO163: {=SUMPRODUCT(TRANSPOSE(CO$4:CO$20),$G163:$W163)} -> 0 | CP163: {=SUMPRODUCT(TRANSPOSE(CP$4:CP$20),$G163:$W163)} -> 0 | CQ163: {=SUMPRODUCT(TRANSPOSE(CQ$4:CQ$20),$G163:$W163)} -> 10532 | CR163: {=SUMPRODUCT(TRANSPOSE(CR$4:CR$20),$G163:$W163)} -> 9940 | CS163: {=SUMPRODUCT(TRANSPOSE(CS$4:CS$20),$G163:$W163)} -> 9570 | CT163: {=SUMPRODUCT(TRANSPOSE(CT$4:CT$20),$G163:$W163)} -> 8520 | CU163: {=SUMPRODUCT(TRANSPOSE(CU$4:CU$20),$G163:$W163)} -> 8520 | ... DO163: {=SUMPRODUCT(TRANSPOSE(DO$4:DO$20),$G163:$W163)} -> 0
A164: =A163+1 -> 143 | B164: C0402C102K5RAC7867 | C164: 400984937 | D164: CHIP CAP 1000PF 10% 50VOLT X7R T&R | E164: EA | F164: 2 | G164: 0 | H164: 0 | I164: 0 | J164: 0 | K164: 0 | L164: 0 | M164: 0 | N164: 0 | O164: 0 | P164: 0 | Q164: 343 | R164: 4 | S164: 0 | T164: 0 | U164: 3 | V164: 4 | W164: 0 | X164: Avnet Asia | Y164: 0.0018 | Z164: 380000 | AA164: 0 | AB164: 0 | AC164: 0 | AD164: 0 | AE164: 0 | AF164: 0 | AG164: 0 | AH164: 0 | AI164: 0 | AJ164: 0 | AK164: 0 | AL164: 0 | AM164: 0 | AN164: 0 | BK164: =SUM($Z164:AD164)-SUM($CM164:CQ164) -> 367586 | BL164: =SUM($Z164:AE164)-SUM($CM164:CR164) -> 355196 | BM164: =SUM($Z164:AF164)-SUM($CM164:CS164) -> 342821 | BN164: =SUM($Z164:AG164)-SUM($CM164:CT164) -> 332161 | BO164: =SUM($Z164:AH164)-SUM($CM164:CU164) -> 321501 | BP164: =SUM($Z164:AI164)-SUM($CM164:CV164) -> 310841 | BQ164: =SUM($Z164:AJ164)-SUM($CM164:CW164) -> 300181 | BR164: =SUM($Z164:AK164)-SUM($CM164:CX164) -> 289521 | ... CI164: =SUM($Z164:BB164)-SUM($CM164:DO164) -> 253159 | CN164: {=SUMPRODUCT(TRANSPOSE(CN$4:CN$20),$G164:$W164)} -> 0 | CO164: {=SUMPRODUCT(TRANSPOSE(CO$4:CO$20),$G164:$W164)} -> 0 | CP164: {=SUMPRODUCT(TRANSPOSE(CP$4:CP$20),$G164:$W164)} -> 0 | CQ164: {=SUMPRODUCT(TRANSPOSE(CQ$4:CQ$20),$G164:$W164)} -> 12414 | CR164: {=SUMPRODUCT(TRANSPOSE(CR$4:CR$20),$G164:$W164)} -> 12390 | CS164: {=SUMPRODUCT(TRANSPOSE(CS$4:CS$20),$G164:$W164)} -> 12375 | CT164: {=SUMPRODUCT(TRANSPOSE(CT$4:CT$20),$G164:$W164)} -> 10660 | CU164: {=SUMPRODUCT(TRANSPOSE(CU$4:CU$20),$G164:$W164)} -> 10660 | ... DO164: {=SUMPRODUCT(TRANSPOSE(DO$4:DO$20),$G164:$W164)} -> 0
A165: =A164+1 -> 144 | B165: C0402C103K3RAC7867 | C165: 401246012 | D165: CHIP CAP 0.01UF 10^ 25V X7R T&R | E165: EA | F165: 2 | G165: 0 | H165: 0 | I165: 0 | J165: 0 | K165: 0 | L165: 0 | M165: 0 | N165: 0 | O165: 0 | P165: 0 | Q165: 6 | R165: 99 | S165: 0 | T165: 0 | U165: 6 | V165: 99 | W165: 0 | X165: Avnet Asia | Y165: 0.0018 | Z165: 120000 | AA165: 0 | AB165: 0 | AC165: 0 | AD165: 0 | AE165: 0 | AF165: 0 | AG165: 0 | AH165: 0 | AI165: 0 | AJ165: 0 | AK165: 0 | AL165: 0 | AM165: 0 | AN165: 0 | BK165: =SUM($Z165:AD165)-SUM($CM165:CQ165) -> 112602 | BL165: =SUM($Z165:AE165)-SUM($CM165:CR165) -> 105252 | BM165: =SUM($Z165:AF165)-SUM($CM165:CS165) -> 97932 | BN165: =SUM($Z165:AG165)-SUM($CM165:CT165) -> 90642 | BO165: =SUM($Z165:AH165)-SUM($CM165:CU165) -> 83352 | BP165: =SUM($Z165:AI165)-SUM($CM165:CV165) -> 76062 | BQ165: =SUM($Z165:AJ165)-SUM($CM165:CW165) -> 68772 | BR165: =SUM($Z165:AK165)-SUM($CM165:CX165) -> 61482 | ... CI165: =SUM($Z165:BB165)-SUM($CM165:DO165) -> 49923 | CN165: {=SUMPRODUCT(TRANSPOSE(CN$4:CN$20),$G165:$W165)} -> 0 | CO165: {=SUMPRODUCT(TRANSPOSE(CO$4:CO$20),$G165:$W165)} -> 0 | CP165: {=SUMPRODUCT(TRANSPOSE(CP$4:CP$20),$G165:$W165)} -> 0 | CQ165: {=SUMPRODUCT(TRANSPOSE(CQ$4:CQ$20),$G165:$W165)} -> 7398 | CR165: {=SUMPRODUCT(TRANSPOSE(CR$4:CR$20),$G165:$W165)} -> 7350 | CS165: {=SUMPRODUCT(TRANSPOSE(CS$4:CS$20),$G165:$W165)} -> 7320 | CT165: {=SUMPRODUCT(TRANSPOSE(CT$4:CT$20),$G165:$W165)} -> 7290 | CU165: {=SUMPRODUCT(TRANSPOSE(CU$4:CU$20),$G165:$W165)} -> 7290 | ... DO165: {=SUMPRODUCT(TRANSPOSE(DO$4:DO$20),$G165:$W165)} -> 0
A166: =A165+1 -> 145 | B166: C0402C103K5RALTU | C166: 400584360 | D166: CHIP CAP 0.01UF 10% 50V X7R T&R | E166: EA | F166: 2 | G166: 0 | H166: 0 | I166: 0 | J166: 0 | K166: 0 | L166: 0 | M166: 0 | N166: 0 | O166: 0 | P166: 0 | Q166: 68 | R166: 0 | S166: 0 | T166: 0 | U166: 0 | V166: 0 | W166: 0 | X166: Mouser | Y166: 0.003 | Z166: 60000 | AA166: 0 | AB166: 0 | AC166: 0 | AD166: 0 | AE166: 0 | AF166: 0 | AG166: 0 | AH166: 0 | AI166: 0 | AJ166: 0 | AK166: 0 | AL166: 0 | AM166: 0 | AN166: 0 | BK166: =SUM($Z166:AD166)-SUM($CM166:CQ166) -> 57620 | BL166: =SUM($Z166:AE166)-SUM($CM166:CR166) -> 55240 | BM166: =SUM($Z166:AF166)-SUM($CM166:CS166) -> 52860 | BN166: =SUM($Z166:AG166)-SUM($CM166:CT166) -> 50820 | BO166: =SUM($Z166:AH166)-SUM($CM166:CU166) -> 48780 | BP166: =SUM($Z166:AI166)-SUM($CM166:CV166) -> 46740 | BQ166: =SUM($Z166:AJ166)-SUM($CM166:CW166) -> 44700 | BR166: =SUM($Z166:AK166)-SUM($CM166:CX166) -> 42660 | ... CI166: =SUM($Z166:BB166)-SUM($CM166:DO166) -> 35588 | CN166: {=SUMPRODUCT(TRANSPOSE(CN$4:CN$20),$G166:$W166)} -> 0 | CO166: {=SUMPRODUCT(TRANSPOSE(CO$4:CO$20),$G166:$W166)} -> 0 | CP166: {=SUMPRODUCT(TRANSPOSE(CP$4:CP$20),$G166:$W166)} -> 0 | CQ166: {=SUMPRODUCT(TRANSPOSE(CQ$4:CQ$20),$G166:$W166)} -> 2380 | CR166: {=SUMPRODUCT(TRANSPOSE(CR$4:CR$20),$G166:$W166)} -> 2380 | CS166: {=SUMPRODUCT(TRANSPOSE(CS$4:CS$20),$G166:$W166)} -> 2380 | CT166: {=SUMPRODUCT(TRANSPOSE(CT$4:CT$20),$G166:$W166)} -> 2040 | CU166: {=SUMPRODUCT(TRANSPOSE(CU$4:CU$20),$G166:$W166)} -> 2040 | ... DO166: {=SUMPRODUCT(TRANSPOSE(DO$4:DO$20),$G166:$W166)} -> 0
A167: =A166+1 -> 146 | B167: C0603C104K5RAC7867 | C167: 400713754 | D167: CHIP CAP 0.1UF 10% 50V X7R T&R | E167: EA | F167: 2 | G167: 0 | H167: 0 | I167: 0 | J167: 0 | K167: 0 | L167: 0 | M167: 0 | N167: 0 | O167: 0 | P167: 0 | Q167: 137 | R167: 0 | S167: 0 | T167: 0 | U167: 0 | V167: 0 | W167: 0 | X167: Avnet Asia | Y167: 0.003 | Z167: 76000 | AA167: 0 | AB167: 0 | AC167: 0 | AD167: 0 | AE167: 0 | AF167: 0 | AG167: 0 | AH167: 0 | AI167: 0 | AJ167: 0 | AK167: 0 | AL167: 0 | AM167: 0 | AN167: 0 | BK167: =SUM($Z167:AD167)-SUM($CM167:CQ167) -> 71205 | BL167: =SUM($Z167:AE167)-SUM($CM167:CR167) -> 66410 | BM167: =SUM($Z167:AF167)-SUM($CM167:CS167) -> 61615 | BN167: =SUM($Z167:AG167)-SUM($CM167:CT167) -> 57505 | BO167: =SUM($Z167:AH167)-SUM($CM167:CU167) -> 53395 | BP167: =SUM($Z167:AI167)-SUM($CM167:CV167) -> 49285 | BQ167: =SUM($Z167:AJ167)-SUM($CM167:CW167) -> 45175 | BR167: =SUM($Z167:AK167)-SUM($CM167:CX167) -> 41065 | ... CI167: =SUM($Z167:BB167)-SUM($CM167:DO167) -> 26817 | CN167: {=SUMPRODUCT(TRANSPOSE(CN$4:CN$20),$G167:$W167)} -> 0 | CO167: {=SUMPRODUCT(TRANSPOSE(CO$4:CO$20),$G167:$W167)} -> 0 | CP167: {=SUMPRODUCT(TRANSPOSE(CP$4:CP$20),$G167:$W167)} -> 0 | CQ167: {=SUMPRODUCT(TRANSPOSE(CQ$4:CQ$20),$G167:$W167)} -> 4795 | CR167: {=SUMPRODUCT(TRANSPOSE(CR$4:CR$20),$G167:$W167)} -> 4795 | CS167: {=SUMPRODUCT(TRANSPOSE(CS$4:CS$20),$G167:$W167)} -> 4795 | CT167: {=SUMPRODUCT(TRANSPOSE(CT$4:CT$20),$G167:$W167)} -> 4110 | CU167: {=SUMPRODUCT(TRANSPOSE(CU$4:CU$20),$G167:$W167)} -> 4110 | ... DO167: {=SUMPRODUCT(TRANSPOSE(DO$4:DO$20),$G167:$W167)} -> 0
A168: =A167+1 -> 147 | B168: C0603C560G5GACTU | C168: 400538428 | D168: CHIP CAP 56PF 2% 50V C0G T&R | E168: EA | F168: 2 | G168: 0 | H168: 0 | I168: 0 | J168: 0 | K168: 0 | L168: 0 | M168: 0 | N168: 0 | O168: 0 | P168: 0 | Q168: 0 | R168: 11 | S168: 0 | T168: 0 | U168: 0 | V168: 11 | W168: 0 | X168: Nisko | Y168: 0.12 | Z168: 12000 | AA168: 0 | AB168: 0 | AC168: 0 | AD168: 0 | AE168: 0 | AF168: 0 | AG168: 0 | AH168: 0 | AI168: 0 | AJ168: 0 | AK168: 0 | AL168: 0 | AM168: 0 | AN168: 0 | BK168: =SUM($Z168:AD168)-SUM($CM168:CQ168) -> 11230 | BL168: =SUM($Z168:AE168)-SUM($CM168:CR168) -> 10460 | BM168: =SUM($Z168:AF168)-SUM($CM168:CS168) -> 9690 | BN168: =SUM($Z168:AG168)-SUM($CM168:CT168) -> 8920 | BO168: =SUM($Z168:AH168)-SUM($CM168:CU168) -> 8150 | BP168: =SUM($Z168:AI168)-SUM($CM168:CV168) -> 7380 | BQ168: =SUM($Z168:AJ168)-SUM($CM168:CW168) -> 6610 | BR168: =SUM($Z168:AK168)-SUM($CM168:CX168) -> 5840 | ... CI168: =SUM($Z168:BB168)-SUM($CM168:DO168) -> 4685 | CN168: {=SUMPRODUCT(TRANSPOSE(CN$4:CN$20),$G168:$W168)} -> 0 | CO168: {=SUMPRODUCT(TRANSPOSE(CO$4:CO$20),$G168:$W168)} -> 0 | CP168: {=SUMPRODUCT(TRANSPOSE(CP$4:CP$20),$G168:$W168)} -> 0 | CQ168: {=SUMPRODUCT(TRANSPOSE(CQ$4:CQ$20),$G168:$W168)} -> 770 | CR168: {=SUMPRODUCT(TRANSPOSE(CR$4:CR$20),$G168:$W168)} -> 770 | CS168: {=SUMPRODUCT(TRANSPOSE(CS$4:CS$20),$G168:$W168)} -> 770 | CT168: {=SUMPRODUCT(TRANSPOSE(CT$4:CT$20),$G168:$W168)} -> 770 | CU168: {=SUMPRODUCT(TRANSPOSE(CU$4:CU$20),$G168:$W168)} -> 770 | ... DO168: {=SUMPRODUCT(TRANSPOSE(DO$4:DO$20),$G168:$W168)} -> 0
A169: =A168+1 -> 148 | B169: C0805C475K4RAC7025 | C169: 417350080 | D169: CHIP CAP 4.7UF 10% 16V X7R T&R | E169: EA | F169: 2 | G169: 0 | H169: 0 | I169: 0 | J169: 0 | K169: 0 | L169: 0 | M169: 0 | N169: 0 | O169: 0 | P169: 0 | Q169: 323 | R169: 0 | S169: 0 | T169: 0 | U169: 253 | V169: 0 | W169: 0 | X169: CIDEV GROUP LTD | Y169: 0.018 | Z169: 320000 | AA169: 0 | AB169: 0 | AC169: 0 | AD169: 0 | AE169: 0 | AF169: 0 | AG169: 0 | AH169: 0 | AI169: 0 | AJ169: 0 | AK169: 0 | AL169: 0 | AM169: 0 | AN169: 0 | BK169: =SUM($Z169:AD169)-SUM($CM169:CQ169) -> 297816 | BL169: =SUM($Z169:AE169)-SUM($CM169:CR169) -> 277656 | BM169: =SUM($Z169:AF169)-SUM($CM169:CS169) -> 258761 | BN169: =SUM($Z169:AG169)-SUM($CM169:CT169) -> 241481 | BO169: =SUM($Z169:AH169)-SUM($CM169:CU169) -> 224201 | BP169: =SUM($Z169:AI169)-SUM($CM169:CV169) -> 206921 | BQ169: =SUM($Z169:AJ169)-SUM($CM169:CW169) -> 189641 | BR169: =SUM($Z169:AK169)-SUM($CM169:CX169) -> 172361 | ... CI169: =SUM($Z169:BB169)-SUM($CM169:DO169) -> 115999 | CN169: {=SUMPRODUCT(TRANSPOSE(CN$4:CN$20),$G169:$W169)} -> 0 | CO169: {=SUMPRODUCT(TRANSPOSE(CO$4:CO$20),$G169:$W169)} -> 0 | CP169: {=SUMPRODUCT(TRANSPOSE(CP$4:CP$20),$G169:$W169)} -> 0 | CQ169: {=SUMPRODUCT(TRANSPOSE(CQ$4:CQ$20),$G169:$W169)} -> 22184 | CR169: {=SUMPRODUCT(TRANSPOSE(CR$4:CR$20),$G169:$W169)} -> 20160 | CS169: {=SUMPRODUCT(TRANSPOSE(CS$4:CS$20),$G169:$W169)} -> 18895 | CT169: {=SUMPRODUCT(TRANSPOSE(CT$4:CT$20),$G169:$W169)} -> 17280 | CU169: {=SUMPRODUCT(TRANSPOSE(CU$4:CU$20),$G169:$W169)} -> 17280 | ... DO169: {=SUMPRODUCT(TRANSPOSE(DO$4:DO$20),$G169:$W169)} -> 0
A170: =A169+1 -> 149 | B170: C10-218 | C170: 584100838 | D170: CABLE ASSY,CAP END,CABLE 3X7,.032IN DIA | E170: EA | F170: 2 | G170: 3 | H170: 1 | I170: 2 | J170: 0 | K170: 2 | L170: 0 | M170: 0 | N170: 0 | O170: 2 | P170: 0 | Q170: 0 | R170: 0 | S170: 2 | T170: 0 | U170: 0 | V170: 0 | W170: 0 | X170: Kaytech | Y170: 1.72 | Z170: 3291 | AA170: 0 | AB170: 0 | AC170: 0 | AD170: 0 | AE170: 0 | AF170: 0 | AG170: 0 | AH170: 0 | AI170: 0 | AJ170: 0 | AK170: 0 | AL170: 0 | AM170: 0 | AN170: 0 | BK170: =SUM($Z170:AD170)-SUM($CM170:CQ170) -> 3071 | BL170: =SUM($Z170:AE170)-SUM($CM170:CR170) -> 2867 | BM170: =SUM($Z170:AF170)-SUM($CM170:CS170) -> 2673 | BN170: =SUM($Z170:AG170)-SUM($CM170:CT170) -> 2489 | BO170: =SUM($Z170:AH170)-SUM($CM170:CU170) -> 2305 | BP170: =SUM($Z170:AI170)-SUM($CM170:CV170) -> 2121 | BQ170: =SUM($Z170:AJ170)-SUM($CM170:CW170) -> 1937 | BR170: =SUM($Z170:AK170)-SUM($CM170:CX170) -> 1753 | ... CI170: =SUM($Z170:BB170)-SUM($CM170:DO170) -> 1061 | CN170: {=SUMPRODUCT(TRANSPOSE(CN$4:CN$20),$G170:$W170)} -> 0 | CO170: {=SUMPRODUCT(TRANSPOSE(CO$4:CO$20),$G170:$W170)} -> 0 | CP170: {=SUMPRODUCT(TRANSPOSE(CP$4:CP$20),$G170:$W170)} -> 0 | CQ170: {=SUMPRODUCT(TRANSPOSE(CQ$4:CQ$20),$G170:$W170)} -> 220 | CR170: {=SUMPRODUCT(TRANSPOSE(CR$4:CR$20),$G170:$W170)} -> 204 | CS170: {=SUMPRODUCT(TRANSPOSE(CS$4:CS$20),$G170:$W170)} -> 194 | CT170: {=SUMPRODUCT(TRANSPOSE(CT$4:CT$20),$G170:$W170)} -> 184 | CU170: {=SUMPRODUCT(TRANSPOSE(CU$4:CU$20),$G170:$W170)} -> 184 | ... DO170: {=SUMPRODUCT(TRANSPOSE(DO$4:DO$20),$G170:$W170)} -> 0
A171: =A170+1 -> 150 | B171: C1210C106K5RACTU | C171: 405656805 | D171: CHIP CAP 10UF 10^ 50V X7R T&R | E171: EA | F171: 2 | G171: 0 | H171: 0 | I171: 0 | J171: 0 | K171: 0 | L171: 0 | M171: 0 | N171: 0 | O171: 0 | P171: 0 | Q171: 189 | R171: 0 | S171: 0 | T171: 0 | U171: 12 | V171: 0 | W171: 0 | X171: WTM | Y171: 0.098 | Z171: 114000 | AA171: 0 | AB171: 0 | AC171: 0 | AD171: 0 | AE171: 0 | AF171: 0 | AG171: 0 | AH171: 0 | AI171: 0 | AJ171: 0 | AK171: 0 | AL171: 0 | AM171: 0 | AN171: 0 | BK171: =SUM($Z171:AD171)-SUM($CM171:CQ171) -> 106869 | BL171: =SUM($Z171:AE171)-SUM($CM171:CR171) -> 99834 | BM171: =SUM($Z171:AF171)-SUM($CM171:CS171) -> 92859 | BN171: =SUM($Z171:AG171)-SUM($CM171:CT171) -> 86829 | BO171: =SUM($Z171:AH171)-SUM($CM171:CU171) -> 80799 | BP171: =SUM($Z171:AI171)-SUM($CM171:CV171) -> 74769 | BQ171: =SUM($Z171:AJ171)-SUM($CM171:CW171) -> 68739 | BR171: =SUM($Z171:AK171)-SUM($CM171:CX171) -> 62709 | ... CI171: =SUM($Z171:BB171)-SUM($CM171:DO171) -> 41973 | CN171: {=SUMPRODUCT(TRANSPOSE(CN$4:CN$20),$G171:$W171)} -> 0 | CO171: {=SUMPRODUCT(TRANSPOSE(CO$4:CO$20),$G171:$W171)} -> 0 | CP171: {=SUMPRODUCT(TRANSPOSE(CP$4:CP$20),$G171:$W171)} -> 0 | CQ171: {=SUMPRODUCT(TRANSPOSE(CQ$4:CQ$20),$G171:$W171)} -> 7131 | CR171: {=SUMPRODUCT(TRANSPOSE(CR$4:CR$20),$G171:$W171)} -> 7035 | CS171: {=SUMPRODUCT(TRANSPOSE(CS$4:CS$20),$G171:$W171)} -> 6975 | CT171: {=SUMPRODUCT(TRANSPOSE(CT$4:CT$20),$G171:$W171)} -> 6030 | CU171: {=SUMPRODUCT(TRANSPOSE(CU$4:CU$20),$G171:$W171)} -> 6030 | ... DO171: {=SUMPRODUCT(TRANSPOSE(DO$4:DO$20),$G171:$W171)} -> 0
A172: =A171+1 -> 151 | B172: C4532X5R1A476M280KA | C172: 416653035 | D172: CHIP CAP 47UF 20^ 10V X5R T&R | E172: EA | F172: 1 | G172: 0 | H172: 0 | I172: 0 | J172: 0 | K172: 0 | L172: 0 | M172: 0 | N172: 0 | O172: 0 | P172: 0 | Q172: 0 | R172: 2 | S172: 0 | T172: 0 | U172: 0 | V172: 2 | W172: 0 | X172: Arrow Rapac Ltd | Y172: 0.44688 | Z172: 2500 | AA172: 0 | AB172: 0 | AC172: 0 | AD172: 0 | AE172: 0 | AF172: 0 | AG172: 0 | AH172: 0 | AI172: 0 | AJ172: 0 | AK172: 0 | AL172: 0 | AM172: 0 | AN172: 0 | BK172: =SUM($Z172:AD172)-SUM($CM172:CQ172) -> 2360 | BL172: =SUM($Z172:AE172)-SUM($CM172:CR172) -> 2220 | BM172: =SUM($Z172:AF172)-SUM($CM172:CS172) -> 2080 | BN172: =SUM($Z172:AG172)-SUM($CM172:CT172) -> 1940 | BO172: =SUM($Z172:AH172)-SUM($CM172:CU172) -> 1800 | BP172: =SUM($Z172:AI172)-SUM($CM172:CV172) -> 1660 | BQ172: =SUM($Z172:AJ172)-SUM($CM172:CW172) -> 1520 | BR172: =SUM($Z172:AK172)-SUM($CM172:CX172) -> 1380 | ... CI172: =SUM($Z172:BB172)-SUM($CM172:DO172) -> 1170 | CN172: {=SUMPRODUCT(TRANSPOSE(CN$4:CN$20),$G172:$W172)} -> 0 | CO172: {=SUMPRODUCT(TRANSPOSE(CO$4:CO$20),$G172:$W172)} -> 0 | CP172: {=SUMPRODUCT(TRANSPOSE(CP$4:CP$20),$G172:$W172)} -> 0 | CQ172: {=SUMPRODUCT(TRANSPOSE(CQ$4:CQ$20),$G172:$W172)} -> 140 | CR172: {=SUMPRODUCT(TRANSPOSE(CR$4:CR$20),$G172:$W172)} -> 140 | CS172: {=SUMPRODUCT(TRANSPOSE(CS$4:CS$20),$G172:$W172)} -> 140 | CT172: {=SUMPRODUCT(TRANSPOSE(CT$4:CT$20),$G172:$W172)} -> 140 | CU172: {=SUMPRODUCT(TRANSPOSE(CU$4:CU$20),$G172:$W172)} -> 140 | ... DO172: {=SUMPRODUCT(TRANSPOSE(DO$4:DO$20),$G172:$W172)} -> 0
...
