Workbook
Name TIER2: [1]TIER2!#REF!

Sheet avl 18.08.24
A1: DRM | K1: 1 | L1: 1 | M1: 1 | N1: 1 | O1: 1 | CT1: DTRM FINAL ASSY | CU1: =SUM(CV1:EO1) -> 35180 | DB1: 100 | DC1: 200 | DD1: 300 | DE1: 550 | DF1: 700 | DG1: 750 | DH1: 750 | DI1: 750 | DJ1: 750 | DK1: 750 | DL1: 750 | DM1: 1000 | DN1: 1000 | DO1: 1000 | DP1: 1000 | DQ1: 1000 | DR1: 1000 | DS1: 1000 | DT1: 1000 | DU1: 1000 | DV1: 1000 | DW1: 1000 | DX1: 1000 | DY1: 1000 | DZ1: 1000 | EA1: 1000 | EB1: 1000 | EC1: 1000 | ED1: 1000 | EE1: 1000 | EF1: 1000 | EG1: 1000 | EH1: 1000 | EI1: 1000 | EJ1: 1000 | EK1: 1000 | EL1: 1000 | EM1: 1000 | EN1: 1000 | EO1: 830 | FA1: Total No of line items | FC1: 293 | FI1: =_xlfn.XLOOKUP(FI$9,'PO Delivery Schedule'!$A$3:$A$41,'PO Delivery Schedule'!$N$3:$N$41) -> 3000 | FJ1: =_xlfn.XLOOKUP(FJ$9,'PO Delivery Schedule'!$A$3:$A$41,'PO Delivery Schedule'!$N$3:$N$41) -> 3000 | FK1: =_xlfn.XLOOKUP(FK$9,'PO Delivery Schedule'!$A$3:$A$41,'PO Delivery Schedule'!$N$3:$N$41) -> 3000 | FL1: =_xlfn.XLOOKUP(FL$9,'PO Delivery Schedule'!$A$3:$A$41,'PO Delivery Schedule'!$N$3:$N$41) -> 3000 | FM1: =_xlfn.XLOOKUP(FM$9,'PO Delivery Schedule'!$A$3:$A$41,'PO Delivery Schedule'!$N$3:$N$41) -> 3000 | FN1: =_xlfn.XLOOKUP(FN$9,'PO Delivery Schedule'!$A$3:$A$41,'PO Delivery Schedule'!$N$3:$N$41) -> 3000 | FO1: =_xlfn.XLOOKUP(FO$9,'PO Delivery Schedule'!$A$3:$A$41,'PO Delivery Schedule'!$N$3:$N$41) -> 3000 | FP1: =_xlfn.XLOOKUP(FP$9,'PO Delivery Schedule'!$A$3:$A$41,'PO Delivery Schedule'!$N$3:$N$41) -> 3000 | ... FU1: =_xlfn.XLOOKUP(FU$9,'PO Delivery Schedule'!$A$3:$A$41,'PO Delivery Schedule'!$N$3:$N$41) -> 0 | FV1: =SUM(FI1:FU1) -> 35198 | IJ1: Final Supplier | IK1: No of Line items
A2: DTRM | P2: 1 | Q2: 1 | R2: 1 | S2: 1 | T2: 1 | U2: 1 | V2: 1 | W2: 1 | X2: 1 | CT2: PA DTRM | CU2: =SUM(CV2:EO2) -> 35180 | DB2: 100 | DC2: 200 | DD2: 300 | DE2: 550 | DF2: 700 | DG2: 750 | DH2: 750 | DI2: 750 | DJ2: 750 | DK2: 750 | DL2: 750 | DM2: 1000 | DN2: 1000 | DO2: 1000 | DP2: 1000 | DQ2: 1000 | DR2: 1000 | DS2: 1000 | DT2: 1000 | DU2: 1000 | DV2: 1000 | DW2: 1000 | DX2: 1000 | DY2: 1000 | DZ2: 1000 | EA2: 1000 | EB2: 1000 | EC2: 1000 | ED2: 1000 | EE2: 1000 | EF2: 1000 | EG2: 1000 | EH2: 1000 | EI2: 1000 | EJ2: 1000 | EK2: 1000 | EL2: 1000 | EM2: 1000 | EN2: 1000 | EO2: 830 | FA2: Assy | FC2: 18 | FI2: =_xlfn.XLOOKUP(FI$9,'PO Delivery Schedule'!$A$3:$A$41,'PO Delivery Schedule'!$O$3:$O$41) -> 3000 | FJ2: =_xlfn.XLOOKUP(FJ$9,'PO Delivery Schedule'!$A$3:$A$41,'PO Delivery Schedule'!$O$3:$O$41) -> 3000 | FK2: =_xlfn.XLOOKUP(FK$9,'PO Delivery Schedule'!$A$3:$A$41,'PO Delivery Schedule'!$O$3:$O$41) -> 3000 | FL2: =_xlfn.XLOOKUP(FL$9,'PO Delivery Schedule'!$A$3:$A$41,'PO Delivery Schedule'!$O$3:$O$41) -> 3000 | FM2: =_xlfn.XLOOKUP(FM$9,'PO Delivery Schedule'!$A$3:$A$41,'PO Delivery Schedule'!$O$3:$O$41) -> 3000 | FN2: =_xlfn.XLOOKUP(FN$9,'PO Delivery Schedule'!$A$3:$A$41,'PO Delivery Schedule'!$O$3:$O$41) -> 3000 | FO2: =_xlfn.XLOOKUP(FO$9,'PO Delivery Schedule'!$A$3:$A$41,'PO Delivery Schedule'!$O$3:$O$41) -> 3000 | FP2: =_xlfn.XLOOKUP(FP$9,'PO Delivery Schedule'!$A$3:$A$41,'PO Delivery Schedule'!$O$3:$O$41) -> 3000 | ... FU2: =_xlfn.XLOOKUP(FU$9,'PO Delivery Schedule'!$A$3:$A$41,'PO Delivery Schedule'!$O$3:$O$41) -> 0 | FV2: =SUM(FI2:FU2) -> 34788 | IJ2: PRONAT | IK2: 1
A3: DAD | Y3: 1 | Z3: 1 | AA3: 1 | AB3: 1 | AC3: 1 | AD3: 1 | AE3: 1 | AF3: 1 | AG3: 1 | CT3: CONTROLLER DTRM | CU3: =SUM(CV3:EO3) -> 35180 | DB3: 100 | DC3: 200 | DD3: 300 | DE3: 550 | DF3: 700 | DG3: 750 | DH3: 750 | DI3: 750 | DJ3: 750 | DK3: 750 | DL3: 750 | DM3: 1000 | DN3: 1000 | DO3: 1000 | DP3: 1000 | DQ3: 1000 | DR3: 1000 | DS3: 1000 | DT3: 1000 | DU3: 1000 | DV3: 1000 | DW3: 1000 | DX3: 1000 | DY3: 1000 | DZ3: 1000 | EA3: 1000 | EB3: 1000 | EC3: 1000 | ED3: 1000 | EE3: 1000 | EF3: 1000 | EG3: 1000 | EH3: 1000 | EI3: 1000 | EJ3: 1000 | EK3: 1000 | EL3: 1000 | EM3: 1000 | EN3: 1000 | EO3: 830 | ET3: USD | EU3: 1 | FA3: BFE | FC3: 10 | FI3: =_xlfn.XLOOKUP(FI$9,'PO Delivery Schedule'!$A$3:$A$41,'PO Delivery Schedule'!$P$3:$P$41) -> 65 | FJ3: =_xlfn.XLOOKUP(FJ$9,'PO Delivery Schedule'!$A$3:$A$41,'PO Delivery Schedule'!$P$3:$P$41) -> 65 | FK3: =_xlfn.XLOOKUP(FK$9,'PO Delivery Schedule'!$A$3:$A$41,'PO Delivery Schedule'!$P$3:$P$41) -> 65 | FL3: =_xlfn.XLOOKUP(FL$9,'PO Delivery Schedule'!$A$3:$A$41,'PO Delivery Schedule'!$P$3:$P$41) -> 65 | FM3: =_xlfn.XLOOKUP(FM$9,'PO Delivery Schedule'!$A$3:$A$41,'PO Delivery Schedule'!$P$3:$P$41) -> 65 | FN3: =_xlfn.XLOOKUP(FN$9,'PO Delivery Schedule'!$A$3:$A$41,'PO Delivery Schedule'!$P$3:$P$41) -> 65 | FO3: =_xlfn.XLOOKUP(FO$9,'PO Delivery Schedule'!$A$3:$A$41,'PO Delivery Schedule'!$P$3:$P$41) -> 65 | FP3: =_xlfn.XLOOKUP(FP$9,'PO Delivery Schedule'!$A$3:$A$41,'PO Delivery Schedule'!$P$3:$P$41) -> 65 | ... FU3: =_xlfn.XLOOKUP(FU$9,'PO Delivery Schedule'!$A$3:$A$41,'PO Delivery Schedule'!$P$3:$P$41) -> 0 | FV3: =SUM(FI3:FU3) -> 635 | IJ3: ARROW RAPAC | IK3: 2
A4: Spares | M4: 1 | N4: 1 | O4: 1 | R4: 1 | S4: 1 | T4: 1 | U4: 1 | V4: 1 | X4: 1 | CT4: DRM FINAL ASSY | CU4: =SUM(CV4:EO4) -> 34778 | DB4: 100 | DC4: 200 | DD4: 300 | DE4: 550 | DF4: 700 | DG4: 750 | DH4: 750 | DI4: 750 | DJ4: 750 | DK4: 750 | DL4: 750 | DM4: 1000 | DN4: 1000 | DO4: 1000 | DP4: 1000 | DQ4: 1000 | DR4: 1000 | DS4: 1000 | DT4: 1000 | DU4: 1000 | DV4: 1000 | DW4: 1000 | DX4: 1000 | DY4: 1000 | DZ4: 1000 | EA4: 1000 | EB4: 1000 | EC4: 1000 | ED4: 1000 | EE4: 1000 | EF4: 1000 | EG4: 1000 | EH4: 1000 | EI4: 1000 | EJ4: 1000 | EK4: 1000 | EL4: 1000 | EM4: 1000 | EN4: 1000 | EO4: 428 | ET4: GBP | EU4: 1.3 | FA4: DNP | FC4: 8 | FE4: DD Received | FF4: Payment | FG4: Clarifications | FH4: DD yet to receive | FI4: =_xlfn.XLOOKUP(FI$9,'PO Delivery Schedule'!$A$3:$A$41,'PO Delivery Schedule'!$Q$3:$Q$41) -> 0 | FJ4: =_xlfn.XLOOKUP(FJ$9,'PO Delivery Schedule'!$A$3:$A$41,'PO Delivery Schedule'!$Q$3:$Q$41) -> 0 | FK4: =_xlfn.XLOOKUP(FK$9,'PO Delivery Schedule'!$A$3:$A$41,'PO Delivery Schedule'!$Q$3:$Q$41) -> 0 | FL4: =_xlfn.XLOOKUP(FL$9,'PO Delivery Schedule'!$A$3:$A$41,'PO Delivery Schedule'!$Q$3:$Q$41) -> 0 | FM4: =_xlfn.XLOOKUP(FM$9,'PO Delivery Schedule'!$A$3:$A$41,'PO Delivery Schedule'!$Q$3:$Q$41) -> 0 | FN4: =_xlfn.XLOOKUP(FN$9,'PO Delivery Schedule'!$A$3:$A$41,'PO Delivery Schedule'!$Q$3:$Q$41) -> 0 | FO4: =_xlfn.XLOOKUP(FO$9,'PO Delivery Schedule'!$A$3:$A$41,'PO Delivery Schedule'!$Q$3:$Q$41) -> 0 | FP4: =_xlfn.XLOOKUP(FP$9,'PO Delivery Schedule'!$A$3:$A$41,'PO Delivery Schedule'!$Q$3:$Q$41) -> 0 | ... FU4: =_xlfn.XLOOKUP(FU$9,'PO Delivery Schedule'!$A$3:$A$41,'PO Delivery Schedule'!$Q$3:$Q$41) -> 0 | FV4: =SUM(FI4:FU4) -> 30 | IC4: Total | IJ4: Kemograph | IK4: 1
CT5: RX CARD DRM | CU5: =SUM(CV5:EO5) -> 34778 | DB5: 100 | DC5: 200 | DD5: 300 | DE5: 550 | DF5: 700 | DG5: 750 | DH5: 750 | DI5: 750 | DJ5: 750 | DK5: 750 | DL5: 750 | DM5: 1000 | DN5: 1000 | DO5: 1000 | DP5: 1000 | DQ5: 1000 | DR5: 1000 | DS5: 1000 | DT5: 1000 | DU5: 1000 | DV5: 1000 | DW5: 1000 | DX5: 1000 | DY5: 1000 | DZ5: 1000 | EA5: 1000 | EB5: 1000 | EC5: 1000 | ED5: 1000 | EE5: 1000 | EF5: 1000 | EG5: 1000 | EH5: 1000 | EI5: 1000 | EJ5: 1000 | EK5: 1000 | EL5: 1000 | EM5: 1000 | EN5: 1000 | EO5: 428 | ET5: EUR | EU5: 1.12 | FA5: Ordered | FC5: 232 | FD5: Components | FE5: 204 | FF5: 10 | FG5: 15 | FH5: =FC5-FE5-FF5-FG5 -> 3 | IC5: =SUM(FE5:FH5) -> 232
A6: 42 | J6: QTY | K6: 35198 | L6: 35198 | M6: 35228 | N6: 35228 | O6: 35228 | P6: 34788 | Q6: 34788 | R6: 34818 | S6: 34818 | T6: 34818 | U6: 34818 | V6: 34818 | W6: 34788 | X6: 34818 | Y6: 635 | Z6: 635 | AA6: 635 | AB6: 635 | AC6: 635 | AD6: 635 | AE6: 635 | AF6: 635 | AG6: 635 | CT6: CONTROLLER DRM | CU6: =SUM(CV6:EO6) -> 34778 | DB6: 100 | DC6: 200 | DD6: 300 | DE6: 550 | DF6: 700 | DG6: 750 | DH6: 750 | DI6: 750 | DJ6: 750 | DK6: 750 | DL6: 750 | DM6: 1000 | DN6: 1000 | DO6: 1000 | DP6: 1000 | DQ6: 1000 | DR6: 1000 | DS6: 1000 | DT6: 1000 | DU6: 1000 | DV6: 1000 | DW6: 1000 | DX6: 1000 | DY6: 1000 | DZ6: 1000 | EA6: 1000 | EB6: 1000 | EC6: 1000 | ED6: 1000 | EE6: 1000 | EF6: 1000 | EG6: 1000 | EH6: 1000 | EI6: 1000 | EJ6: 1000 | EK6: 1000 | EL6: 1000 | EM6: 1000 | EN6: 1000 | EO6: 428 | ET6: INR | EU6: =1/83 -> 0.012048193 | FA6: Ordered-Partially | FC6: 10 | FD6: Consumable | FE6: 7 | FH6: =FC6-FE6-FF6-FG6 -> 3 | IC6: =SUM(FE6:FH6) -> 10
A7: 1 | J7: COUNT | K7: =COUNTIF(K11:K304,">0") -> 4 | L7: =COUNTIF(L11:L304,">0") -> 33 | M7: =COUNTIF(M11:M304,">0") -> 13 | N7: =COUNTIF(N11:N304,">0") -> 47 | O7: =COUNTIF(O11:O304,">0") -> 100 | P7: =COUNTIF(P11:P304,">0") -> 4 | Q7: =COUNTIF(Q11:Q304,">0") -> 33 | R7: =COUNTIF(R11:R304,">0") -> 30 | ... AG7: =COUNTIF(AG11:AG304,">0") -> 101 | CT7: DAD FINAL ASSY | CU7: =SUM(CV7:EO7) -> 631 | DB7: 100 | DC7: 200 | DD7: 331 | FA7: Ordered-clarifications | FC7: 5 | FD7: Price clarifications
J8: DESC | K8: =VLOOKUP(K10,$C$11:$F$303,4,) -> DRM F/ASSY | L8: =VLOOKUP(L10,$C$11:$F$303,4,) -> DRM ASSY | M8: =VLOOKUP(M10,$C$11:$F$303,4,) -> DRM PS ASSY RX | N8: =VLOOKUP(N10,$C$11:$F$303,4,) -> DRM RX ASSY | O8: =VLOOKUP(O10,$C$11:$F$303,4,) -> PC ASSY DRM CONTROLER NG 400 | P8: =VLOOKUP(P10,$C$11:$F$303,4,) -> DTRM F/ASSY | Q8: =VLOOKUP(Q10,$C$11:$F$303,4,) -> DTRM F/ASSY | R8: =VLOOKUP(R10,$C$11:$F$303,4,) -> DTRM POWER AMP ASSY | ... AG8: =VLOOKUP(AG10,$C$11:$F$303,4,) -> PC ASSY CONTROLLER 400 | BF8: ETA | CT8: PA DAD | CU8: =SUM(CV8:EO8) -> 631 | DB8: 100 | DC8: 200 | DD8: 331 | FA8: TBD | FC8: 10 | FI8: Required | FW8: Considering SPQ | GK8: Amount Considering SPQ | GZ8: Final Ordering | HN8: Final Ordering Amount
J9: BOM LEVAL | K9: 0 | L9: 1 | M9: 2 | N9: 3 | O9: 2 | P9: 0 | Q9: 1 | R9: 2 | S9: 3 | T9: 4 | U9: 3 | V9: 3 | W9: 2 | X9: 2 | Y9: 0 | Z9: 1 | AA9: 2 | AB9: 3 | AC9: 4 | AD9: 3 | AE9: 3 | AF9: 2 | AG9: 2 | BA9: DCX DEATAILS | CT9: CONTROLLER DAD | CU9: =SUM(CV9:EO9) -> 631 | DB9: 100 | DC9: 200 | DD9: 331 | FA9: Total | FC9: =SUM(FC2:FC8) -> 293 | FI9: 45566 | FJ9: 45717 | FK9: =EDATE(FJ9,3) -> 45809 | FL9: =EDATE(FK9,3) -> 45901 | FM9: =EDATE(FL9,3) -> 45992 | FN9: =EDATE(FM9,3) -> 46082 | FO9: =EDATE(FN9,3) -> 46174 | FP9: =EDATE(FO9,3) -> 46266 | FQ9: =EDATE(FP9,3) -> 46357 | FR9: =EDATE(FQ9,3) -> 46447 | ... FU9: =EDATE(FT9,3) -> 46722 | FW9: 45566 | FX9: 45717 | FY9: =EDATE(FX9,3) -> 45809 | FZ9: =EDATE(FY9,3) -> 45901 | GA9: =EDATE(FZ9,3) -> 45992 | GB9: =EDATE(GA9,3) -> 46082 | GC9: =EDATE(GB9,3) -> 46174 | GD9: =EDATE(GC9,3) -> 46266 | GE9: =EDATE(GD9,3) -> 46357 | GF9: =EDATE(GE9,3) -> 46447 | ... GI9: =EDATE(GH9,3) -> 46722 | GK9: 45566 | GL9: 45717 | GM9: =EDATE(GL9,3) -> 45809 | GN9: =EDATE(GM9,3) -> 45901 | GO9: =EDATE(GN9,3) -> 45992 | GP9: =EDATE(GO9,3) -> 46082 | GQ9: =EDATE(GP9,3) -> 46174 | GR9: =EDATE(GQ9,3) -> 46266 | GS9: =EDATE(GR9,3) -> 46357 | GT9: =EDATE(GS9,3) -> 46447 | ... GW9: =EDATE(GV9,3) -> 46722 | GZ9: 45566 | HA9: 45717 | HB9: =EDATE(HA9,3) -> 45809 | HC9: =EDATE(HB9,3) -> 45901 | HD9: =EDATE(HC9,3) -> 45992 | HE9: =EDATE(HD9,3) -> 46082 | HF9: =EDATE(HE9,3) -> 46174 | HG9: =EDATE(HF9,3) -> 46266 | HH9: =EDATE(HG9,3) -> 46357 | HI9: =EDATE(HH9,3) -> 46447 | ... HL9: =EDATE(HK9,3) -> 46722 | HN9: 45566 | HO9: 45717 | HP9: =EDATE(HO9,3) -> 45809 | HQ9: =EDATE(HP9,3) -> 45901 | HR9: =EDATE(HQ9,3) -> 45992 | HS9: =EDATE(HR9,3) -> 46082 | HT9: =EDATE(HS9,3) -> 46174 | HU9: =EDATE(HT9,3) -> 46266 | HV9: =EDATE(HU9,3) -> 46357 | HW9: =EDATE(HV9,3) -> 46447 | ... HZ9: =EDATE(HY9,3) -> 46722
A10: # | C10: PN_ID | D10: REV | E10: CATALOG | F10: DESCRIPTION | G10: FFF CLASS | H10: UOM | I10: SUG_MLAI | J10: ORIG_QTY | K10: 1096M150-001 | L10: 1096M155-001 | M10: 1096M156-001 | N10: 1096M160-001 | O10: 1094T037-001 | P10: 1096M130-001 | Q10: 1096M135-001 | R10: 1096M136-001 | S10: 1096M140-001 | T10: 1094Y038-001 | U10: 1094N754-001 | V10: 1093G277-001 | W10: 1093N746-001 | X10: 1094N790-003 | Y10: 1096M170-001 | Z10: 1096M175-001 | AA10: 1096M176-001 | AB10: 1096M180-001 | AC10: 1094Y038-001 | AD10: 1094N754-001 | AE10: 1093G277-001 | AF10: 1093N746-001 | AG10: 1094N790-003 | AH10: SUM | AI10: QTY/DRM | AJ10: QTY/DTRM | AK10: QTY/DAD | AL10: QTY/Spares | AM10: TOTAL QTY | AN10: MPQ | AO10: CELLING | AP10: NOTES | AQ10: MFG | AR10: SUPPLIER | AS10: DCX Remarks | AT10: Indian Supllier | AU10: FINAL PRICE | AV10: CUR | AW10: POC/NAME | AX10: E-MAIL | AY10: E-MAIL | AZ10: PHONE # | BA10: PO # | BB10: ACTUAL PRICE | BC10: L.T in Wks | BD10: QTY # | BE10: STOCK | BF10: 45474 | BG10: 45505 | BH10: 45536 | BI10: 45566 | BJ10: 45597 | BK10: 45627 | BL10: 45658 | BM10: 45689 | BN10: 45717 | BO10: 45748 | BP10: 45778 | BQ10: 45809 | BR10: 45839 | BS10: 45870 | BT10: 45901 | BU10: 45931 | BV10: 45962 | BW10: 45992 | BX10: 46023 | BY10: 46054 | BZ10: 46082 | CA10: 46113 | CB10: 46143 | CC10: 46174 | CD10: 46204 | CE10: 46235 | CF10: 46266 | CG10: 46296 | CH10: 46327 | CI10: 46357 | CJ10: 46388 | CK10: 46419 | CL10: 46447 | CM10: 46478 | CN10: 46508 | CO10: 46539 | CP10: 46569 | CQ10: 46600 | CR10: 46631 | CS10: 46661 | CT10: PLAN | CU10: SUM | CV10: 45474 | CW10: 45505 | CX10: 45536 | CY10: 45566 | CZ10: 45597 | DA10: 45627 | DB10: 45658 | DC10: 45689 | DD10: 45717 | DE10: 45748 | DF10: 45778 | DG10: 45809 | DH10: 45839 | DI10: 45870 | DJ10: 45901 | DK10: 45931 | DL10: 45962 | DM10: 45992 | DN10: 46023 | DO10: 46054 | DP10: 46082 | DQ10: 46113 | DR10: 46143 | DS10: 46174 | DT10: 46204 | DU10: 46235 | DV10: 46266 | DW10: 46296 | DX10: 46327 | DY10: 46357 | DZ10: 46388 | EA10: 46419 | EB10: 46447 | EC10: 46478 | ED10: 46508 | EE10: 46539 | EF10: 46569 | EG10: 46600 | EH10: 46631 | EI10: 46661 | EJ10: 46692 | EK10: 46722 | EL10: 46753 | EM10: 46784 | EN10: 46813 | EO10: 46844 | EP10: Final Supplier | EQ10: Final P/N | ER10: Final Make | ES10: Final Price | ET10: Final CNY | EU10: CCR to USD | EV10: Final Price in USD | EW10: SPQ | EX10: MOQ | EY10: Additional QTY to Order | EZ10: Total Order QTY | FA10: Total Order Amount $ | FB10: Surplus QTY | FC10: Amount for Surplus QTY $ | FD10: Approval Date | FE10: Approved By | FF10: Remarks | FG10: Finalised | FH10: Order to be placed by | FI10: 1 | FJ10: 2 | FK10: =FJ10+1 -> 3 | FL10: =FK10+1 -> 4 | FM10: =FL10+1 -> 5 | FN10: =FM10+1 -> 6 | FO10: =FN10+1 -> 7 | FP10: =FO10+1 -> 8 | FQ10: =FP10+1 -> 9 | FR10: =FQ10+1 -> 10 | ... FU10: =FT10+1 -> 13 | FV10: X | FW10: 1 | FX10: 2 | FY10: =FX10+1 -> 3 | FZ10: =FY10+1 -> 4 | GA10: =FZ10+1 -> 5 | GB10: =GA10+1 -> 6 | GC10: =GB10+1 -> 7 | GD10: =GC10+1 -> 8 | GE10: =GD10+1 -> 9 | GF10: =GE10+1 -> 10 | ... GI10: =GH10+1 -> 13 | GJ10: X | GK10: 1 | GL10: 2 | GM10: =GL10+1 -> 3 | GN10: =GM10+1 -> 4 | GO10: =GN10+1 -> 5 | GP10: =GO10+1 -> 6 | GQ10: =GP10+1 -> 7 | GR10: =GQ10+1 -> 8 | GS10: =GR10+1 -> 9 | GT10: =GS10+1 -> 10 | ... GW10: =GV10+1 -> 13 | GX10: Total | GY10: Split Lot | GZ10: 1 | HA10: 2 | HB10: =HA10+1 -> 3 | HC10: =HB10+1 -> 4 | HD10: =HC10+1 -> 5 | HE10: =HD10+1 -> 6 | HF10: =HE10+1 -> 7 | HG10: =HF10+1 -> 8 | HH10: =HG10+1 -> 9 | HI10: =HH10+1 -> 10 | ... HL10: =HK10+1 -> 13 | HM10: X | HN10: 1 | HO10: 2 | HP10: =HO10+1 -> 3 | HQ10: =HP10+1 -> 4 | HR10: =HQ10+1 -> 5 | HS10: =HR10+1 -> 6 | HT10: =HS10+1 -> 7 | HU10: =HT10+1 -> 8 | HV10: =HU10+1 -> 9 | HW10: =HV10+1 -> 10 | ... HZ10: =HY10+1 -> 13 | IA10: Total | IC10: PO number | ID10: PO Date | IE10: OA | IF10: Payment | IG10: DD | IH10: Remarks | II10: COO
A11: 1 | B11: LT01-289 | C11: 1096M130-001 | D11: - | E11: 410977392 | F11: DTRM F/ASSY | H11: EA | I11: 1 | J11: 1 | K11: 0 | L11: 0 | M11: 0 | N11: 0 | O11: 0 | P11: 1 | Q11: 0 | R11: 0 | S11: 0 | T11: 0 | U11: 0 | V11: 0 | W11: 0 | X11: 0 | Y11: 0 | Z11: 0 | AA11: 0 | AB11: 0 | AC11: 0 | AD11: 0 | AE11: 0 | AF11: 0 | AG11: 0 | AH11: =SUM(K11:AB11) -> 1 | AI11: =SUMPRODUCT($K$1:$AG$1,$K11:$AG11) -> 0 | AJ11: =SUMPRODUCT($K$2:$AG$2,$K11:$AG11) -> 1 | AK11: =SUMPRODUCT($K$3:$AG$3,$K11:$AG11) -> 0 | AL11: =SUMPRODUCT($K$4:$AG$4,$K11:$AG11) -> 0 | AM11: =SUMPRODUCT(K11:AG11,$K$6:$AG$6) -> 34788 | AN11: 1 | AO11: =CEILING(AM11,AN11) -> 34788 | AP11: ASSY | AQ11: ASSY | BA11: =IC11 -> 0 | BB11: =EV11 -> #NAME? | BD11: =EZ11 -> 34788 | CW11: =SUM($BE11,$BF11:BF11)-SUM($CV$1:CW$1)*SUM($P11:$Q11,$W11)-SUM($CV$2:CW$2)*SUM($R11:$V11)-SUM($CV$3:CW$3)*$X11-SUM($CV$4:CW$4)*SUM($K11:$L11)-SUM($CV$5:CW$5)*SUM($M11:$N11)-SUM($CV$6:CW$6)*$O11-SUM($CV$7:CW$7)*SUM($Y11:$Z11,$AF11)-SUM($CV$8:CW$8)*SUM($AA11:$AE11)-SUM($CV$9:CW$9)*$AG11 -> 0 | CX11: =SUM($BE11,$BF11:BG11)-SUM($CV$1:CX$1)*SUM($P11:$Q11,$W11)-SUM($CV$2:CX$2)*SUM($R11:$V11)-SUM($CV$3:CX$3)*$X11-SUM($CV$4:CX$4)*SUM($K11:$L11)-SUM($CV$5:CX$5)*SUM($M11:$N11)-SUM($CV$6:CX$6)*$O11-SUM($CV$7:CX$7)*SUM($Y11:$Z11,$AF11)-SUM($CV$8:CX$8)*SUM($AA11:$AE11)-SUM($CV$9:CX$9)*$AG11 -> 0 | CY11: =SUM($BE11,$BF11:BH11)-SUM($CV$1:CY$1)*SUM($P11:$Q11,$W11)-SUM($CV$2:CY$2)*SUM($R11:$V11)-SUM($CV$3:CY$3)*$X11-SUM($CV$4:CY$4)*SUM($K11:$L11)-SUM($CV$5:CY$5)*SUM($M11:$N11)-SUM($CV$6:CY$6)*$O11-SUM($CV$7:CY$7)*SUM($Y11:$Z11,$AF11)-SUM($CV$8:CY$8)*SUM($AA11:$AE11)-SUM($CV$9:CY$9)*$AG11 -> 0 | CZ11: =SUM($BE11,$BF11:BI11)-SUM($CV$1:CZ$1)*SUM($P11:$Q11,$W11)-SUM($CV$2:CZ$2)*SUM($R11:$V11)-SUM($CV$3:CZ$3)*$X11-SUM($CV$4:CZ$4)*SUM($K11:$L11)-SUM($CV$5:CZ$5)*SUM($M11:$N11)-SUM($CV$6:CZ$6)*$O11-SUM($CV$7:CZ$7)*SUM($Y11:$Z11,$AF11)-SUM($CV$8:CZ$8)*SUM($AA11:$AE11)-SUM($CV$9:CZ$9)*$AG11 -> 0 | DA11: =SUM($BE11,$BF11:BJ11)-SUM($CV$1:DA$1)*SUM($P11:$Q11,$W11)-SUM($CV$2:DA$2)*SUM($R11:$V11)-SUM($CV$3:DA$3)*$X11-SUM($CV$4:DA$4)*SUM($K11:$L11)-SUM($CV$5:DA$5)*SUM($M11:$N11)-SUM($CV$6:DA$6)*$O11-SUM($CV$7:DA$7)*SUM($Y11:$Z11,$AF11)-SUM($CV$8:DA$8)*SUM($AA11:$AE11)-SUM($CV$9:DA$9)*$AG11 -> 0 | DB11: =SUM($BE11,$BF11:BK11)-SUM($CV$1:DB$1)*SUM($P11:$Q11,$W11)-SUM($CV$2:DB$2)*SUM($R11:$V11)-SUM($CV$3:DB$3)*$X11-SUM($CV$4:DB$4)*SUM($K11:$L11)-SUM($CV$5:DB$5)*SUM($M11:$N11)-SUM($CV$6:DB$6)*$O11-SUM($CV$7:DB$7)*SUM($Y11:$Z11,$AF11)-SUM($CV$8:DB$8)*SUM($AA11:$AE11)-SUM($CV$9:DB$9)*$AG11 -> -100 | DC11: =SUM($BE11,$BF11:BL11)-SUM($CV$1:DC$1)*SUM($P11:$Q11,$W11)-SUM($CV$2:DC$2)*SUM($R11:$V11)-SUM($CV$3:DC$3)*$X11-SUM($CV$4:DC$4)*SUM($K11:$L11)-SUM($CV$5:DC$5)*SUM($M11:$N11)-SUM($CV$6:DC$6)*$O11-SUM($CV$7:DC$7)*SUM($Y11:$Z11,$AF11)-SUM($CV$8:DC$8)*SUM($AA11:$AE11)-SUM($CV$9:DC$9)*$AG11 -> -300 | DD11: =SUM($BE11,$BF11:BM11)-SUM($CV$1:DD$1)*SUM($P11:$Q11,$W11)-SUM($CV$2:DD$2)*SUM($R11:$V11)-SUM($CV$3:DD$3)*$X11-SUM($CV$4:DD$4)*SUM($K11:$L11)-SUM($CV$5:DD$5)*SUM($M11:$N11)-SUM($CV$6:DD$6)*$O11-SUM($CV$7:DD$7)*SUM($Y11:$Z11,$AF11)-SUM($CV$8:DD$8)*SUM($AA11:$AE11)-SUM($CV$9:DD$9)*$AG11 -> -600 | ... EO11: =SUM($BE11,$BF11:CX11)-SUM($CV$1:EO$1)*SUM($P11:$Q11,$W11)-SUM($CV$2:EO$2)*SUM($R11:$V11)-SUM($CV$3:EO$3)*$X11-SUM($CV$4:EO$4)*SUM($K11:$L11)-SUM($CV$5:EO$5)*SUM($M11:$N11)-SUM($CV$6:EO$6)*$O11-SUM($CV$7:EO$7)*SUM($Y11:$Z11,$AF11)-SUM($CV$8:EO$8)*SUM($AA11:$AE11)-SUM($CV$9:EO$9)*$AG11 -> -35180 | EP11: ASSY | EQ11: =C11 -> 1096M130-001 | ER11: =AQ11 -> ASSY | ES11: =AU11 -> 0 | ET11: =AV11 -> 0 | EU11: =_xlfn.XLOOKUP(ET11,ET$3:ET$6,EU$3:EU$6,0) -> #NAME? | EV11: =ES11*EU11 -> #NAME? | EW11: =AN11 -> 1 | EX11: =AN11 -> 1 | EZ11: =MAX(EX11,CEILING(AM11+EY11,EW11)) -> 34788 | FA11: =EZ11*EV11 -> #NAME? | FB11: =EZ11-AM11 -> 0 | FC11: =FB11*EV11 -> #NAME? | FD11: 45523 | FE11: Sagi | FF11: ASSY | FI11: {=SUMPRODUCT($AI11:$AL11,TRANSPOSE(FI$1:FI$4))} -> 3000 | FJ11: {=SUMPRODUCT($AI11:$AL11,TRANSPOSE(FJ$1:FJ$4))} -> 3000 | FK11: {=SUMPRODUCT($AI11:$AL11,TRANSPOSE(FK$1:FK$4))} -> 3000 | FL11: {=SUMPRODUCT($AI11:$AL11,TRANSPOSE(FL$1:FL$4))} -> 3000 | FM11: {=SUMPRODUCT($AI11:$AL11,TRANSPOSE(FM$1:FM$4))} -> 3000 | FN11: {=SUMPRODUCT($AI11:$AL11,TRANSPOSE(FN$1:FN$4))} -> 3000 | FO11: {=SUMPRODUCT($AI11:$AL11,TRANSPOSE(FO$1:FO$4))} -> 3000 | FP11: {=SUMPRODUCT($AI11:$AL11,TRANSPOSE(FP$1:FP$4))} -> 3000 | ... FU11: {=SUMPRODUCT($AI11:$AL11,TRANSPOSE(FU$1:FU$4))} -> 0 | FW11: =CEILING(FI11,$EW11) -> 3000 | FX11: =CEILING(SUM($FI11:FJ11)-SUM($FW11:FW11),$EW11) -> 3000 | FY11: =CEILING(SUM($FI11:FK11)-SUM($FW11:FX11),$EW11) -> 3000 | FZ11: =CEILING(SUM($FI11:FL11)-SUM($FW11:FY11),$EW11) -> 3000 | GA11: =CEILING(SUM($FI11:FM11)-SUM($FW11:FZ11),$EW11) -> 3000 | GB11: =CEILING(SUM($FI11:FN11)-SUM($FW11:GA11),$EW11) -> 3000 | GC11: =CEILING(SUM($FI11:FO11)-SUM($FW11:GB11),$EW11) -> 3000 | GD11: =CEILING(SUM($FI11:FP11)-SUM($FW11:GC11),$EW11) -> 3000 | GE11: =CEILING(SUM($FI11:FQ11)-SUM($FW11:GD11),$EW11) -> 3000 | ... GG11: =CEILING(SUM($FI11:FS11)-SUM($FW11:GF11),$EW11) -> 3000 | GH11: =EZ11-SUM(FW11:GG11) -> 1788 | GI11: =EZ11-SUM(FW11:GH11) -> 0 | GK11: =FW11*$EV11 -> #NAME? | GL11: =FX11*$EV11 -> #NAME? | GM11: =FY11*$EV11 -> #NAME? | GN11: =FZ11*$EV11 -> #NAME? | GO11: =GA11*$EV11 -> #NAME? | GP11: =GB11*$EV11 -> #NAME? | GQ11: =GC11*$EV11 -> #NAME? | GR11: =GD11*$EV11 -> #NAME? | ... GW11: =GI11*$EV11 -> #NAME? | GX11: =SUM(GK11:GW11) -> #NAME? | HL11: =GI11 -> 0 | HN11: =GZ11*$EV11 -> #NAME? | HO11: =HA11*$EV11 -> #NAME? | HP11: =HB11*$EV11 -> #NAME? | HQ11: =HC11*$EV11 -> #NAME? | HR11: =HD11*$EV11 -> #NAME? | HS11: =HE11*$EV11 -> #NAME? | HT11: =HF11*$EV11 -> #NAME? | HU11: =HG11*$EV11 -> #NAME? | ... HZ11: =HL11*$EV11 -> #NAME? | IA11: =SUM(HN11:HZ11) -> #NAME? | IB11: LT01-289
A12: 2 | B12: LT01-290 | C12: 1096M150-001 | D12: - | E12: 410977469 | F12: DRM F/ASSY | H12: EA | I12: 1 | J12: 1 | K12: 1 | L12: 0 | M12: 0 | N12: 0 | O12: 0 | P12: 0 | Q12: 0 | R12: 0 | S12: 0 | T12: 0 | U12: 0 | V12: 0 | W12: 0 | X12: 0 | Y12: 0 | Z12: 0 | AA12: 0 | AB12: 0 | AC12: 0 | AD12: 0 | AE12: 0 | AF12: 0 | AG12: 0 | AH12: =SUM(K12:AB12) -> 1 | AI12: =SUMPRODUCT($K$1:$AG$1,$K12:$AG12) -> 1 | AJ12: =SUMPRODUCT($K$2:$AG$2,$K12:$AG12) -> 0 | AK12: =SUMPRODUCT($K$3:$AG$3,$K12:$AG12) -> 0 | AL12: =SUMPRODUCT($K$4:$AG$4,$K12:$AG12) -> 0 | AM12: =SUMPRODUCT(K12:AG12,$K$6:$AG$6) -> 35198 | AN12: 1 | AO12: =CEILING(AM12,AN12) -> 35198 | AP12: ASSY | AQ12: ASSY | BA12: =IC12 -> 0 | BB12: =EV12 -> #NAME? | BD12: =EZ12 -> 35198 | CW12: =SUM($BE12,$BF12:BF12)-SUM($CV$1:CW$1)*SUM($P12:$Q12,$W12)-SUM($CV$2:CW$2)*SUM($R12:$V12)-SUM($CV$3:CW$3)*$X12-SUM($CV$4:CW$4)*SUM($K12:$L12)-SUM($CV$5:CW$5)*SUM($M12:$N12)-SUM($CV$6:CW$6)*$O12-SUM($CV$7:CW$7)*SUM($Y12:$Z12,$AF12)-SUM($CV$8:CW$8)*SUM($AA12:$AE12)-SUM($CV$9:CW$9)*$AG12 -> 0 | CX12: =SUM($BE12,$BF12:BG12)-SUM($CV$1:CX$1)*SUM($P12:$Q12,$W12)-SUM($CV$2:CX$2)*SUM($R12:$V12)-SUM($CV$3:CX$3)*$X12-SUM($CV$4:CX$4)*SUM($K12:$L12)-SUM($CV$5:CX$5)*SUM($M12:$N12)-SUM($CV$6:CX$6)*$O12-SUM($CV$7:CX$7)*SUM($Y12:$Z12,$AF12)-SUM($CV$8:CX$8)*SUM($AA12:$AE12)-SUM($CV$9:CX$9)*$AG12 -> 0 | CY12: =SUM($BE12,$BF12:BH12)-SUM($CV$1:CY$1)*SUM($P12:$Q12,$W12)-SUM($CV$2:CY$2)*SUM($R12:$V12)-SUM($CV$3:CY$3)*$X12-SUM($CV$4:CY$4)*SUM($K12:$L12)-SUM($CV$5:CY$5)*SUM($M12:$N12)-SUM($CV$6:CY$6)*$O12-SUM($CV$7:CY$7)*SUM($Y12:$Z12,$AF12)-SUM($CV$8:CY$8)*SUM($AA12:$AE12)-SUM($CV$9:CY$9)*$AG12 -> 0 | CZ12: =SUM($BE12,$BF12:BI12)-SUM($CV$1:CZ$1)*SUM($P12:$Q12,$W12)-SUM($CV$2:CZ$2)*SUM($R12:$V12)-SUM($CV$3:CZ$3)*$X12-SUM($CV$4:CZ$4)*SUM($K12:$L12)-SUM($CV$5:CZ$5)*SUM($M12:$N12)-SUM($CV$6:CZ$6)*$O12-SUM($CV$7:CZ$7)*SUM($Y12:$Z12,$AF12)-SUM($CV$8:CZ$8)*SUM($AA12:$AE12)-SUM($CV$9:CZ$9)*$AG12 -> 0 | DA12: =SUM($BE12,$BF12:BJ12)-SUM($CV$1:DA$1)*SUM($P12:$Q12,$W12)-SUM($CV$2:DA$2)*SUM($R12:$V12)-SUM($CV$3:DA$3)*$X12-SUM($CV$4:DA$4)*SUM($K12:$L12)-SUM($CV$5:DA$5)*SUM($M12:$N12)-SUM($CV$6:DA$6)*$O12-SUM($CV$7:DA$7)*SUM($Y12:$Z12,$AF12)-SUM($CV$8:DA$8)*SUM($AA12:$AE12)-SUM($CV$9:DA$9)*$AG12 -> 0 | DB12: =SUM($BE12,$BF12:BK12)-SUM($CV$1:DB$1)*SUM($P12:$Q12,$W12)-SUM($CV$2:DB$2)*SUM($R12:$V12)-SUM($CV$3:DB$3)*$X12-SUM($CV$4:DB$4)*SUM($K12:$L12)-SUM($CV$5:DB$5)*SUM($M12:$N12)-SUM($CV$6:DB$6)*$O12-SUM($CV$7:DB$7)*SUM($Y12:$Z12,$AF12)-SUM($CV$8:DB$8)*SUM($AA12:$AE12)-SUM($CV$9:DB$9)*$AG12 -> -100 | DC12: =SUM($BE12,$BF12:BL12)-SUM($CV$1:DC$1)*SUM($P12:$Q12,$W12)-SUM($CV$2:DC$2)*SUM($R12:$V12)-SUM($CV$3:DC$3)*$X12-SUM($CV$4:DC$4)*SUM($K12:$L12)-SUM($CV$5:DC$5)*SUM($M12:$N12)-SUM($CV$6:DC$6)*$O12-SUM($CV$7:DC$7)*SUM($Y12:$Z12,$AF12)-SUM($CV$8:DC$8)*SUM($AA12:$AE12)-SUM($CV$9:DC$9)*$AG12 -> -300 | DD12: =SUM($BE12,$BF12:BM12)-SUM($CV$1:DD$1)*SUM($P12:$Q12,$W12)-SUM($CV$2:DD$2)*SUM($R12:$V12)-SUM($CV$3:DD$3)*$X12-SUM($CV$4:DD$4)*SUM($K12:$L12)-SUM($CV$5:DD$5)*SUM($M12:$N12)-SUM($CV$6:DD$6)*$O12-SUM($CV$7:DD$7)*SUM($Y12:$Z12,$AF12)-SUM($CV$8:DD$8)*SUM($AA12:$AE12)-SUM($CV$9:DD$9)*$AG12 -> -600 | ... EO12: =SUM($BE12,$BF12:CX12)-SUM($CV$1:EO$1)*SUM($P12:$Q12,$W12)-SUM($CV$2:EO$2)*SUM($R12:$V12)-SUM($CV$3:EO$3)*$X12-SUM($CV$4:EO$4)*SUM($K12:$L12)-SUM($CV$5:EO$5)*SUM($M12:$N12)-SUM($CV$6:EO$6)*$O12-SUM($CV$7:EO$7)*SUM($Y12:$Z12,$AF12)-SUM($CV$8:EO$8)*SUM($AA12:$AE12)-SUM($CV$9:EO$9)*$AG12 -> -34778 | EP12: ASSY | EQ12: =C12 -> 1096M150-001 | ER12: =AQ12 -> ASSY | ES12: =AU12 -> 0 | ET12: =AV12 -> 0 | EU12: =_xlfn.XLOOKUP(ET12,ET$3:ET$6,EU$3:EU$6,0) -> #NAME? | EV12: =ES12*EU12 -> #NAME? | EW12: =AN12 -> 1 | EX12: =AN12 -> 1 | EZ12: =MAX(EX12,CEILING(AM12+EY12,EW12)) -> 35198 | FA12: =EZ12*EV12 -> #NAME? | FB12: =EZ12-AM12 -> 0 | FC12: =FB12*EV12 -> #NAME? | FD12: 45523 | FE12: Sagi | FF12: ASSY | FI12: {=SUMPRODUCT($AI12:$AL12,TRANSPOSE(FI$1:FI$4))} -> 3000 | FJ12: {=SUMPRODUCT($AI12:$AL12,TRANSPOSE(FJ$1:FJ$4))} -> 3000 | FK12: {=SUMPRODUCT($AI12:$AL12,TRANSPOSE(FK$1:FK$4))} -> 3000 | FL12: {=SUMPRODUCT($AI12:$AL12,TRANSPOSE(FL$1:FL$4))} -> 3000 | FM12: {=SUMPRODUCT($AI12:$AL12,TRANSPOSE(FM$1:FM$4))} -> 3000 | FN12: {=SUMPRODUCT($AI12:$AL12,TRANSPOSE(FN$1:FN$4))} -> 3000 | FO12: {=SUMPRODUCT($AI12:$AL12,TRANSPOSE(FO$1:FO$4))} -> 3000 | FP12: {=SUMPRODUCT($AI12:$AL12,TRANSPOSE(FP$1:FP$4))} -> 3000 | ... FU12: {=SUMPRODUCT($AI12:$AL12,TRANSPOSE(FU$1:FU$4))} -> 0 | FW12: =CEILING(FI12,$EW12) -> 3000 | FX12: =CEILING(SUM($FI12:FJ12)-SUM($FW12:FW12),$EW12) -> 3000 | FY12: =CEILING(SUM($FI12:FK12)-SUM($FW12:FX12),$EW12) -> 3000 | FZ12: =CEILING(SUM($FI12:FL12)-SUM($FW12:FY12),$EW12) -> 3000 | GA12: =CEILING(SUM($FI12:FM12)-SUM($FW12:FZ12),$EW12) -> 3000 | GB12: =CEILING(SUM($FI12:FN12)-SUM($FW12:GA12),$EW12) -> 3000 | GC12: =CEILING(SUM($FI12:FO12)-SUM($FW12:GB12),$EW12) -> 3000 | GD12: =CEILING(SUM($FI12:FP12)-SUM($FW12:GC12),$EW12) -> 3000 | GE12: =CEILING(SUM($FI12:FQ12)-SUM($FW12:GD12),$EW12) -> 3000 | ... GG12: =CEILING(SUM($FI12:FS12)-SUM($FW12:GF12),$EW12) -> 3000 | GH12: =EZ12-SUM(FW12:GG12) -> 2198 | GI12: =EZ12-SUM(FW12:GH12) -> 0 | GK12: =FW12*$EV12 -> #NAME? | GL12: =FX12*$EV12 -> #NAME? | GM12: =FY12*$EV12 -> #NAME? | GN12: =FZ12*$EV12 -> #NAME? | GO12: =GA12*$EV12 -> #NAME? | GP12: =GB12*$EV12 -> #NAME? | GQ12: =GC12*$EV12 -> #NAME? | GR12: =GD12*$EV12 -> #NAME? | ... GW12: =GI12*$EV12 -> #NAME? | GX12: =SUM(GK12:GW12) -> #NAME? | HL12: =GI12 -> 0 | HN12: =GZ12*$EV12 -> #NAME? | HO12: =HA12*$EV12 -> #NAME? | HP12: =HB12*$EV12 -> #NAME? | HQ12: =HC12*$EV12 -> #NAME? | HR12: =HD12*$EV12 -> #NAME? | HS12: =HE12*$EV12 -> #NAME? | HT12: =HF12*$EV12 -> #NAME? | HU12: =HG12*$EV12 -> #NAME? | ... HZ12: =HL12*$EV12 -> #NAME? | IA12: =SUM(HN12:HZ12) -> #NAME? | IB12: LT01-290
A13: 3 | B13: LT01-274 | C13: 1096M170-001 | D13: - | E13: 410977542 | F13: D.A.D. F/ASSY | H13: EA | I13: 1 | J13: 1 | K13: 0 | L13: 0 | M13: 0 | N13: 0 | O13: 0 | P13: 0 | Q13: 0 | R13: 0 | S13: 0 | T13: 0 | U13: 0 | V13: 0 | W13: 0 | X13: 0 | Y13: 1 | Z13: 0 | AA13: 0 | AB13: 0 | AC13: 0 | AD13: 0 | AE13: 0 | AF13: 0 | AG13: 0 | AH13: =SUM(K13:AB13) -> 1 | AI13: =SUMPRODUCT($K$1:$AG$1,$K13:$AG13) -> 0 | AJ13: =SUMPRODUCT($K$2:$AG$2,$K13:$AG13) -> 0 | AK13: =SUMPRODUCT($K$3:$AG$3,$K13:$AG13) -> 1 | AL13: =SUMPRODUCT($K$4:$AG$4,$K13:$AG13) -> 0 | AM13: =SUMPRODUCT(K13:AG13,$K$6:$AG$6) -> 635 | AN13: 1 | AO13: =CEILING(AM13,AN13) -> 635 | AP13: ASSY | AQ13: ASSY | BA13: =IC13 -> 0 | BB13: =EV13 -> #NAME? | BD13: =EZ13 -> 635 | CW13: =SUM($BE13,$BF13:BF13)-SUM($CV$1:CW$1)*SUM($P13:$Q13,$W13)-SUM($CV$2:CW$2)*SUM($R13:$V13)-SUM($CV$3:CW$3)*$X13-SUM($CV$4:CW$4)*SUM($K13:$L13)-SUM($CV$5:CW$5)*SUM($M13:$N13)-SUM($CV$6:CW$6)*$O13-SUM($CV$7:CW$7)*SUM($Y13:$Z13,$AF13)-SUM($CV$8:CW$8)*SUM($AA13:$AE13)-SUM($CV$9:CW$9)*$AG13 -> 0 | CX13: =SUM($BE13,$BF13:BG13)-SUM($CV$1:CX$1)*SUM($P13:$Q13,$W13)-SUM($CV$2:CX$2)*SUM($R13:$V13)-SUM($CV$3:CX$3)*$X13-SUM($CV$4:CX$4)*SUM($K13:$L13)-SUM($CV$5:CX$5)*SUM($M13:$N13)-SUM($CV$6:CX$6)*$O13-SUM($CV$7:CX$7)*SUM($Y13:$Z13,$AF13)-SUM($CV$8:CX$8)*SUM($AA13:$AE13)-SUM($CV$9:CX$9)*$AG13 -> 0 | CY13: =SUM($BE13,$BF13:BH13)-SUM($CV$1:CY$1)*SUM($P13:$Q13,$W13)-SUM($CV$2:CY$2)*SUM($R13:$V13)-SUM($CV$3:CY$3)*$X13-SUM($CV$4:CY$4)*SUM($K13:$L13)-SUM($CV$5:CY$5)*SUM($M13:$N13)-SUM($CV$6:CY$6)*$O13-SUM($CV$7:CY$7)*SUM($Y13:$Z13,$AF13)-SUM($CV$8:CY$8)*SUM($AA13:$AE13)-SUM($CV$9:CY$9)*$AG13 -> 0 | CZ13: =SUM($BE13,$BF13:BI13)-SUM($CV$1:CZ$1)*SUM($P13:$Q13,$W13)-SUM($CV$2:CZ$2)*SUM($R13:$V13)-SUM($CV$3:CZ$3)*$X13-SUM($CV$4:CZ$4)*SUM($K13:$L13)-SUM($CV$5:CZ$5)*SUM($M13:$N13)-SUM($CV$6:CZ$6)*$O13-SUM($CV$7:CZ$7)*SUM($Y13:$Z13,$AF13)-SUM($CV$8:CZ$8)*SUM($AA13:$AE13)-SUM($CV$9:CZ$9)*$AG13 -> 0 | DA13: =SUM($BE13,$BF13:BJ13)-SUM($CV$1:DA$1)*SUM($P13:$Q13,$W13)-SUM($CV$2:DA$2)*SUM($R13:$V13)-SUM($CV$3:DA$3)*$X13-SUM($CV$4:DA$4)*SUM($K13:$L13)-SUM($CV$5:DA$5)*SUM($M13:$N13)-SUM($CV$6:DA$6)*$O13-SUM($CV$7:DA$7)*SUM($Y13:$Z13,$AF13)-SUM($CV$8:DA$8)*SUM($AA13:$AE13)-SUM($CV$9:DA$9)*$AG13 -> 0 | DB13: =SUM($BE13,$BF13:BK13)-SUM($CV$1:DB$1)*SUM($P13:$Q13,$W13)-SUM($CV$2:DB$2)*SUM($R13:$V13)-SUM($CV$3:DB$3)*$X13-SUM($CV$4:DB$4)*SUM($K13:$L13)-SUM($CV$5:DB$5)*SUM($M13:$N13)-SUM($CV$6:DB$6)*$O13-SUM($CV$7:DB$7)*SUM($Y13:$Z13,$AF13)-SUM($CV$8:DB$8)*SUM($AA13:$AE13)-SUM($CV$9:DB$9)*$AG13 -> -100 | DC13: =SUM($BE13,$BF13:BL13)-SUM($CV$1:DC$1)*SUM($P13:$Q13,$W13)-SUM($CV$2:DC$2)*SUM($R13:$V13)-SUM($CV$3:DC$3)*$X13-SUM($CV$4:DC$4)*SUM($K13:$L13)-SUM($CV$5:DC$5)*SUM($M13:$N13)-SUM($CV$6:DC$6)*$O13-SUM($CV$7:DC$7)*SUM($Y13:$Z13,$AF13)-SUM($CV$8:DC$8)*SUM($AA13:$AE13)-SUM($CV$9:DC$9)*$AG13 -> -300 | DD13: =SUM($BE13,$BF13:BM13)-SUM($CV$1:DD$1)*SUM($P13:$Q13,$W13)-SUM($CV$2:DD$2)*SUM($R13:$V13)-SUM($CV$3:DD$3)*$X13-SUM($CV$4:DD$4)*SUM($K13:$L13)-SUM($CV$5:DD$5)*SUM($M13:$N13)-SUM($CV$6:DD$6)*$O13-SUM($CV$7:DD$7)*SUM($Y13:$Z13,$AF13)-SUM($CV$8:DD$8)*SUM($AA13:$AE13)-SUM($CV$9:DD$9)*$AG13 -> -631 | ... EO13: =SUM($BE13,$BF13:CX13)-SUM($CV$1:EO$1)*SUM($P13:$Q13,$W13)-SUM($CV$2:EO$2)*SUM($R13:$V13)-SUM($CV$3:EO$3)*$X13-SUM($CV$4:EO$4)*SUM($K13:$L13)-SUM($CV$5:EO$5)*SUM($M13:$N13)-SUM($CV$6:EO$6)*$O13-SUM($CV$7:EO$7)*SUM($Y13:$Z13,$AF13)-SUM($CV$8:EO$8)*SUM($AA13:$AE13)-SUM($CV$9:EO$9)*$AG13 -> -631 | EP13: ASSY | EQ13: =C13 -> 1096M170-001 | ER13: =AQ13 -> ASSY | ES13: =AU13 -> 0 | ET13: =AV13 -> 0 | EU13: =_xlfn.XLOOKUP(ET13,ET$3:ET$6,EU$3:EU$6,0) -> #NAME? | EV13: =ES13*EU13 -> #NAME? | EW13: =AN13 -> 1 | EX13: =AN13 -> 1 | EZ13: =MAX(EX13,CEILING(AM13+EY13,EW13)) -> 635 | FA13: =EZ13*EV13 -> #NAME? | FB13: =EZ13-AM13 -> 0 | FC13: =FB13*EV13 -> #NAME? | FD13: 45523 | FE13: Sagi | FF13: ASSY | FI13: {=SUMPRODUCT($AI13:$AL13,TRANSPOSE(FI$1:FI$4))} -> 65 | FJ13: {=SUMPRODUCT($AI13:$AL13,TRANSPOSE(FJ$1:FJ$4))} -> 65 | FK13: {=SUMPRODUCT($AI13:$AL13,TRANSPOSE(FK$1:FK$4))} -> 65 | FL13: {=SUMPRODUCT($AI13:$AL13,TRANSPOSE(FL$1:FL$4))} -> 65 | FM13: {=SUMPRODUCT($AI13:$AL13,TRANSPOSE(FM$1:FM$4))} -> 65 | FN13: {=SUMPRODUCT($AI13:$AL13,TRANSPOSE(FN$1:FN$4))} -> 65 | FO13: {=SUMPRODUCT($AI13:$AL13,TRANSPOSE(FO$1:FO$4))} -> 65 | FP13: {=SUMPRODUCT($AI13:$AL13,TRANSPOSE(FP$1:FP$4))} -> 65 | ... FU13: {=SUMPRODUCT($AI13:$AL13,TRANSPOSE(FU$1:FU$4))} -> 0 | FW13: =CEILING(FI13,$EW13) -> 65 | FX13: =CEILING(SUM($FI13:FJ13)-SUM($FW13:FW13),$EW13) -> 65 | FY13: =CEILING(SUM($FI13:FK13)-SUM($FW13:FX13),$EW13) -> 65 | FZ13: =CEILING(SUM($FI13:FL13)-SUM($FW13:FY13),$EW13) -> 65 | GA13: =CEILING(SUM($FI13:FM13)-SUM($FW13:FZ13),$EW13) -> 65 | GB13: =CEILING(SUM($FI13:FN13)-SUM($FW13:GA13),$EW13) -> 65 | GC13: =CEILING(SUM($FI13:FO13)-SUM($FW13:GB13),$EW13) -> 65 | GD13: =CEILING(SUM($FI13:FP13)-SUM($FW13:GC13),$EW13) -> 65 | GE13: =CEILING(SUM($FI13:FQ13)-SUM($FW13:GD13),$EW13) -> 65 | ... GG13: =CEILING(SUM($FI13:FS13)-SUM($FW13:GF13),$EW13) -> 0 | GH13: =EZ13-SUM(FW13:GG13) -> 0 | GI13: =EZ13-SUM(FW13:GH13) -> 0 | GK13: =FW13*$EV13 -> #NAME? | GL13: =FX13*$EV13 -> #NAME? | GM13: =FY13*$EV13 -> #NAME? | GN13: =FZ13*$EV13 -> #NAME? | GO13: =GA13*$EV13 -> #NAME? | GP13: =GB13*$EV13 -> #NAME? | GQ13: =GC13*$EV13 -> #NAME? | GR13: =GD13*$EV13 -> #NAME? | ... GW13: =GI13*$EV13 -> #NAME? | GX13: =SUM(GK13:GW13) -> #NAME? | HL13: =GI13 -> 0 | HN13: =GZ13*$EV13 -> #NAME? | HO13: =HA13*$EV13 -> #NAME? | HP13: =HB13*$EV13 -> #NAME? | HQ13: =HC13*$EV13 -> #NAME? | HR13: =HD13*$EV13 -> #NAME? | HS13: =HE13*$EV13 -> #NAME? | HT13: =HF13*$EV13 -> #NAME? | HU13: =HG13*$EV13 -> #NAME? | ... HZ13: =HL13*$EV13 -> #NAME? | IA13: =SUM(HN13:HZ13) -> #NAME? | IB13: LT01-274
A14: 4 | B14: LT01-003 | C14: 000800-0826 | D14: BUY1 | E14: 400550300 | F14: CONN RECT PCB R/A PLUG 42 BLADES 3 ROWS, | G14: 404421765 | H14: EA | I14: 2 | J14: 3 | K14: 0 | L14: 0 | M14: 0 | N14: 0 | O14: 1 | P14: 0 | Q14: 0 | R14: 0 | S14: 0 | T14: 0 | U14: 0 | V14: 0 | W14: 0 | X14: 1 | Y14: 0 | Z14: 0 | AA14: 0 | AB14: 0 | AC14: 0 | AD14: 0 | AE14: 0 | AF14: 0 | AG14: 1 | AH14: =SUM(K14:AB14) -> 2 | AI14: =SUMPRODUCT($K$1:$AG$1,$K14:$AG14) -> 1 | AJ14: =SUMPRODUCT($K$2:$AG$2,$K14:$AG14) -> 1 | AK14: =SUMPRODUCT($K$3:$AG$3,$K14:$AG14) -> 1 | AL14: =SUMPRODUCT($K$4:$AG$4,$K14:$AG14) -> 2 | AM14: =SUMPRODUCT(K14:AG14,$K$6:$AG$6) -> 70681 | AN14: 1 | AO14: =CEILING(AM14,AN14) -> 70681 | AQ14: DCX-CHOL Entr. Inc | AR14: Masterite | AU14: 23 | AV14: USD | AW14: Elad Zafrir | AX14: elad.zafrir@emet.co.il | AZ14: 972-54-302-7334 | BA14: =IC14 -> P0011 | BB14: =EV14 -> #NAME? | BD14: =EZ14 -> 70731 | BL14: 3000 | CW14: =SUM($BE14,$BF14:BF14)-SUM($CV$1:CW$1)*SUM($P14:$Q14,$W14)-SUM($CV$2:CW$2)*SUM($R14:$V14)-SUM($CV$3:CW$3)*$X14-SUM($CV$4:CW$4)*SUM($K14:$L14)-SUM($CV$5:CW$5)*SUM($M14:$N14)-SUM($CV$6:CW$6)*$O14-SUM($CV$7:CW$7)*SUM($Y14:$Z14,$AF14)-SUM($CV$8:CW$8)*SUM($AA14:$AE14)-SUM($CV$9:CW$9)*$AG14 -> 0 | CX14: =SUM($BE14,$BF14:BG14)-SUM($CV$1:CX$1)*SUM($P14:$Q14,$W14)-SUM($CV$2:CX$2)*SUM($R14:$V14)-SUM($CV$3:CX$3)*$X14-SUM($CV$4:CX$4)*SUM($K14:$L14)-SUM($CV$5:CX$5)*SUM($M14:$N14)-SUM($CV$6:CX$6)*$O14-SUM($CV$7:CX$7)*SUM($Y14:$Z14,$AF14)-SUM($CV$8:CX$8)*SUM($AA14:$AE14)-SUM($CV$9:CX$9)*$AG14 -> 0 | CY14: =SUM($BE14,$BF14:BH14)-SUM($CV$1:CY$1)*SUM($P14:$Q14,$W14)-SUM($CV$2:CY$2)*SUM($R14:$V14)-SUM($CV$3:CY$3)*$X14-SUM($CV$4:CY$4)*SUM($K14:$L14)-SUM($CV$5:CY$5)*SUM($M14:$N14)-SUM($CV$6:CY$6)*$O14-SUM($CV$7:CY$7)*SUM($Y14:$Z14,$AF14)-SUM($CV$8:CY$8)*SUM($AA14:$AE14)-SUM($CV$9:CY$9)*$AG14 -> 0 | CZ14: =SUM($BE14,$BF14:BI14)-SUM($CV$1:CZ$1)*SUM($P14:$Q14,$W14)-SUM($CV$2:CZ$2)*SUM($R14:$V14)-SUM($CV$3:CZ$3)*$X14-SUM($CV$4:CZ$4)*SUM($K14:$L14)-SUM($CV$5:CZ$5)*SUM($M14:$N14)-SUM($CV$6:CZ$6)*$O14-SUM($CV$7:CZ$7)*SUM($Y14:$Z14,$AF14)-SUM($CV$8:CZ$8)*SUM($AA14:$AE14)-SUM($CV$9:CZ$9)*$AG14 -> 0 | DA14: =SUM($BE14,$BF14:BJ14)-SUM($CV$1:DA$1)*SUM($P14:$Q14,$W14)-SUM($CV$2:DA$2)*SUM($R14:$V14)-SUM($CV$3:DA$3)*$X14-SUM($CV$4:DA$4)*SUM($K14:$L14)-SUM($CV$5:DA$5)*SUM($M14:$N14)-SUM($CV$6:DA$6)*$O14-SUM($CV$7:DA$7)*SUM($Y14:$Z14,$AF14)-SUM($CV$8:DA$8)*SUM($AA14:$AE14)-SUM($CV$9:DA$9)*$AG14 -> 0 | DB14: =SUM($BE14,$BF14:BK14)-SUM($CV$1:DB$1)*SUM($P14:$Q14,$W14)-SUM($CV$2:DB$2)*SUM($R14:$V14)-SUM($CV$3:DB$3)*$X14-SUM($CV$4:DB$4)*SUM($K14:$L14)-SUM($CV$5:DB$5)*SUM($M14:$N14)-SUM($CV$6:DB$6)*$O14-SUM($CV$7:DB$7)*SUM($Y14:$Z14,$AF14)-SUM($CV$8:DB$8)*SUM($AA14:$AE14)-SUM($CV$9:DB$9)*$AG14 -> -300 | DC14: =SUM($BE14,$BF14:BL14)-SUM($CV$1:DC$1)*SUM($P14:$Q14,$W14)-SUM($CV$2:DC$2)*SUM($R14:$V14)-SUM($CV$3:DC$3)*$X14-SUM($CV$4:DC$4)*SUM($K14:$L14)-SUM($CV$5:DC$5)*SUM($M14:$N14)-SUM($CV$6:DC$6)*$O14-SUM($CV$7:DC$7)*SUM($Y14:$Z14,$AF14)-SUM($CV$8:DC$8)*SUM($AA14:$AE14)-SUM($CV$9:DC$9)*$AG14 -> 2100 | DD14: =SUM($BE14,$BF14:BM14)-SUM($CV$1:DD$1)*SUM($P14:$Q14,$W14)-SUM($CV$2:DD$2)*SUM($R14:$V14)-SUM($CV$3:DD$3)*$X14-SUM($CV$4:DD$4)*SUM($K14:$L14)-SUM($CV$5:DD$5)*SUM($M14:$N14)-SUM($CV$6:DD$6)*$O14-SUM($CV$7:DD$7)*SUM($Y14:$Z14,$AF14)-SUM($CV$8:DD$8)*SUM($AA14:$AE14)-SUM($CV$9:DD$9)*$AG14 -> 1169 | ... EO14: =SUM($BE14,$BF14:CX14)-SUM($CV$1:EO$1)*SUM($P14:$Q14,$W14)-SUM($CV$2:EO$2)*SUM($R14:$V14)-SUM($CV$3:EO$3)*$X14-SUM($CV$4:EO$4)*SUM($K14:$L14)-SUM($CV$5:EO$5)*SUM($M14:$N14)-SUM($CV$6:EO$6)*$O14-SUM($CV$7:EO$7)*SUM($Y14:$Z14,$AF14)-SUM($CV$8:EO$8)*SUM($AA14:$AE14)-SUM($CV$9:EO$9)*$AG14 -> -67589 | EP14: =AR14 -> Masterite | EQ14: =C14 -> 000800-0826 | ER14: =AQ14 -> DCX-CHOL Entr. Inc | ES14: =AU14 -> 23 | ET14: =AV14 -> USD | EU14: =_xlfn.XLOOKUP(ET14,ET$3:ET$6,EU$3:EU$6,0) -> #NAME? | EV14: =ES14*EU14 -> #NAME? | EW14: =AN14 -> 1 | EX14: =AN14 -> 1 | EY14: 50 | EZ14: =MAX(EX14,CEILING(AM14+EY14,EW14)) -> 70731 | FA14: =EZ14*EV14 -> #NAME? | FB14: =EZ14-AM14 -> 50 | FC14: =FB14*EV14 -> #NAME? | FD14: 45523 | FE14: Sagi | FF14: Ordered | FG14: Y | FH14: RNSE | FI14: {=SUMPRODUCT($AI14:$AL14,TRANSPOSE(FI$1:FI$4))} -> 6065 | FJ14: {=SUMPRODUCT($AI14:$AL14,TRANSPOSE(FJ$1:FJ$4))} -> 6065 | FK14: {=SUMPRODUCT($AI14:$AL14,TRANSPOSE(FK$1:FK$4))} -> 6065 | FL14: {=SUMPRODUCT($AI14:$AL14,TRANSPOSE(FL$1:FL$4))} -> 6065 | FM14: {=SUMPRODUCT($AI14:$AL14,TRANSPOSE(FM$1:FM$4))} -> 6065 | FN14: {=SUMPRODUCT($AI14:$AL14,TRANSPOSE(FN$1:FN$4))} -> 6065 | FO14: {=SUMPRODUCT($AI14:$AL14,TRANSPOSE(FO$1:FO$4))} -> 6065 | FP14: {=SUMPRODUCT($AI14:$AL14,TRANSPOSE(FP$1:FP$4))} -> 6065 | ... FU14: {=SUMPRODUCT($AI14:$AL14,TRANSPOSE(FU$1:FU$4))} -> 0 | FW14: =CEILING(FI14,$EW14) -> 6065 | FX14: =CEILING(SUM($FI14:FJ14)-SUM($FW14:FW14),$EW14) -> 6065 | FY14: =CEILING(SUM($FI14:FK14)-SUM($FW14:FX14),$EW14) -> 6065 | FZ14: =CEILING(SUM($FI14:FL14)-SUM($FW14:FY14),$EW14) -> 6065 | GA14: =CEILING(SUM($FI14:FM14)-SUM($FW14:FZ14),$EW14) -> 6065 | GB14: =CEILING(SUM($FI14:FN14)-SUM($FW14:GA14),$EW14) -> 6065 | GC14: =CEILING(SUM($FI14:FO14)-SUM($FW14:GB14),$EW14) -> 6065 | GD14: =CEILING(SUM($FI14:FP14)-SUM($FW14:GC14),$EW14) -> 6065 | GE14: =CEILING(SUM($FI14:FQ14)-SUM($FW14:GD14),$EW14) -> 6065 | ... GG14: =CEILING(SUM($FI14:FS14)-SUM($FW14:GF14),$EW14) -> 6000 | GH14: =EZ14-SUM(FW14:GG14) -> 4096 | GI14: =EZ14-SUM(FW14:GH14) -> 0 | GK14: =FW14*$EV14 -> #NAME? | GL14: =FX14*$EV14 -> #NAME? | GM14: =FY14*$EV14 -> #NAME? | GN14: =FZ14*$EV14 -> #NAME? | GO14: =GA14*$EV14 -> #NAME? | GP14: =GB14*$EV14 -> #NAME? | GQ14: =GC14*$EV14 -> #NAME? | GR14: =GD14*$EV14 -> #NAME? | ... GW14: =GI14*$EV14 -> #NAME? | GX14: =SUM(GK14:GW14) -> #NAME? | GY14: 12 | GZ14: =FW14 -> 6065 | HA14: =FX14 -> 6065 | HB14: =FY14 -> 6065 | HC14: =FZ14 -> 6065 | HD14: =GA14 -> 6065 | HE14: =GB14 -> 6065 | HF14: =GC14 -> 6065 | HG14: =GD14 -> 6065 | ... HL14: =GI14 -> 0 | HN14: =GZ14*$EV14 -> #NAME? | HO14: =HA14*$EV14 -> #NAME? | HP14: =HB14*$EV14 -> #NAME? | HQ14: =HC14*$EV14 -> #NAME? | HR14: =HD14*$EV14 -> #NAME? | HS14: =HE14*$EV14 -> #NAME? | HT14: =HF14*$EV14 -> #NAME? | HU14: =HG14*$EV14 -> #NAME? | ... HZ14: =HL14*$EV14 -> #NAME? | IA14: =SUM(HN14:HZ14) -> #NAME? | IB14: LT01-003 | IC14: P0011 | ID14: 45523 | IE14: Yes | IF14: Yes | IG14: Yes
A15: 5 | B15: LT01-004 | C15: 04021J0R3PBSTR | D15: BUY1 | E15: 401238835 | F15: CHIP CAP 0.3PF +-.02PF 100V T&R | H15: EA | I15: 2 | J15: 6 | K15: 0 | L15: 0 | M15: 0 | N15: 2 | O15: 0 | P15: 0 | Q15: 0 | R15: 0 | S15: 2 | T15: 0 | U15: 0 | V15: 0 | W15: 0 | X15: 0 | Y15: 0 | Z15: 0 | AA15: 0 | AB15: 2 | AC15: 0 | AD15: 0 | AE15: 0 | AF15: 0 | AG15: 0 | AH15: =SUM(K15:AB15) -> 6 | AI15: =SUMPRODUCT($K$1:$AG$1,$K15:$AG15) -> 2 | AJ15: =SUMPRODUCT($K$2:$AG$2,$K15:$AG15) -> 2 | AK15: =SUMPRODUCT($K$3:$AG$3,$K15:$AG15) -> 2 | AL15: =SUMPRODUCT($K$4:$AG$4,$K15:$AG15) -> 4 | AM15: =SUMPRODUCT(K15:AG15,$K$6:$AG$6) -> 141362 | AN15: 10000 | AO15: =CEILING(AM15,AN15) -> 150000 | AQ15: AVX | AR15: SHIRTECH | AU15: 0.18 | AV15: USD | AW15: LIZA COHEN | AX15: LIZA@SHIRTECH.CO.IL | AZ15: 972-3-9516495 | BA15: =IC15 -> P0037 | BB15: =EV15 -> #NAME? | BC15: 14 | BD15: =EZ15 -> 150000 | BK15: 80000 | BQ15: 70000 | CW15: =SUM($BE15,$BF15:BF15)-SUM($CV$1:CW$1)*SUM($P15:$Q15,$W15)-SUM($CV$2:CW$2)*SUM($R15:$V15)-SUM($CV$3:CW$3)*$X15-SUM($CV$4:CW$4)*SUM($K15:$L15)-SUM($CV$5:CW$5)*SUM($M15:$N15)-SUM($CV$6:CW$6)*$O15-SUM($CV$7:CW$7)*SUM($Y15:$Z15,$AF15)-SUM($CV$8:CW$8)*SUM($AA15:$AE15)-SUM($CV$9:CW$9)*$AG15 -> 0 | CX15: =SUM($BE15,$BF15:BG15)-SUM($CV$1:CX$1)*SUM($P15:$Q15,$W15)-SUM($CV$2:CX$2)*SUM($R15:$V15)-SUM($CV$3:CX$3)*$X15-SUM($CV$4:CX$4)*SUM($K15:$L15)-SUM($CV$5:CX$5)*SUM($M15:$N15)-SUM($CV$6:CX$6)*$O15-SUM($CV$7:CX$7)*SUM($Y15:$Z15,$AF15)-SUM($CV$8:CX$8)*SUM($AA15:$AE15)-SUM($CV$9:CX$9)*$AG15 -> 0 | CY15: =SUM($BE15,$BF15:BH15)-SUM($CV$1:CY$1)*SUM($P15:$Q15,$W15)-SUM($CV$2:CY$2)*SUM($R15:$V15)-SUM($CV$3:CY$3)*$X15-SUM($CV$4:CY$4)*SUM($K15:$L15)-SUM($CV$5:CY$5)*SUM($M15:$N15)-SUM($CV$6:CY$6)*$O15-SUM($CV$7:CY$7)*SUM($Y15:$Z15,$AF15)-SUM($CV$8:CY$8)*SUM($AA15:$AE15)-SUM($CV$9:CY$9)*$AG15 -> 0 | CZ15: =SUM($BE15,$BF15:BI15)-SUM($CV$1:CZ$1)*SUM($P15:$Q15,$W15)-SUM($CV$2:CZ$2)*SUM($R15:$V15)-SUM($CV$3:CZ$3)*$X15-SUM($CV$4:CZ$4)*SUM($K15:$L15)-SUM($CV$5:CZ$5)*SUM($M15:$N15)-SUM($CV$6:CZ$6)*$O15-SUM($CV$7:CZ$7)*SUM($Y15:$Z15,$AF15)-SUM($CV$8:CZ$8)*SUM($AA15:$AE15)-SUM($CV$9:CZ$9)*$AG15 -> 0 | DA15: =SUM($BE15,$BF15:BJ15)-SUM($CV$1:DA$1)*SUM($P15:$Q15,$W15)-SUM($CV$2:DA$2)*SUM($R15:$V15)-SUM($CV$3:DA$3)*$X15-SUM($CV$4:DA$4)*SUM($K15:$L15)-SUM($CV$5:DA$5)*SUM($M15:$N15)-SUM($CV$6:DA$6)*$O15-SUM($CV$7:DA$7)*SUM($Y15:$Z15,$AF15)-SUM($CV$8:DA$8)*SUM($AA15:$AE15)-SUM($CV$9:DA$9)*$AG15 -> 0 | DB15: =SUM($BE15,$BF15:BK15)-SUM($CV$1:DB$1)*SUM($P15:$Q15,$W15)-SUM($CV$2:DB$2)*SUM($R15:$V15)-SUM($CV$3:DB$3)*$X15-SUM($CV$4:DB$4)*SUM($K15:$L15)-SUM($CV$5:DB$5)*SUM($M15:$N15)-SUM($CV$6:DB$6)*$O15-SUM($CV$7:DB$7)*SUM($Y15:$Z15,$AF15)-SUM($CV$8:DB$8)*SUM($AA15:$AE15)-SUM($CV$9:DB$9)*$AG15 -> 79400 | DC15: =SUM($BE15,$BF15:BL15)-SUM($CV$1:DC$1)*SUM($P15:$Q15,$W15)-SUM($CV$2:DC$2)*SUM($R15:$V15)-SUM($CV$3:DC$3)*$X15-SUM($CV$4:DC$4)*SUM($K15:$L15)-SUM($CV$5:DC$5)*SUM($M15:$N15)-SUM($CV$6:DC$6)*$O15-SUM($CV$7:DC$7)*SUM($Y15:$Z15,$AF15)-SUM($CV$8:DC$8)*SUM($AA15:$AE15)-SUM($CV$9:DC$9)*$AG15 -> 78200 | DD15: =SUM($BE15,$BF15:BM15)-SUM($CV$1:DD$1)*SUM($P15:$Q15,$W15)-SUM($CV$2:DD$2)*SUM($R15:$V15)-SUM($CV$3:DD$3)*$X15-SUM($CV$4:DD$4)*SUM($K15:$L15)-SUM($CV$5:DD$5)*SUM($M15:$N15)-SUM($CV$6:DD$6)*$O15-SUM($CV$7:DD$7)*SUM($Y15:$Z15,$AF15)-SUM($CV$8:DD$8)*SUM($AA15:$AE15)-SUM($CV$9:DD$9)*$AG15 -> 76338 | ... EO15: =SUM($BE15,$BF15:CX15)-SUM($CV$1:EO$1)*SUM($P15:$Q15,$W15)-SUM($CV$2:EO$2)*SUM($R15:$V15)-SUM($CV$3:EO$3)*$X15-SUM($CV$4:EO$4)*SUM($K15:$L15)-SUM($CV$5:EO$5)*SUM($M15:$N15)-SUM($CV$6:EO$6)*$O15-SUM($CV$7:EO$7)*SUM($Y15:$Z15,$AF15)-SUM($CV$8:EO$8)*SUM($AA15:$AE15)-SUM($CV$9:EO$9)*$AG15 -> 8822 | EP15: PHONIX TECHNOLOGIES | EQ15: =C15 -> 04021J0R3PBSTR | ER15: =AQ15 -> AVX | ES15: 0.175 | ET15: =AV15 -> USD | EU15: =_xlfn.XLOOKUP(ET15,ET$3:ET$6,EU$3:EU$6,0) -> #NAME? | EV15: =ES15*EU15 -> #NAME? | EW15: =AN15 -> 10000 | EX15: =AN15 -> 10000 | EZ15: =MAX(EX15,CEILING(AM15+EY15,EW15)) -> 150000 | FA15: =EZ15*EV15 -> #NAME? | FB15: =EZ15-AM15 -> 8638 | FC15: =FB15*EV15 -> #NAME? | FD15: 45523 | FE15: Sagi | FF15: Ordered | FG15: Y | FH15: RNSE | FI15: {=SUMPRODUCT($AI15:$AL15,TRANSPOSE(FI$1:FI$4))} -> 12130 | FJ15: {=SUMPRODUCT($AI15:$AL15,TRANSPOSE(FJ$1:FJ$4))} -> 12130 | FK15: {=SUMPRODUCT($AI15:$AL15,TRANSPOSE(FK$1:FK$4))} -> 12130 | FL15: {=SUMPRODUCT($AI15:$AL15,TRANSPOSE(FL$1:FL$4))} -> 12130 | FM15: {=SUMPRODUCT($AI15:$AL15,TRANSPOSE(FM$1:FM$4))} -> 12130 | FN15: {=SUMPRODUCT($AI15:$AL15,TRANSPOSE(FN$1:FN$4))} -> 12130 | FO15: {=SUMPRODUCT($AI15:$AL15,TRANSPOSE(FO$1:FO$4))} -> 12130 | FP15: {=SUMPRODUCT($AI15:$AL15,TRANSPOSE(FP$1:FP$4))} -> 12130 | ... FU15: {=SUMPRODUCT($AI15:$AL15,TRANSPOSE(FU$1:FU$4))} -> 0 | FW15: =CEILING(FI15,$EW15) -> 20000 | FX15: =CEILING(SUM($FI15:FJ15)-SUM($FW15:FW15),$EW15) -> 10000 | FY15: =CEILING(SUM($FI15:FK15)-SUM($FW15:FX15),$EW15) -> 10000 | FZ15: =CEILING(SUM($FI15:FL15)-SUM($FW15:FY15),$EW15) -> 10000 | GA15: =CEILING(SUM($FI15:FM15)-SUM($FW15:FZ15),$EW15) -> 20000 | GB15: =CEILING(SUM($FI15:FN15)-SUM($FW15:GA15),$EW15) -> 10000 | GC15: =CEILING(SUM($FI15:FO15)-SUM($FW15:GB15),$EW15) -> 10000 | GD15: =CEILING(SUM($FI15:FP15)-SUM($FW15:GC15),$EW15) -> 10000 | GE15: =CEILING(SUM($FI15:FQ15)-SUM($FW15:GD15),$EW15) -> 10000 | ... GG15: =CEILING(SUM($FI15:FS15)-SUM($FW15:GF15),$EW15) -> 10000 | GH15: =EZ15-SUM(FW15:GG15) -> 10000 | GI15: =EZ15-SUM(FW15:GH15) -> 0 | GK15: =FW15*$EV15 -> #NAME? | GL15: =FX15*$EV15 -> #NAME? | GM15: =FY15*$EV15 -> #NAME? | GN15: =FZ15*$EV15 -> #NAME? | GO15: =GA15*$EV15 -> #NAME? | GP15: =GB15*$EV15 -> #NAME? | GQ15: =GC15*$EV15 -> #NAME? | GR15: =GD15*$EV15 -> #NAME? | ... GW15: =GI15*$EV15 -> #NAME? | GX15: =SUM(GK15:GW15) -> #NAME? | GY15: 2 | GZ15: =SUM(FW15:GB15) -> 80000 | HF15: =SUM(GC15:GI15) -> 70000 | HN15: =GZ15*$EV15 -> #NAME? | HO15: =HA15*$EV15 -> #NAME? | HP15: =HB15*$EV15 -> #NAME? | HQ15: =HC15*$EV15 -> #NAME? | HR15: =HD15*$EV15 -> #NAME? | HS15: =HE15*$EV15 -> #NAME? | HT15: =HF15*$EV15 -> #NAME? | HU15: =HG15*$EV15 -> #NAME? | ... HZ15: =HL15*$EV15 -> #NAME? | IA15: =SUM(HN15:HZ15) -> #NAME? | IB15: LT01-004 | IC15: P0037 | ID15: 45526 | IE15: Yes | IG15: Yes | II15: Israel
A16: 6 | B16: LT01-005 | C16: 0402CS-5N6XGRW | D16: BUY1 | E16: 408260904 | F16: INDUCTOR CHIP 5.6NH 2^ 0.76A 0402 T&R | H16: EA | I16: 1 | J16: 6 | K16: 0 | L16: 0 | M16: 0 | N16: 2 | O16: 0 | P16: 0 | Q16: 0 | R16: 0 | S16: 2 | T16: 0 | U16: 0 | V16: 0 | W16: 0 | X16: 0 | Y16: 0 | Z16: 0 | AA16: 0 | AB16: 2 | AC16: 0 | AD16: 0 | AE16: 0 | AF16: 0 | AG16: 0 | AH16: =SUM(K16:AB16) -> 6 | AI16: =SUMPRODUCT($K$1:$AG$1,$K16:$AG16) -> 2 | AJ16: =SUMPRODUCT($K$2:$AG$2,$K16:$AG16) -> 2 | AK16: =SUMPRODUCT($K$3:$AG$3,$K16:$AG16) -> 2 | AL16: =SUMPRODUCT($K$4:$AG$4,$K16:$AG16) -> 4 | AM16: =SUMPRODUCT(K16:AG16,$K$6:$AG$6) -> 141362 | AN16: 2000 | AO16: =CEILING(AM16,AN16) -> 142000 | AQ16: COILCRAFT INC. | AR16: ELINA | AU16: 0.072 | AV16: USD | AW16: Avi Elia | AX16: avi@elina.co.il | AZ16: 972.73.2224830 | BA16: =IC16 -> P0025 | BB16: =EV16 -> #NAME? | BC16: 7 | BD16: =EZ16 -> 142000 | BJ16: 142000 | CW16: =SUM($BE16,$BF16:BF16)-SUM($CV$1:CW$1)*SUM($P16:$Q16,$W16)-SUM($CV$2:CW$2)*SUM($R16:$V16)-SUM($CV$3:CW$3)*$X16-SUM($CV$4:CW$4)*SUM($K16:$L16)-SUM($CV$5:CW$5)*SUM($M16:$N16)-SUM($CV$6:CW$6)*$O16-SUM($CV$7:CW$7)*SUM($Y16:$Z16,$AF16)-SUM($CV$8:CW$8)*SUM($AA16:$AE16)-SUM($CV$9:CW$9)*$AG16 -> 0 | CX16: =SUM($BE16,$BF16:BG16)-SUM($CV$1:CX$1)*SUM($P16:$Q16,$W16)-SUM($CV$2:CX$2)*SUM($R16:$V16)-SUM($CV$3:CX$3)*$X16-SUM($CV$4:CX$4)*SUM($K16:$L16)-SUM($CV$5:CX$5)*SUM($M16:$N16)-SUM($CV$6:CX$6)*$O16-SUM($CV$7:CX$7)*SUM($Y16:$Z16,$AF16)-SUM($CV$8:CX$8)*SUM($AA16:$AE16)-SUM($CV$9:CX$9)*$AG16 -> 0 | CY16: =SUM($BE16,$BF16:BH16)-SUM($CV$1:CY$1)*SUM($P16:$Q16,$W16)-SUM($CV$2:CY$2)*SUM($R16:$V16)-SUM($CV$3:CY$3)*$X16-SUM($CV$4:CY$4)*SUM($K16:$L16)-SUM($CV$5:CY$5)*SUM($M16:$N16)-SUM($CV$6:CY$6)*$O16-SUM($CV$7:CY$7)*SUM($Y16:$Z16,$AF16)-SUM($CV$8:CY$8)*SUM($AA16:$AE16)-SUM($CV$9:CY$9)*$AG16 -> 0 | CZ16: =SUM($BE16,$BF16:BI16)-SUM($CV$1:CZ$1)*SUM($P16:$Q16,$W16)-SUM($CV$2:CZ$2)*SUM($R16:$V16)-SUM($CV$3:CZ$3)*$X16-SUM($CV$4:CZ$4)*SUM($K16:$L16)-SUM($CV$5:CZ$5)*SUM($M16:$N16)-SUM($CV$6:CZ$6)*$O16-SUM($CV$7:CZ$7)*SUM($Y16:$Z16,$AF16)-SUM($CV$8:CZ$8)*SUM($AA16:$AE16)-SUM($CV$9:CZ$9)*$AG16 -> 0 | DA16: =SUM($BE16,$BF16:BJ16)-SUM($CV$1:DA$1)*SUM($P16:$Q16,$W16)-SUM($CV$2:DA$2)*SUM($R16:$V16)-SUM($CV$3:DA$3)*$X16-SUM($CV$4:DA$4)*SUM($K16:$L16)-SUM($CV$5:DA$5)*SUM($M16:$N16)-SUM($CV$6:DA$6)*$O16-SUM($CV$7:DA$7)*SUM($Y16:$Z16,$AF16)-SUM($CV$8:DA$8)*SUM($AA16:$AE16)-SUM($CV$9:DA$9)*$AG16 -> 142000 | DB16: =SUM($BE16,$BF16:BK16)-SUM($CV$1:DB$1)*SUM($P16:$Q16,$W16)-SUM($CV$2:DB$2)*SUM($R16:$V16)-SUM($CV$3:DB$3)*$X16-SUM($CV$4:DB$4)*SUM($K16:$L16)-SUM($CV$5:DB$5)*SUM($M16:$N16)-SUM($CV$6:DB$6)*$O16-SUM($CV$7:DB$7)*SUM($Y16:$Z16,$AF16)-SUM($CV$8:DB$8)*SUM($AA16:$AE16)-SUM($CV$9:DB$9)*$AG16 -> 141400 | DC16: =SUM($BE16,$BF16:BL16)-SUM($CV$1:DC$1)*SUM($P16:$Q16,$W16)-SUM($CV$2:DC$2)*SUM($R16:$V16)-SUM($CV$3:DC$3)*$X16-SUM($CV$4:DC$4)*SUM($K16:$L16)-SUM($CV$5:DC$5)*SUM($M16:$N16)-SUM($CV$6:DC$6)*$O16-SUM($CV$7:DC$7)*SUM($Y16:$Z16,$AF16)-SUM($CV$8:DC$8)*SUM($AA16:$AE16)-SUM($CV$9:DC$9)*$AG16 -> 140200 | DD16: =SUM($BE16,$BF16:BM16)-SUM($CV$1:DD$1)*SUM($P16:$Q16,$W16)-SUM($CV$2:DD$2)*SUM($R16:$V16)-SUM($CV$3:DD$3)*$X16-SUM($CV$4:DD$4)*SUM($K16:$L16)-SUM($CV$5:DD$5)*SUM($M16:$N16)-SUM($CV$6:DD$6)*$O16-SUM($CV$7:DD$7)*SUM($Y16:$Z16,$AF16)-SUM($CV$8:DD$8)*SUM($AA16:$AE16)-SUM($CV$9:DD$9)*$AG16 -> 138338 | ... EO16: =SUM($BE16,$BF16:CX16)-SUM($CV$1:EO$1)*SUM($P16:$Q16,$W16)-SUM($CV$2:EO$2)*SUM($R16:$V16)-SUM($CV$3:EO$3)*$X16-SUM($CV$4:EO$4)*SUM($K16:$L16)-SUM($CV$5:EO$5)*SUM($M16:$N16)-SUM($CV$6:EO$6)*$O16-SUM($CV$7:EO$7)*SUM($Y16:$Z16,$AF16)-SUM($CV$8:EO$8)*SUM($AA16:$AE16)-SUM($CV$9:EO$9)*$AG16 -> 822 | EP16: coilcraft | EQ16: =C16 -> 0402CS-5N6XGRW | ER16: =AQ16 -> COILCRAFT INC. | ES16: =AU16 -> 0.072 | ET16: =AV16 -> USD | EU16: =_xlfn.XLOOKUP(ET16,ET$3:ET$6,EU$3:EU$6,0) -> #NAME? | EV16: =ES16*EU16 -> #NAME? | EW16: =AN16 -> 2000 | EX16: 10000 | EZ16: =MAX(EX16,CEILING(AM16+EY16,EW16)) -> 142000 | FA16: =EZ16*EV16 -> #NAME? | FB16: =EZ16-AM16 -> 638 | FC16: =FB16*EV16 -> #NAME? | FD16: 45523 | FE16: Sagi | FF16: Ordered | FG16: Y | FH16: RNSE | FI16: {=SUMPRODUCT($AI16:$AL16,TRANSPOSE(FI$1:FI$4))} -> 12130 | FJ16: {=SUMPRODUCT($AI16:$AL16,TRANSPOSE(FJ$1:FJ$4))} -> 12130 | FK16: {=SUMPRODUCT($AI16:$AL16,TRANSPOSE(FK$1:FK$4))} -> 12130 | FL16: {=SUMPRODUCT($AI16:$AL16,TRANSPOSE(FL$1:FL$4))} -> 12130 | FM16: {=SUMPRODUCT($AI16:$AL16,TRANSPOSE(FM$1:FM$4))} -> 12130 | FN16: {=SUMPRODUCT($AI16:$AL16,TRANSPOSE(FN$1:FN$4))} -> 12130 | FO16: {=SUMPRODUCT($AI16:$AL16,TRANSPOSE(FO$1:FO$4))} -> 12130 | FP16: {=SUMPRODUCT($AI16:$AL16,TRANSPOSE(FP$1:FP$4))} -> 12130 | ... FU16: {=SUMPRODUCT($AI16:$AL16,TRANSPOSE(FU$1:FU$4))} -> 0 | FW16: =CEILING(FI16,$EW16) -> 14000 | FX16: =CEILING(SUM($FI16:FJ16)-SUM($FW16:FW16),$EW16) -> 12000 | FY16: =CEILING(SUM($FI16:FK16)-SUM($FW16:FX16),$EW16) -> 12000 | FZ16: =CEILING(SUM($FI16:FL16)-SUM($FW16:FY16),$EW16) -> 12000 | GA16: =CEILING(SUM($FI16:FM16)-SUM($FW16:FZ16),$EW16) -> 12000 | GB16: =CEILING(SUM($FI16:FN16)-SUM($FW16:GA16),$EW16) -> 12000 | GC16: =CEILING(SUM($FI16:FO16)-SUM($FW16:GB16),$EW16) -> 12000 | GD16: =CEILING(SUM($FI16:FP16)-SUM($FW16:GC16),$EW16) -> 12000 | GE16: =CEILING(SUM($FI16:FQ16)-SUM($FW16:GD16),$EW16) -> 12000 | ... GG16: =CEILING(SUM($FI16:FS16)-SUM($FW16:GF16),$EW16) -> 12000 | GH16: =EZ16-SUM(FW16:GG16) -> 8000 | GI16: =EZ16-SUM(FW16:GH16) -> 0 | GK16: =FW16*$EV16 -> #NAME? | GL16: =FX16*$EV16 -> #NAME? | GM16: =FY16*$EV16 -> #NAME? | GN16: =FZ16*$EV16 -> #NAME? | GO16: =GA16*$EV16 -> #NAME? | GP16: =GB16*$EV16 -> #NAME? | GQ16: =GC16*$EV16 -> #NAME? | GR16: =GD16*$EV16 -> #NAME? | ... GW16: =GI16*$EV16 -> #NAME? | GX16: =SUM(GK16:GW16) -> #NAME? | GY16: 1 | GZ16: =SUM(FW16:GI16) -> 142000 | HL16: =GI16 -> 0 | HN16: =GZ16*$EV16 -> #NAME? | HO16: =HA16*$EV16 -> #NAME? | HP16: =HB16*$EV16 -> #NAME? | HQ16: =HC16*$EV16 -> #NAME? | HR16: =HD16*$EV16 -> #NAME? | HS16: =HE16*$EV16 -> #NAME? | HT16: =HF16*$EV16 -> #NAME? | HU16: =HG16*$EV16 -> #NAME? | ... HZ16: =HL16*$EV16 -> #NAME? | IA16: =SUM(HN16:HZ16) -> #NAME? | IB16: LT01-005 | IC16: P0025 | ID16: 45526 | IE16: Yes | IF16: Yes | IG16: Yes | II16: Indonesia / Malaysia / Vietnam
A17: 7 | B17: LT01-006 | C17: 0603CS-15NXGRW | D17: BUY1 | E17: 407184523 | F17: CHIP INDUCTOR 15NH 2^ T&R | H17: EA | I17: 1 | J17: 16 | K17: 0 | L17: 0 | M17: 0 | N17: 4 | O17: 0 | P17: 0 | Q17: 0 | R17: 0 | S17: 6 | T17: 0 | U17: 0 | V17: 0 | W17: 0 | X17: 0 | Y17: 0 | Z17: 0 | AA17: 0 | AB17: 6 | AC17: 0 | AD17: 0 | AE17: 0 | AF17: 0 | AG17: 0 | AH17: =SUM(K17:AB17) -> 16 | AI17: =SUMPRODUCT($K$1:$AG$1,$K17:$AG17) -> 4 | AJ17: =SUMPRODUCT($K$2:$AG$2,$K17:$AG17) -> 6 | AK17: =SUMPRODUCT($K$3:$AG$3,$K17:$AG17) -> 6 | AL17: =SUMPRODUCT($K$4:$AG$4,$K17:$AG17) -> 10 | AM17: =SUMPRODUCT(K17:AG17,$K$6:$AG$6) -> 353630 | AN17: 2000 | AO17: =CEILING(AM17,AN17) -> 354000 | AQ17: COILCRAFT INC. | AR17: ELINA | AU17: 0.065 | AV17: USD | AW17: Avi Elia | AX17: avi@elina.co.il | AZ17: 972.73.2224830 | BA17: =IC17 -> P0025 | BB17: =EV17 -> #NAME? | BC17: 7 | BD17: =EZ17 -> 354000 | BJ17: 354000 | CW17: =SUM($BE17,$BF17:BF17)-SUM($CV$1:CW$1)*SUM($P17:$Q17,$W17)-SUM($CV$2:CW$2)*SUM($R17:$V17)-SUM($CV$3:CW$3)*$X17-SUM($CV$4:CW$4)*SUM($K17:$L17)-SUM($CV$5:CW$5)*SUM($M17:$N17)-SUM($CV$6:CW$6)*$O17-SUM($CV$7:CW$7)*SUM($Y17:$Z17,$AF17)-SUM($CV$8:CW$8)*SUM($AA17:$AE17)-SUM($CV$9:CW$9)*$AG17 -> 0 | CX17: =SUM($BE17,$BF17:BG17)-SUM($CV$1:CX$1)*SUM($P17:$Q17,$W17)-SUM($CV$2:CX$2)*SUM($R17:$V17)-SUM($CV$3:CX$3)*$X17-SUM($CV$4:CX$4)*SUM($K17:$L17)-SUM($CV$5:CX$5)*SUM($M17:$N17)-SUM($CV$6:CX$6)*$O17-SUM($CV$7:CX$7)*SUM($Y17:$Z17,$AF17)-SUM($CV$8:CX$8)*SUM($AA17:$AE17)-SUM($CV$9:CX$9)*$AG17 -> 0 | CY17: =SUM($BE17,$BF17:BH17)-SUM($CV$1:CY$1)*SUM($P17:$Q17,$W17)-SUM($CV$2:CY$2)*SUM($R17:$V17)-SUM($CV$3:CY$3)*$X17-SUM($CV$4:CY$4)*SUM($K17:$L17)-SUM($CV$5:CY$5)*SUM($M17:$N17)-SUM($CV$6:CY$6)*$O17-SUM($CV$7:CY$7)*SUM($Y17:$Z17,$AF17)-SUM($CV$8:CY$8)*SUM($AA17:$AE17)-SUM($CV$9:CY$9)*$AG17 -> 0 | CZ17: =SUM($BE17,$BF17:BI17)-SUM($CV$1:CZ$1)*SUM($P17:$Q17,$W17)-SUM($CV$2:CZ$2)*SUM($R17:$V17)-SUM($CV$3:CZ$3)*$X17-SUM($CV$4:CZ$4)*SUM($K17:$L17)-SUM($CV$5:CZ$5)*SUM($M17:$N17)-SUM($CV$6:CZ$6)*$O17-SUM($CV$7:CZ$7)*SUM($Y17:$Z17,$AF17)-SUM($CV$8:CZ$8)*SUM($AA17:$AE17)-SUM($CV$9:CZ$9)*$AG17 -> 0 | DA17: =SUM($BE17,$BF17:BJ17)-SUM($CV$1:DA$1)*SUM($P17:$Q17,$W17)-SUM($CV$2:DA$2)*SUM($R17:$V17)-SUM($CV$3:DA$3)*$X17-SUM($CV$4:DA$4)*SUM($K17:$L17)-SUM($CV$5:DA$5)*SUM($M17:$N17)-SUM($CV$6:DA$6)*$O17-SUM($CV$7:DA$7)*SUM($Y17:$Z17,$AF17)-SUM($CV$8:DA$8)*SUM($AA17:$AE17)-SUM($CV$9:DA$9)*$AG17 -> 354000 | DB17: =SUM($BE17,$BF17:BK17)-SUM($CV$1:DB$1)*SUM($P17:$Q17,$W17)-SUM($CV$2:DB$2)*SUM($R17:$V17)-SUM($CV$3:DB$3)*$X17-SUM($CV$4:DB$4)*SUM($K17:$L17)-SUM($CV$5:DB$5)*SUM($M17:$N17)-SUM($CV$6:DB$6)*$O17-SUM($CV$7:DB$7)*SUM($Y17:$Z17,$AF17)-SUM($CV$8:DB$8)*SUM($AA17:$AE17)-SUM($CV$9:DB$9)*$AG17 -> 352400 | DC17: =SUM($BE17,$BF17:BL17)-SUM($CV$1:DC$1)*SUM($P17:$Q17,$W17)-SUM($CV$2:DC$2)*SUM($R17:$V17)-SUM($CV$3:DC$3)*$X17-SUM($CV$4:DC$4)*SUM($K17:$L17)-SUM($CV$5:DC$5)*SUM($M17:$N17)-SUM($CV$6:DC$6)*$O17-SUM($CV$7:DC$7)*SUM($Y17:$Z17,$AF17)-SUM($CV$8:DC$8)*SUM($AA17:$AE17)-SUM($CV$9:DC$9)*$AG17 -> 349200 | DD17: =SUM($BE17,$BF17:BM17)-SUM($CV$1:DD$1)*SUM($P17:$Q17,$W17)-SUM($CV$2:DD$2)*SUM($R17:$V17)-SUM($CV$3:DD$3)*$X17-SUM($CV$4:DD$4)*SUM($K17:$L17)-SUM($CV$5:DD$5)*SUM($M17:$N17)-SUM($CV$6:DD$6)*$O17-SUM($CV$7:DD$7)*SUM($Y17:$Z17,$AF17)-SUM($CV$8:DD$8)*SUM($AA17:$AE17)-SUM($CV$9:DD$9)*$AG17 -> 344214 | ... EO17: =SUM($BE17,$BF17:CX17)-SUM($CV$1:EO$1)*SUM($P17:$Q17,$W17)-SUM($CV$2:EO$2)*SUM($R17:$V17)-SUM($CV$3:EO$3)*$X17-SUM($CV$4:EO$4)*SUM($K17:$L17)-SUM($CV$5:EO$5)*SUM($M17:$N17)-SUM($CV$6:EO$6)*$O17-SUM($CV$7:EO$7)*SUM($Y17:$Z17,$AF17)-SUM($CV$8:EO$8)*SUM($AA17:$AE17)-SUM($CV$9:EO$9)*$AG17 -> 22 | EP17: coilcraft | EQ17: =C17 -> 0603CS-15NXGRW | ER17: =AQ17 -> COILCRAFT INC. | ES17: =AU17 -> 0.065 | ET17: =AV17 -> USD | EU17: =_xlfn.XLOOKUP(ET17,ET$3:ET$6,EU$3:EU$6,0) -> #NAME? | EV17: =ES17*EU17 -> #NAME? | EW17: =AN17 -> 2000 | EX17: 26000 | EZ17: =MAX(EX17,CEILING(AM17+EY17,EW17)) -> 354000 | FA17: =EZ17*EV17 -> #NAME? | FB17: =EZ17-AM17 -> 370 | FC17: =FB17*EV17 -> #NAME? | FD17: 45523 | FE17: Sagi | FF17: Ordered | FG17: Y | FH17: RNSE | FI17: {=SUMPRODUCT($AI17:$AL17,TRANSPOSE(FI$1:FI$4))} -> 30390 | FJ17: {=SUMPRODUCT($AI17:$AL17,TRANSPOSE(FJ$1:FJ$4))} -> 30390 | FK17: {=SUMPRODUCT($AI17:$AL17,TRANSPOSE(FK$1:FK$4))} -> 30390 | FL17: {=SUMPRODUCT($AI17:$AL17,TRANSPOSE(FL$1:FL$4))} -> 30390 | FM17: {=SUMPRODUCT($AI17:$AL17,TRANSPOSE(FM$1:FM$4))} -> 30390 | FN17: {=SUMPRODUCT($AI17:$AL17,TRANSPOSE(FN$1:FN$4))} -> 30390 | FO17: {=SUMPRODUCT($AI17:$AL17,TRANSPOSE(FO$1:FO$4))} -> 30390 | FP17: {=SUMPRODUCT($AI17:$AL17,TRANSPOSE(FP$1:FP$4))} -> 30390 | ... FU17: {=SUMPRODUCT($AI17:$AL17,TRANSPOSE(FU$1:FU$4))} -> 0 | FW17: =CEILING(FI17,$EW17) -> 32000 | FX17: =CEILING(SUM($FI17:FJ17)-SUM($FW17:FW17),$EW17) -> 30000 | FY17: =CEILING(SUM($FI17:FK17)-SUM($FW17:FX17),$EW17) -> 30000 | FZ17: =CEILING(SUM($FI17:FL17)-SUM($FW17:FY17),$EW17) -> 30000 | GA17: =CEILING(SUM($FI17:FM17)-SUM($FW17:FZ17),$EW17) -> 30000 | GB17: =CEILING(SUM($FI17:FN17)-SUM($FW17:GA17),$EW17) -> 32000 | GC17: =CEILING(SUM($FI17:FO17)-SUM($FW17:GB17),$EW17) -> 30000 | GD17: =CEILING(SUM($FI17:FP17)-SUM($FW17:GC17),$EW17) -> 30000 | GE17: =CEILING(SUM($FI17:FQ17)-SUM($FW17:GD17),$EW17) -> 30000 | ... GG17: =CEILING(SUM($FI17:FS17)-SUM($FW17:GF17),$EW17) -> 30000 | GH17: =EZ17-SUM(FW17:GG17) -> 20000 | GI17: =EZ17-SUM(FW17:GH17) -> 0 | GK17: =FW17*$EV17 -> #NAME? | GL17: =FX17*$EV17 -> #NAME? | GM17: =FY17*$EV17 -> #NAME? | GN17: =FZ17*$EV17 -> #NAME? | GO17: =GA17*$EV17 -> #NAME? | GP17: =GB17*$EV17 -> #NAME? | GQ17: =GC17*$EV17 -> #NAME? | GR17: =GD17*$EV17 -> #NAME? | ... GW17: =GI17*$EV17 -> #NAME? | GX17: =SUM(GK17:GW17) -> #NAME? | GY17: 2 | GZ17: =SUM(FW17:GB17) -> 184000 | HF17: =SUM(GC17:GI17) -> 170000 | HN17: =GZ17*$EV17 -> #NAME? | HO17: =HA17*$EV17 -> #NAME? | HP17: =HB17*$EV17 -> #NAME? | HQ17: =HC17*$EV17 -> #NAME? | HR17: =HD17*$EV17 -> #NAME? | HS17: =HE17*$EV17 -> #NAME? | HT17: =HF17*$EV17 -> #NAME? | HU17: =HG17*$EV17 -> #NAME? | ... HZ17: =HL17*$EV17 -> #NAME? | IA17: =SUM(HN17:HZ17) -> #NAME? | IB17: LT01-006 | IC17: P0025 | ID17: 45526 | IE17: Yes | IF17: Yes | IG17: Yes | II17: Indonesia / Malaysia / Vietnam
A18: 8 | B18: LT01-007 | C18: 0603CS-8N7XGLW | D18: BUY1 | E18: 400236023 | F18: CHIP INDUCTOR 8.7NH 2% T&R | H18: EA | I18: 2 | J18: 4 | K18: 0 | L18: 0 | M18: 0 | N18: 0 | O18: 0 | P18: 0 | Q18: 0 | R18: 0 | S18: 2 | T18: 0 | U18: 0 | V18: 0 | W18: 0 | X18: 0 | Y18: 0 | Z18: 0 | AA18: 0 | AB18: 2 | AC18: 0 | AD18: 0 | AE18: 0 | AF18: 0 | AG18: 0 | AH18: =SUM(K18:AB18) -> 4 | AI18: =SUMPRODUCT($K$1:$AG$1,$K18:$AG18) -> 0 | AJ18: =SUMPRODUCT($K$2:$AG$2,$K18:$AG18) -> 2 | AK18: =SUMPRODUCT($K$3:$AG$3,$K18:$AG18) -> 2 | AL18: =SUMPRODUCT($K$4:$AG$4,$K18:$AG18) -> 2 | AM18: =SUMPRODUCT(K18:AG18,$K$6:$AG$6) -> 70906 | AN18: 2000 | AO18: =CEILING(AM18,AN18) -> 72000 | AQ18: COILCRAFT INC. | AR18: ELINA | AU18: 0.072 | AV18: USD | AW18: Avi Elia | AX18: avi@elina.co.il | AZ18: 972.73.2224830 | BA18: =IC18 -> P0025 | BB18: =EV18 -> #NAME? | BC18: 7 | BD18: =EZ18 -> 72000 | BJ18: 72000 | CW18: =SUM($BE18,$BF18:BF18)-SUM($CV$1:CW$1)*SUM($P18:$Q18,$W18)-SUM($CV$2:CW$2)*SUM($R18:$V18)-SUM($CV$3:CW$3)*$X18-SUM($CV$4:CW$4)*SUM($K18:$L18)-SUM($CV$5:CW$5)*SUM($M18:$N18)-SUM($CV$6:CW$6)*$O18-SUM($CV$7:CW$7)*SUM($Y18:$Z18,$AF18)-SUM($CV$8:CW$8)*SUM($AA18:$AE18)-SUM($CV$9:CW$9)*$AG18 -> 0 | CX18: =SUM($BE18,$BF18:BG18)-SUM($CV$1:CX$1)*SUM($P18:$Q18,$W18)-SUM($CV$2:CX$2)*SUM($R18:$V18)-SUM($CV$3:CX$3)*$X18-SUM($CV$4:CX$4)*SUM($K18:$L18)-SUM($CV$5:CX$5)*SUM($M18:$N18)-SUM($CV$6:CX$6)*$O18-SUM($CV$7:CX$7)*SUM($Y18:$Z18,$AF18)-SUM($CV$8:CX$8)*SUM($AA18:$AE18)-SUM($CV$9:CX$9)*$AG18 -> 0 | CY18: =SUM($BE18,$BF18:BH18)-SUM($CV$1:CY$1)*SUM($P18:$Q18,$W18)-SUM($CV$2:CY$2)*SUM($R18:$V18)-SUM($CV$3:CY$3)*$X18-SUM($CV$4:CY$4)*SUM($K18:$L18)-SUM($CV$5:CY$5)*SUM($M18:$N18)-SUM($CV$6:CY$6)*$O18-SUM($CV$7:CY$7)*SUM($Y18:$Z18,$AF18)-SUM($CV$8:CY$8)*SUM($AA18:$AE18)-SUM($CV$9:CY$9)*$AG18 -> 0 | CZ18: =SUM($BE18,$BF18:BI18)-SUM($CV$1:CZ$1)*SUM($P18:$Q18,$W18)-SUM($CV$2:CZ$2)*SUM($R18:$V18)-SUM($CV$3:CZ$3)*$X18-SUM($CV$4:CZ$4)*SUM($K18:$L18)-SUM($CV$5:CZ$5)*SUM($M18:$N18)-SUM($CV$6:CZ$6)*$O18-SUM($CV$7:CZ$7)*SUM($Y18:$Z18,$AF18)-SUM($CV$8:CZ$8)*SUM($AA18:$AE18)-SUM($CV$9:CZ$9)*$AG18 -> 0 | DA18: =SUM($BE18,$BF18:BJ18)-SUM($CV$1:DA$1)*SUM($P18:$Q18,$W18)-SUM($CV$2:DA$2)*SUM($R18:$V18)-SUM($CV$3:DA$3)*$X18-SUM($CV$4:DA$4)*SUM($K18:$L18)-SUM($CV$5:DA$5)*SUM($M18:$N18)-SUM($CV$6:DA$6)*$O18-SUM($CV$7:DA$7)*SUM($Y18:$Z18,$AF18)-SUM($CV$8:DA$8)*SUM($AA18:$AE18)-SUM($CV$9:DA$9)*$AG18 -> 72000 | DB18: =SUM($BE18,$BF18:BK18)-SUM($CV$1:DB$1)*SUM($P18:$Q18,$W18)-SUM($CV$2:DB$2)*SUM($R18:$V18)-SUM($CV$3:DB$3)*$X18-SUM($CV$4:DB$4)*SUM($K18:$L18)-SUM($CV$5:DB$5)*SUM($M18:$N18)-SUM($CV$6:DB$6)*$O18-SUM($CV$7:DB$7)*SUM($Y18:$Z18,$AF18)-SUM($CV$8:DB$8)*SUM($AA18:$AE18)-SUM($CV$9:DB$9)*$AG18 -> 71600 | DC18: =SUM($BE18,$BF18:BL18)-SUM($CV$1:DC$1)*SUM($P18:$Q18,$W18)-SUM($CV$2:DC$2)*SUM($R18:$V18)-SUM($CV$3:DC$3)*$X18-SUM($CV$4:DC$4)*SUM($K18:$L18)-SUM($CV$5:DC$5)*SUM($M18:$N18)-SUM($CV$6:DC$6)*$O18-SUM($CV$7:DC$7)*SUM($Y18:$Z18,$AF18)-SUM($CV$8:DC$8)*SUM($AA18:$AE18)-SUM($CV$9:DC$9)*$AG18 -> 70800 | DD18: =SUM($BE18,$BF18:BM18)-SUM($CV$1:DD$1)*SUM($P18:$Q18,$W18)-SUM($CV$2:DD$2)*SUM($R18:$V18)-SUM($CV$3:DD$3)*$X18-SUM($CV$4:DD$4)*SUM($K18:$L18)-SUM($CV$5:DD$5)*SUM($M18:$N18)-SUM($CV$6:DD$6)*$O18-SUM($CV$7:DD$7)*SUM($Y18:$Z18,$AF18)-SUM($CV$8:DD$8)*SUM($AA18:$AE18)-SUM($CV$9:DD$9)*$AG18 -> 69538 | ... EO18: =SUM($BE18,$BF18:CX18)-SUM($CV$1:EO$1)*SUM($P18:$Q18,$W18)-SUM($CV$2:EO$2)*SUM($R18:$V18)-SUM($CV$3:EO$3)*$X18-SUM($CV$4:EO$4)*SUM($K18:$L18)-SUM($CV$5:EO$5)*SUM($M18:$N18)-SUM($CV$6:EO$6)*$O18-SUM($CV$7:EO$7)*SUM($Y18:$Z18,$AF18)-SUM($CV$8:EO$8)*SUM($AA18:$AE18)-SUM($CV$9:EO$9)*$AG18 -> 378 | EP18: coilcraft | EQ18: =C18 -> 0603CS-8N7XGLW | ER18: =AQ18 -> COILCRAFT INC. | ES18: =AU18 -> 0.072 | ET18: =AV18 -> USD | EU18: =_xlfn.XLOOKUP(ET18,ET$3:ET$6,EU$3:EU$6,0) -> #NAME? | EV18: =ES18*EU18 -> #NAME? | EW18: =AN18 -> 2000 | EX18: 6000 | EZ18: =MAX(EX18,CEILING(AM18+EY18,EW18)) -> 72000 | FA18: =EZ18*EV18 -> #NAME? | FB18: =EZ18-AM18 -> 1094 | FC18: =FB18*EV18 -> #NAME? | FD18: 45523 | FE18: Sagi | FF18: Ordered | FG18: Y | FH18: RNSE | FI18: {=SUMPRODUCT($AI18:$AL18,TRANSPOSE(FI$1:FI$4))} -> 6130 | FJ18: {=SUMPRODUCT($AI18:$AL18,TRANSPOSE(FJ$1:FJ$4))} -> 6130 | FK18: {=SUMPRODUCT($AI18:$AL18,TRANSPOSE(FK$1:FK$4))} -> 6130 | FL18: {=SUMPRODUCT($AI18:$AL18,TRANSPOSE(FL$1:FL$4))} -> 6130 | FM18: {=SUMPRODUCT($AI18:$AL18,TRANSPOSE(FM$1:FM$4))} -> 6130 | FN18: {=SUMPRODUCT($AI18:$AL18,TRANSPOSE(FN$1:FN$4))} -> 6130 | FO18: {=SUMPRODUCT($AI18:$AL18,TRANSPOSE(FO$1:FO$4))} -> 6130 | FP18: {=SUMPRODUCT($AI18:$AL18,TRANSPOSE(FP$1:FP$4))} -> 6130 | ... FU18: {=SUMPRODUCT($AI18:$AL18,TRANSPOSE(FU$1:FU$4))} -> 0 | FW18: =CEILING(FI18,$EW18) -> 8000 | FX18: =CEILING(SUM($FI18:FJ18)-SUM($FW18:FW18),$EW18) -> 6000 | FY18: =CEILING(SUM($FI18:FK18)-SUM($FW18:FX18),$EW18) -> 6000 | FZ18: =CEILING(SUM($FI18:FL18)-SUM($FW18:FY18),$EW18) -> 6000 | GA18: =CEILING(SUM($FI18:FM18)-SUM($FW18:FZ18),$EW18) -> 6000 | GB18: =CEILING(SUM($FI18:FN18)-SUM($FW18:GA18),$EW18) -> 6000 | GC18: =CEILING(SUM($FI18:FO18)-SUM($FW18:GB18),$EW18) -> 6000 | GD18: =CEILING(SUM($FI18:FP18)-SUM($FW18:GC18),$EW18) -> 6000 | GE18: =CEILING(SUM($FI18:FQ18)-SUM($FW18:GD18),$EW18) -> 6000 | ... GG18: =CEILING(SUM($FI18:FS18)-SUM($FW18:GF18),$EW18) -> 6000 | GH18: =EZ18-SUM(FW18:GG18) -> 4000 | GI18: =EZ18-SUM(FW18:GH18) -> 0 | GK18: =FW18*$EV18 -> #NAME? | GL18: =FX18*$EV18 -> #NAME? | GM18: =FY18*$EV18 -> #NAME? | GN18: =FZ18*$EV18 -> #NAME? | GO18: =GA18*$EV18 -> #NAME? | GP18: =GB18*$EV18 -> #NAME? | GQ18: =GC18*$EV18 -> #NAME? | GR18: =GD18*$EV18 -> #NAME? | ... GW18: =GI18*$EV18 -> #NAME? | GX18: =SUM(GK18:GW18) -> #NAME? | GY18: 1 | GZ18: =SUM(FW18:GI18) -> 72000 | HL18: =GI18 -> 0 | HN18: =GZ18*$EV18 -> #NAME? | HO18: =HA18*$EV18 -> #NAME? | HP18: =HB18*$EV18 -> #NAME? | HQ18: =HC18*$EV18 -> #NAME? | HR18: =HD18*$EV18 -> #NAME? | HS18: =HE18*$EV18 -> #NAME? | HT18: =HF18*$EV18 -> #NAME? | HU18: =HG18*$EV18 -> #NAME? | ... HZ18: =HL18*$EV18 -> #NAME? | IA18: =SUM(HN18:HZ18) -> #NAME? | IB18: LT01-007 | IC18: P0025 | ID18: 45526 | IE18: Yes | IF18: Yes | IG18: Yes | II18: Indonesia / Malaysia / Vietnam
A19: 9 | B19: LT01-008 | C19: 0805ZC106KAT2A | D19: BUY1 | E19: 414202262 | F19: CHIP CAP 10UF 10^ 10V X7R T&R | G19: 401502387 | H19: EA | I19: 2 | J19: 57 | K19: 0 | L19: 0 | M19: 0 | N19: 0 | O19: 19 | P19: 0 | Q19: 0 | R19: 0 | S19: 0 | T19: 0 | U19: 0 | V19: 0 | W19: 0 | X19: 19 | Y19: 0 | Z19: 0 | AA19: 0 | AB19: 0 | AC19: 0 | AD19: 0 | AE19: 0 | AF19: 0 | AG19: 19 | AH19: =SUM(K19:AB19) -> 38 | AI19: =SUMPRODUCT($K$1:$AG$1,$K19:$AG19) -> 19 | AJ19: =SUMPRODUCT($K$2:$AG$2,$K19:$AG19) -> 19 | AK19: =SUMPRODUCT($K$3:$AG$3,$K19:$AG19) -> 19 | AL19: =SUMPRODUCT($K$4:$AG$4,$K19:$AG19) -> 38 | AM19: =SUMPRODUCT(K19:AG19,$K$6:$AG$6) -> 1342939 | AN19: 10000 | AO19: =CEILING(AM19,AN19) -> 1350000 | AQ19: AVX | AR19: PHONIX TECHNOLOGIES | AT19: V | AU19: 0.029 | AV19: USD | AY19: Phoenix Technologies | BA19: =IC19 -> P0037 | BB19: =EV19 -> #NAME? | BC19: 15 | BD19: =EZ19 -> 1350000 | BL19: 702000 | BQ19: 648000 | CW19: =SUM($BE19,$BF19:BF19)-SUM($CV$1:CW$1)*SUM($P19:$Q19,$W19)-SUM($CV$2:CW$2)*SUM($R19:$V19)-SUM($CV$3:CW$3)*$X19-SUM($CV$4:CW$4)*SUM($K19:$L19)-SUM($CV$5:CW$5)*SUM($M19:$N19)-SUM($CV$6:CW$6)*$O19-SUM($CV$7:CW$7)*SUM($Y19:$Z19,$AF19)-SUM($CV$8:CW$8)*SUM($AA19:$AE19)-SUM($CV$9:CW$9)*$AG19 -> 0 | CX19: =SUM($BE19,$BF19:BG19)-SUM($CV$1:CX$1)*SUM($P19:$Q19,$W19)-SUM($CV$2:CX$2)*SUM($R19:$V19)-SUM($CV$3:CX$3)*$X19-SUM($CV$4:CX$4)*SUM($K19:$L19)-SUM($CV$5:CX$5)*SUM($M19:$N19)-SUM($CV$6:CX$6)*$O19-SUM($CV$7:CX$7)*SUM($Y19:$Z19,$AF19)-SUM($CV$8:CX$8)*SUM($AA19:$AE19)-SUM($CV$9:CX$9)*$AG19 -> 0 | CY19: =SUM($BE19,$BF19:BH19)-SUM($CV$1:CY$1)*SUM($P19:$Q19,$W19)-SUM($CV$2:CY$2)*SUM($R19:$V19)-SUM($CV$3:CY$3)*$X19-SUM($CV$4:CY$4)*SUM($K19:$L19)-SUM($CV$5:CY$5)*SUM($M19:$N19)-SUM($CV$6:CY$6)*$O19-SUM($CV$7:CY$7)*SUM($Y19:$Z19,$AF19)-SUM($CV$8:CY$8)*SUM($AA19:$AE19)-SUM($CV$9:CY$9)*$AG19 -> 0 | CZ19: =SUM($BE19,$BF19:BI19)-SUM($CV$1:CZ$1)*SUM($P19:$Q19,$W19)-SUM($CV$2:CZ$2)*SUM($R19:$V19)-SUM($CV$3:CZ$3)*$X19-SUM($CV$4:CZ$4)*SUM($K19:$L19)-SUM($CV$5:CZ$5)*SUM($M19:$N19)-SUM($CV$6:CZ$6)*$O19-SUM($CV$7:CZ$7)*SUM($Y19:$Z19,$AF19)-SUM($CV$8:CZ$8)*SUM($AA19:$AE19)-SUM($CV$9:CZ$9)*$AG19 -> 0 | DA19: =SUM($BE19,$BF19:BJ19)-SUM($CV$1:DA$1)*SUM($P19:$Q19,$W19)-SUM($CV$2:DA$2)*SUM($R19:$V19)-SUM($CV$3:DA$3)*$X19-SUM($CV$4:DA$4)*SUM($K19:$L19)-SUM($CV$5:DA$5)*SUM($M19:$N19)-SUM($CV$6:DA$6)*$O19-SUM($CV$7:DA$7)*SUM($Y19:$Z19,$AF19)-SUM($CV$8:DA$8)*SUM($AA19:$AE19)-SUM($CV$9:DA$9)*$AG19 -> 0 | DB19: =SUM($BE19,$BF19:BK19)-SUM($CV$1:DB$1)*SUM($P19:$Q19,$W19)-SUM($CV$2:DB$2)*SUM($R19:$V19)-SUM($CV$3:DB$3)*$X19-SUM($CV$4:DB$4)*SUM($K19:$L19)-SUM($CV$5:DB$5)*SUM($M19:$N19)-SUM($CV$6:DB$6)*$O19-SUM($CV$7:DB$7)*SUM($Y19:$Z19,$AF19)-SUM($CV$8:DB$8)*SUM($AA19:$AE19)-SUM($CV$9:DB$9)*$AG19 -> -5700 | DC19: =SUM($BE19,$BF19:BL19)-SUM($CV$1:DC$1)*SUM($P19:$Q19,$W19)-SUM($CV$2:DC$2)*SUM($R19:$V19)-SUM($CV$3:DC$3)*$X19-SUM($CV$4:DC$4)*SUM($K19:$L19)-SUM($CV$5:DC$5)*SUM($M19:$N19)-SUM($CV$6:DC$6)*$O19-SUM($CV$7:DC$7)*SUM($Y19:$Z19,$AF19)-SUM($CV$8:DC$8)*SUM($AA19:$AE19)-SUM($CV$9:DC$9)*$AG19 -> 684900 | DD19: =SUM($BE19,$BF19:BM19)-SUM($CV$1:DD$1)*SUM($P19:$Q19,$W19)-SUM($CV$2:DD$2)*SUM($R19:$V19)-SUM($CV$3:DD$3)*$X19-SUM($CV$4:DD$4)*SUM($K19:$L19)-SUM($CV$5:DD$5)*SUM($M19:$N19)-SUM($CV$6:DD$6)*$O19-SUM($CV$7:DD$7)*SUM($Y19:$Z19,$AF19)-SUM($CV$8:DD$8)*SUM($AA19:$AE19)-SUM($CV$9:DD$9)*$AG19 -> 667211 | ... EO19: =SUM($BE19,$BF19:CX19)-SUM($CV$1:EO$1)*SUM($P19:$Q19,$W19)-SUM($CV$2:EO$2)*SUM($R19:$V19)-SUM($CV$3:EO$3)*$X19-SUM($CV$4:EO$4)*SUM($K19:$L19)-SUM($CV$5:EO$5)*SUM($M19:$N19)-SUM($CV$6:EO$6)*$O19-SUM($CV$7:EO$7)*SUM($Y19:$Z19,$AF19)-SUM($CV$8:EO$8)*SUM($AA19:$AE19)-SUM($CV$9:EO$9)*$AG19 -> 8809 | EP19: =AR19 -> PHONIX TECHNOLOGIES | EQ19: =C19 -> 0805ZC106KAT2A | ER19: =AQ19 -> AVX | ES19: 0.0285 | ET19: =AV19 -> USD | EU19: =_xlfn.XLOOKUP(ET19,ET$3:ET$6,EU$3:EU$6,0) -> #NAME? | EV19: =ES19*EU19 -> #NAME? | EW19: =AN19 -> 10000 | EX19: =AN19 -> 10000 | EZ19: =MAX(EX19,CEILING(AM19+EY19,EW19)) -> 1350000 | FA19: =EZ19*EV19 -> #NAME? | FB19: =EZ19-AM19 -> 7061 | FC19: =FB19*EV19 -> #NAME? | FD19: 45523 | FE19: Sagi | FF19: Ordered | FG19: Y | FH19: RNSE | FI19: {=SUMPRODUCT($AI19:$AL19,TRANSPOSE(FI$1:FI$4))} -> 115235 | FJ19: {=SUMPRODUCT($AI19:$AL19,TRANSPOSE(FJ$1:FJ$4))} -> 115235 | FK19: {=SUMPRODUCT($AI19:$AL19,TRANSPOSE(FK$1:FK$4))} -> 115235 | FL19: {=SUMPRODUCT($AI19:$AL19,TRANSPOSE(FL$1:FL$4))} -> 115235 | FM19: {=SUMPRODUCT($AI19:$AL19,TRANSPOSE(FM$1:FM$4))} -> 115235 | FN19: {=SUMPRODUCT($AI19:$AL19,TRANSPOSE(FN$1:FN$4))} -> 115235 | FO19: {=SUMPRODUCT($AI19:$AL19,TRANSPOSE(FO$1:FO$4))} -> 115235 | FP19: {=SUMPRODUCT($AI19:$AL19,TRANSPOSE(FP$1:FP$4))} -> 115235 | ... FU19: {=SUMPRODUCT($AI19:$AL19,TRANSPOSE(FU$1:FU$4))} -> 0 | FW19: =CEILING(FI19,$EW19) -> 120000 | FX19: =CEILING(SUM($FI19:FJ19)-SUM($FW19:FW19),$EW19) -> 120000 | FY19: =CEILING(SUM($FI19:FK19)-SUM($FW19:FX19),$EW19) -> 110000 | FZ19: =CEILING(SUM($FI19:FL19)-SUM($FW19:FY19),$EW19) -> 120000 | GA19: =CEILING(SUM($FI19:FM19)-SUM($FW19:FZ19),$EW19) -> 110000 | GB19: =CEILING(SUM($FI19:FN19)-SUM($FW19:GA19),$EW19) -> 120000 | GC19: =CEILING(SUM($FI19:FO19)-SUM($FW19:GB19),$EW19) -> 110000 | GD19: =CEILING(SUM($FI19:FP19)-SUM($FW19:GC19),$EW19) -> 120000 | GE19: =CEILING(SUM($FI19:FQ19)-SUM($FW19:GD19),$EW19) -> 110000 | ... GG19: =CEILING(SUM($FI19:FS19)-SUM($FW19:GF19),$EW19) -> 110000 | GH19: =EZ19-SUM(FW19:GG19) -> 80000 | GI19: =EZ19-SUM(FW19:GH19) -> 0 | GK19: =FW19*$EV19 -> #NAME? | GL19: =FX19*$EV19 -> #NAME? | GM19: =FY19*$EV19 -> #NAME? | GN19: =FZ19*$EV19 -> #NAME? | GO19: =GA19*$EV19 -> #NAME? | GP19: =GB19*$EV19 -> #NAME? | GQ19: =GC19*$EV19 -> #NAME? | GR19: =GD19*$EV19 -> #NAME? | ... GW19: =GI19*$EV19 -> #NAME? | GX19: =SUM(GK19:GW19) -> #NAME? | GY19: 2 | GZ19: =SUM(FW19:GB19) -> 700000 | HF19: =SUM(GC19:GI19) -> 650000 | HN19: =GZ19*$EV19 -> #NAME? | HO19: =HA19*$EV19 -> #NAME? | HP19: =HB19*$EV19 -> #NAME? | HQ19: =HC19*$EV19 -> #NAME? | HR19: =HD19*$EV19 -> #NAME? | HS19: =HE19*$EV19 -> #NAME? | HT19: =HF19*$EV19 -> #NAME? | HU19: =HG19*$EV19 -> #NAME? | ... HZ19: =HL19*$EV19 -> #NAME? | IA19: =SUM(HN19:HZ19) -> #NAME? | IB19: LT01-008 | IC19: P0037 | ID19: 45526 | IE19: Yes | IG19: Yes | II19: Japan
A20: 10 | B20: LT01-009 | C20: 097-0227-893 | D20: BUY1 | E20: 400469285 | F20: GUIDE PIN,THREADED 4-40UNC 3A,60 DEG.CON | H20: EA | I20: 2 | J20: 6 | K20: 0 | L20: 2 | M20: 0 | N20: 0 | O20: 0 | P20: 0 | Q20: 2 | R20: 0 | S20: 0 | T20: 0 | U20: 0 | V20: 0 | W20: 0 | X20: 0 | Y20: 0 | Z20: 2 | AA20: 0 | AB20: 0 | AC20: 0 | AD20: 0 | AE20: 0 | AF20: 0 | AG20: 0 | AH20: =SUM(K20:AB20) -> 6 | AI20: =SUMPRODUCT($K$1:$AG$1,$K20:$AG20) -> 2 | AJ20: =SUMPRODUCT($K$2:$AG$2,$K20:$AG20) -> 2 | AK20: =SUMPRODUCT($K$3:$AG$3,$K20:$AG20) -> 2 | AL20: =SUMPRODUCT($K$4:$AG$4,$K20:$AG20) -> 0 | AM20: =SUMPRODUCT(K20:AG20,$K$6:$AG$6) -> 141242 | AN20: 1 | AO20: =CEILING(AM20,AN20) -> 141242 | AQ20: DCX-CHOL Entr. Inc | AR20: Masterite | AU20: 1 | AV20: USD | AW20: Elad Zafrir | AX20: elad.zafrir@emet.co.il | AZ20: 972-54-302-7334 | BA20: =IC20 -> P0011 | BB20: =EV20 -> #NAME? | BD20: =EZ20 -> 141342 | BL20: 3000 | CW20: =SUM($BE20,$BF20:BF20)-SUM($CV$1:CW$1)*SUM($P20:$Q20,$W20)-SUM($CV$2:CW$2)*SUM($R20:$V20)-SUM($CV$3:CW$3)*$X20-SUM($CV$4:CW$4)*SUM($K20:$L20)-SUM($CV$5:CW$5)*SUM($M20:$N20)-SUM($CV$6:CW$6)*$O20-SUM($CV$7:CW$7)*SUM($Y20:$Z20,$AF20)-SUM($CV$8:CW$8)*SUM($AA20:$AE20)-SUM($CV$9:CW$9)*$AG20 -> 0 | CX20: =SUM($BE20,$BF20:BG20)-SUM($CV$1:CX$1)*SUM($P20:$Q20,$W20)-SUM($CV$2:CX$2)*SUM($R20:$V20)-SUM($CV$3:CX$3)*$X20-SUM($CV$4:CX$4)*SUM($K20:$L20)-SUM($CV$5:CX$5)*SUM($M20:$N20)-SUM($CV$6:CX$6)*$O20-SUM($CV$7:CX$7)*SUM($Y20:$Z20,$AF20)-SUM($CV$8:CX$8)*SUM($AA20:$AE20)-SUM($CV$9:CX$9)*$AG20 -> 0 | CY20: =SUM($BE20,$BF20:BH20)-SUM($CV$1:CY$1)*SUM($P20:$Q20,$W20)-SUM($CV$2:CY$2)*SUM($R20:$V20)-SUM($CV$3:CY$3)*$X20-SUM($CV$4:CY$4)*SUM($K20:$L20)-SUM($CV$5:CY$5)*SUM($M20:$N20)-SUM($CV$6:CY$6)*$O20-SUM($CV$7:CY$7)*SUM($Y20:$Z20,$AF20)-SUM($CV$8:CY$8)*SUM($AA20:$AE20)-SUM($CV$9:CY$9)*$AG20 -> 0 | CZ20: =SUM($BE20,$BF20:BI20)-SUM($CV$1:CZ$1)*SUM($P20:$Q20,$W20)-SUM($CV$2:CZ$2)*SUM($R20:$V20)-SUM($CV$3:CZ$3)*$X20-SUM($CV$4:CZ$4)*SUM($K20:$L20)-SUM($CV$5:CZ$5)*SUM($M20:$N20)-SUM($CV$6:CZ$6)*$O20-SUM($CV$7:CZ$7)*SUM($Y20:$Z20,$AF20)-SUM($CV$8:CZ$8)*SUM($AA20:$AE20)-SUM($CV$9:CZ$9)*$AG20 -> 0 | DA20: =SUM($BE20,$BF20:BJ20)-SUM($CV$1:DA$1)*SUM($P20:$Q20,$W20)-SUM($CV$2:DA$2)*SUM($R20:$V20)-SUM($CV$3:DA$3)*$X20-SUM($CV$4:DA$4)*SUM($K20:$L20)-SUM($CV$5:DA$5)*SUM($M20:$N20)-SUM($CV$6:DA$6)*$O20-SUM($CV$7:DA$7)*SUM($Y20:$Z20,$AF20)-SUM($CV$8:DA$8)*SUM($AA20:$AE20)-SUM($CV$9:DA$9)*$AG20 -> 0 | DB20: =SUM($BE20,$BF20:BK20)-SUM($CV$1:DB$1)*SUM($P20:$Q20,$W20)-SUM($CV$2:DB$2)*SUM($R20:$V20)-SUM($CV$3:DB$3)*$X20-SUM($CV$4:DB$4)*SUM($K20:$L20)-SUM($CV$5:DB$5)*SUM($M20:$N20)-SUM($CV$6:DB$6)*$O20-SUM($CV$7:DB$7)*SUM($Y20:$Z20,$AF20)-SUM($CV$8:DB$8)*SUM($AA20:$AE20)-SUM($CV$9:DB$9)*$AG20 -> -600 | DC20: =SUM($BE20,$BF20:BL20)-SUM($CV$1:DC$1)*SUM($P20:$Q20,$W20)-SUM($CV$2:DC$2)*SUM($R20:$V20)-SUM($CV$3:DC$3)*$X20-SUM($CV$4:DC$4)*SUM($K20:$L20)-SUM($CV$5:DC$5)*SUM($M20:$N20)-SUM($CV$6:DC$6)*$O20-SUM($CV$7:DC$7)*SUM($Y20:$Z20,$AF20)-SUM($CV$8:DC$8)*SUM($AA20:$AE20)-SUM($CV$9:DC$9)*$AG20 -> 1200 | DD20: =SUM($BE20,$BF20:BM20)-SUM($CV$1:DD$1)*SUM($P20:$Q20,$W20)-SUM($CV$2:DD$2)*SUM($R20:$V20)-SUM($CV$3:DD$3)*$X20-SUM($CV$4:DD$4)*SUM($K20:$L20)-SUM($CV$5:DD$5)*SUM($M20:$N20)-SUM($CV$6:DD$6)*$O20-SUM($CV$7:DD$7)*SUM($Y20:$Z20,$AF20)-SUM($CV$8:DD$8)*SUM($AA20:$AE20)-SUM($CV$9:DD$9)*$AG20 -> -662 | ... EO20: =SUM($BE20,$BF20:CX20)-SUM($CV$1:EO$1)*SUM($P20:$Q20,$W20)-SUM($CV$2:EO$2)*SUM($R20:$V20)-SUM($CV$3:EO$3)*$X20-SUM($CV$4:EO$4)*SUM($K20:$L20)-SUM($CV$5:EO$5)*SUM($M20:$N20)-SUM($CV$6:EO$6)*$O20-SUM($CV$7:EO$7)*SUM($Y20:$Z20,$AF20)-SUM($CV$8:EO$8)*SUM($AA20:$AE20)-SUM($CV$9:EO$9)*$AG20 -> -138178 | EP20: =AR20 -> Masterite | EQ20: =C20 -> 097-0227-893 | ER20: =AQ20 -> DCX-CHOL Entr. Inc | ES20: =AU20 -> 1 | ET20: =AV20 -> USD | EU20: =_xlfn.XLOOKUP(ET20,ET$3:ET$6,EU$3:EU$6,0) -> #NAME? | EV20: =ES20*EU20 -> #NAME? | EW20: =AN20 -> 1 | EX20: =AN20 -> 1 | EY20: 100 | EZ20: =MAX(EX20,CEILING(AM20+EY20,EW20)) -> 141342 | FA20: =EZ20*EV20 -> #NAME? | FB20: =EZ20-AM20 -> 100 | FC20: =FB20*EV20 -> #NAME? | FD20: 45523 | FE20: Sagi | FF20: Ordered | FG20: Y | FH20: RNSE | FI20: {=SUMPRODUCT($AI20:$AL20,TRANSPOSE(FI$1:FI$4))} -> 12130 | FJ20: {=SUMPRODUCT($AI20:$AL20,TRANSPOSE(FJ$1:FJ$4))} -> 12130 | FK20: {=SUMPRODUCT($AI20:$AL20,TRANSPOSE(FK$1:FK$4))} -> 12130 | FL20: {=SUMPRODUCT($AI20:$AL20,TRANSPOSE(FL$1:FL$4))} -> 12130 | FM20: {=SUMPRODUCT($AI20:$AL20,TRANSPOSE(FM$1:FM$4))} -> 12130 | FN20: {=SUMPRODUCT($AI20:$AL20,TRANSPOSE(FN$1:FN$4))} -> 12130 | FO20: {=SUMPRODUCT($AI20:$AL20,TRANSPOSE(FO$1:FO$4))} -> 12130 | FP20: {=SUMPRODUCT($AI20:$AL20,TRANSPOSE(FP$1:FP$4))} -> 12130 | ... FU20: {=SUMPRODUCT($AI20:$AL20,TRANSPOSE(FU$1:FU$4))} -> 0 | FW20: =CEILING(FI20,$EW20) -> 12130 | FX20: =CEILING(SUM($FI20:FJ20)-SUM($FW20:FW20),$EW20) -> 12130 | FY20: =CEILING(SUM($FI20:FK20)-SUM($FW20:FX20),$EW20) -> 12130 | FZ20: =CEILING(SUM($FI20:FL20)-SUM($FW20:FY20),$EW20) -> 12130 | GA20: =CEILING(SUM($FI20:FM20)-SUM($FW20:FZ20),$EW20) -> 12130 | GB20: =CEILING(SUM($FI20:FN20)-SUM($FW20:GA20),$EW20) -> 12130 | GC20: =CEILING(SUM($FI20:FO20)-SUM($FW20:GB20),$EW20) -> 12130 | GD20: =CEILING(SUM($FI20:FP20)-SUM($FW20:GC20),$EW20) -> 12130 | GE20: =CEILING(SUM($FI20:FQ20)-SUM($FW20:GD20),$EW20) -> 12130 | ... GG20: =CEILING(SUM($FI20:FS20)-SUM($FW20:GF20),$EW20) -> 12000 | GH20: =EZ20-SUM(FW20:GG20) -> 8072 | GI20: =EZ20-SUM(FW20:GH20) -> 0 | GK20: =FW20*$EV20 -> #NAME? | GL20: =FX20*$EV20 -> #NAME? | GM20: =FY20*$EV20 -> #NAME? | GN20: =FZ20*$EV20 -> #NAME? | GO20: =GA20*$EV20 -> #NAME? | GP20: =GB20*$EV20 -> #NAME? | GQ20: =GC20*$EV20 -> #NAME? | GR20: =GD20*$EV20 -> #NAME? | ... GW20: =GI20*$EV20 -> #NAME? | GX20: =SUM(GK20:GW20) -> #NAME? | GY20: 4 | GZ20: =SUM(FW20:FY20) -> 36390 | HC20: =SUM(FZ20:GB20) -> 36390 | HF20: =SUM(GC20:GE20) -> 36390 | HI20: =SUM(GF20:GI20) -> 32172 | HL20: =GI20 -> 0 | HN20: =GZ20*$EV20 -> #NAME? | HO20: =HA20*$EV20 -> #NAME? | HP20: =HB20*$EV20 -> #NAME? | HQ20: =HC20*$EV20 -> #NAME? | HR20: =HD20*$EV20 -> #NAME? | HS20: =HE20*$EV20 -> #NAME? | HT20: =HF20*$EV20 -> #NAME? | HU20: =HG20*$EV20 -> #NAME? | ... HZ20: =HL20*$EV20 -> #NAME? | IA20: =SUM(HN20:HZ20) -> #NAME? | IB20: LT01-009 | IC20: P0011 | ID20: 45523 | IE20: Yes | IF20: Yes | IG20: Yes
A21: 11 | B21: LT01-010 | C21: 100A1R1BT150XTV | D21: BUY1 | E21: 424270787 | F21: CHIP CAP 1.1PF +/-0.1PF 150VOLT 55X5 | H21: EA | I21: 2 | J21: 8 | K21: 0 | L21: 0 | M21: 0 | N21: 0 | O21: 0 | P21: 0 | Q21: 0 | R21: 0 | S21: 4 | T21: 0 | U21: 0 | V21: 0 | W21: 0 | X21: 0 | Y21: 0 | Z21: 0 | AA21: 0 | AB21: 4 | AC21: 0 | AD21: 0 | AE21: 0 | AF21: 0 | AG21: 0 | AH21: =SUM(K21:AB21) -> 8 | AI21: =SUMPRODUCT($K$1:$AG$1,$K21:$AG21) -> 0 | AJ21: =SUMPRODUCT($K$2:$AG$2,$K21:$AG21) -> 4 | AK21: =SUMPRODUCT($K$3:$AG$3,$K21:$AG21) -> 4 | AL21: =SUMPRODUCT($K$4:$AG$4,$K21:$AG21) -> 4 | AM21: =SUMPRODUCT(K21:AG21,$K$6:$AG$6) -> 141812 | AN21: 500 | AO21: =CEILING(AM21,AN21) -> 142000 | AQ21: AMERICAN TECHNICAL CERAMICS DIV. OF | AR21: SHIRTECH | AU21: 0.33 | AV21: USD | AW21: LIZA COHEN | AX21: LIZA@SHIRTECH.CO.IL | AZ21: 972-3-9516495 | BA21: =IC21 -> P0023 | BB21: =EV21 -> #NAME? | BC21: 20 | BD21: =EZ21 -> 142000 | BK21: 68000 | CW21: =SUM($BE21,$BF21:BF21)-SUM($CV$1:CW$1)*SUM($P21:$Q21,$W21)-SUM($CV$2:CW$2)*SUM($R21:$V21)-SUM($CV$3:CW$3)*$X21-SUM($CV$4:CW$4)*SUM($K21:$L21)-SUM($CV$5:CW$5)*SUM($M21:$N21)-SUM($CV$6:CW$6)*$O21-SUM($CV$7:CW$7)*SUM($Y21:$Z21,$AF21)-SUM($CV$8:CW$8)*SUM($AA21:$AE21)-SUM($CV$9:CW$9)*$AG21 -> 0 | CX21: =SUM($BE21,$BF21:BG21)-SUM($CV$1:CX$1)*SUM($P21:$Q21,$W21)-SUM($CV$2:CX$2)*SUM($R21:$V21)-SUM($CV$3:CX$3)*$X21-SUM($CV$4:CX$4)*SUM($K21:$L21)-SUM($CV$5:CX$5)*SUM($M21:$N21)-SUM($CV$6:CX$6)*$O21-SUM($CV$7:CX$7)*SUM($Y21:$Z21,$AF21)-SUM($CV$8:CX$8)*SUM($AA21:$AE21)-SUM($CV$9:CX$9)*$AG21 -> 0 | CY21: =SUM($BE21,$BF21:BH21)-SUM($CV$1:CY$1)*SUM($P21:$Q21,$W21)-SUM($CV$2:CY$2)*SUM($R21:$V21)-SUM($CV$3:CY$3)*$X21-SUM($CV$4:CY$4)*SUM($K21:$L21)-SUM($CV$5:CY$5)*SUM($M21:$N21)-SUM($CV$6:CY$6)*$O21-SUM($CV$7:CY$7)*SUM($Y21:$Z21,$AF21)-SUM($CV$8:CY$8)*SUM($AA21:$AE21)-SUM($CV$9:CY$9)*$AG21 -> 0 | CZ21: =SUM($BE21,$BF21:BI21)-SUM($CV$1:CZ$1)*SUM($P21:$Q21,$W21)-SUM($CV$2:CZ$2)*SUM($R21:$V21)-SUM($CV$3:CZ$3)*$X21-SUM($CV$4:CZ$4)*SUM($K21:$L21)-SUM($CV$5:CZ$5)*SUM($M21:$N21)-SUM($CV$6:CZ$6)*$O21-SUM($CV$7:CZ$7)*SUM($Y21:$Z21,$AF21)-SUM($CV$8:CZ$8)*SUM($AA21:$AE21)-SUM($CV$9:CZ$9)*$AG21 -> 0 | DA21: =SUM($BE21,$BF21:BJ21)-SUM($CV$1:DA$1)*SUM($P21:$Q21,$W21)-SUM($CV$2:DA$2)*SUM($R21:$V21)-SUM($CV$3:DA$3)*$X21-SUM($CV$4:DA$4)*SUM($K21:$L21)-SUM($CV$5:DA$5)*SUM($M21:$N21)-SUM($CV$6:DA$6)*$O21-SUM($CV$7:DA$7)*SUM($Y21:$Z21,$AF21)-SUM($CV$8:DA$8)*SUM($AA21:$AE21)-SUM($CV$9:DA$9)*$AG21 -> 0 | DB21: =SUM($BE21,$BF21:BK21)-SUM($CV$1:DB$1)*SUM($P21:$Q21,$W21)-SUM($CV$2:DB$2)*SUM($R21:$V21)-SUM($CV$3:DB$3)*$X21-SUM($CV$4:DB$4)*SUM($K21:$L21)-SUM($CV$5:DB$5)*SUM($M21:$N21)-SUM($CV$6:DB$6)*$O21-SUM($CV$7:DB$7)*SUM($Y21:$Z21,$AF21)-SUM($CV$8:DB$8)*SUM($AA21:$AE21)-SUM($CV$9:DB$9)*$AG21 -> 67200 | DC21: =SUM($BE21,$BF21:BL21)-SUM($CV$1:DC$1)*SUM($P21:$Q21,$W21)-SUM($CV$2:DC$2)*SUM($R21:$V21)-SUM($CV$3:DC$3)*$X21-SUM($CV$4:DC$4)*SUM($K21:$L21)-SUM($CV$5:DC$5)*SUM($M21:$N21)-SUM($CV$6:DC$6)*$O21-SUM($CV$7:DC$7)*SUM($Y21:$Z21,$AF21)-SUM($CV$8:DC$8)*SUM($AA21:$AE21)-SUM($CV$9:DC$9)*$AG21 -> 65600 | DD21: =SUM($BE21,$BF21:BM21)-SUM($CV$1:DD$1)*SUM($P21:$Q21,$W21)-SUM($CV$2:DD$2)*SUM($R21:$V21)-SUM($CV$3:DD$3)*$X21-SUM($CV$4:DD$4)*SUM($K21:$L21)-SUM($CV$5:DD$5)*SUM($M21:$N21)-SUM($CV$6:DD$6)*$O21-SUM($CV$7:DD$7)*SUM($Y21:$Z21,$AF21)-SUM($CV$8:DD$8)*SUM($AA21:$AE21)-SUM($CV$9:DD$9)*$AG21 -> 63076 | ... EO21: =SUM($BE21,$BF21:CX21)-SUM($CV$1:EO$1)*SUM($P21:$Q21,$W21)-SUM($CV$2:EO$2)*SUM($R21:$V21)-SUM($CV$3:EO$3)*$X21-SUM($CV$4:EO$4)*SUM($K21:$L21)-SUM($CV$5:EO$5)*SUM($M21:$N21)-SUM($CV$6:EO$6)*$O21-SUM($CV$7:EO$7)*SUM($Y21:$Z21,$AF21)-SUM($CV$8:EO$8)*SUM($AA21:$AE21)-SUM($CV$9:EO$9)*$AG21 -> -75244 | EP21: =AR21 -> SHIRTECH | EQ21: =C21 -> 100A1R1BT150XTV | ER21: =AQ21 -> AMERICAN TECHNICAL CERAMICS DIV. OF | ES21: =AU21 -> 0.33 | ET21: =AV21 -> USD | EU21: =_xlfn.XLOOKUP(ET21,ET$3:ET$6,EU$3:EU$6,0) -> #NAME? | EV21: =ES21*EU21 -> #NAME? | EW21: =AN21 -> 500 | EX21: =AN21 -> 500 | EZ21: =MAX(EX21,CEILING(AM21+EY21,EW21)) -> 142000 | FA21: =EZ21*EV21 -> #NAME? | FB21: =EZ21-AM21 -> 188 | FC21: =FB21*EV21 -> #NAME? | FD21: 45523 | FE21: Sagi | FF21: Ordered | FG21: Y | FH21: RNSE | FI21: {=SUMPRODUCT($AI21:$AL21,TRANSPOSE(FI$1:FI$4))} -> 12260 | FJ21: {=SUMPRODUCT($AI21:$AL21,TRANSPOSE(FJ$1:FJ$4))} -> 12260 | FK21: {=SUMPRODUCT($AI21:$AL21,TRANSPOSE(FK$1:FK$4))} -> 12260 | FL21: {=SUMPRODUCT($AI21:$AL21,TRANSPOSE(FL$1:FL$4))} -> 12260 | FM21: {=SUMPRODUCT($AI21:$AL21,TRANSPOSE(FM$1:FM$4))} -> 12260 | FN21: {=SUMPRODUCT($AI21:$AL21,TRANSPOSE(FN$1:FN$4))} -> 12260 | FO21: {=SUMPRODUCT($AI21:$AL21,TRANSPOSE(FO$1:FO$4))} -> 12260 | FP21: {=SUMPRODUCT($AI21:$AL21,TRANSPOSE(FP$1:FP$4))} -> 12260 | ... FU21: {=SUMPRODUCT($AI21:$AL21,TRANSPOSE(FU$1:FU$4))} -> 0 | FW21: =CEILING(FI21,$EW21) -> 12500 | FX21: =CEILING(SUM($FI21:FJ21)-SUM($FW21:FW21),$EW21) -> 12500 | FY21: =CEILING(SUM($FI21:FK21)-SUM($FW21:FX21),$EW21) -> 12000 | FZ21: =CEILING(SUM($FI21:FL21)-SUM($FW21:FY21),$EW21) -> 12500 | GA21: =CEILING(SUM($FI21:FM21)-SUM($FW21:FZ21),$EW21) -> 12000 | GB21: =CEILING(SUM($FI21:FN21)-SUM($FW21:GA21),$EW21) -> 12500 | GC21: =CEILING(SUM($FI21:FO21)-SUM($FW21:GB21),$EW21) -> 12000 | GD21: =CEILING(SUM($FI21:FP21)-SUM($FW21:GC21),$EW21) -> 12500 | GE21: =CEILING(SUM($FI21:FQ21)-SUM($FW21:GD21),$EW21) -> 12000 | ... GG21: =CEILING(SUM($FI21:FS21)-SUM($FW21:GF21),$EW21) -> 12000 | GH21: =EZ21-SUM(FW21:GG21) -> 7000 | GI21: =EZ21-SUM(FW21:GH21) -> 0 | GK21: =FW21*$EV21 -> #NAME? | GL21: =FX21*$EV21 -> #NAME? | GM21: =FY21*$EV21 -> #NAME? | GN21: =FZ21*$EV21 -> #NAME? | GO21: =GA21*$EV21 -> #NAME? | GP21: =GB21*$EV21 -> #NAME? | GQ21: =GC21*$EV21 -> #NAME? | GR21: =GD21*$EV21 -> #NAME? | ... GW21: =GI21*$EV21 -> #NAME? | GX21: =SUM(GK21:GW21) -> #NAME? | GY21: 2 | GZ21: =SUM(FW21:GB21) -> 74000 | HF21: =SUM(GC21:GI21) -> 68000 | HN21: =GZ21*$EV21 -> #NAME? | HO21: =HA21*$EV21 -> #NAME? | HP21: =HB21*$EV21 -> #NAME? | HQ21: =HC21*$EV21 -> #NAME? | HR21: =HD21*$EV21 -> #NAME? | HS21: =HE21*$EV21 -> #NAME? | HT21: =HF21*$EV21 -> #NAME? | HU21: =HG21*$EV21 -> #NAME? | ... HZ21: =HL21*$EV21 -> #NAME? | IA21: =SUM(HN21:HZ21) -> #NAME? | IB21: LT01-010 | IC21: P0023 | ID21: 45526 | IE21: Yes | IG21: Yes | IH21: New price 74k @ $0.61 For 2025 schedule, ELTA to confirm | II21: USA
A22: 12 | B22: LT01-011 | C22: 100A4R7BT150XTV | D22: BUY1 | E22: 417983168 | F22: CHIP CAP 4.7PF +/-0.1PF 150VOLT 55X5 | G22: 403846606 | H22: EA | I22: 2 | J22: 43 | K22: 0 | L22: 0 | M22: 0 | N22: 10 | O22: 3 | P22: 0 | Q22: 0 | R22: 0 | S22: 12 | T22: 0 | U22: 0 | V22: 0 | W22: 0 | X22: 3 | Y22: 0 | Z22: 0 | AA22: 0 | AB22: 12 | AC22: 0 | AD22: 0 | AE22: 0 | AF22: 0 | AG22: 3 | AH22: =SUM(K22:AB22) -> 40 | AI22: =SUMPRODUCT($K$1:$AG$1,$K22:$AG22) -> 13 | AJ22: =SUMPRODUCT($K$2:$AG$2,$K22:$AG22) -> 15 | AK22: =SUMPRODUCT($K$3:$AG$3,$K22:$AG22) -> 15 | AL22: =SUMPRODUCT($K$4:$AG$4,$K22:$AG22) -> 28 | AM22: =SUMPRODUCT(K22:AG22,$K$6:$AG$6) -> 989759 | AN22: 500 | AO22: =CEILING(AM22,AN22) -> 990000 | AQ22: AMERICAN TECHNICAL CERAMICS DIV. OF | AR22: SHIRTECH | AU22: 0.32 | AV22: USD | AW22: LIZA COHEN | AX22: LIZA@SHIRTECH.CO.IL | AY22: Phoenix Technologies | AZ22: 972-3-9516495 | BA22: =IC22 -> P0023 | BB22: =EV22 -> #NAME? | BC22: 20 | BD22: =EZ22 -> 990000 | BK22: 245000 | CW22: =SUM($BE22,$BF22:BF22)-SUM($CV$1:CW$1)*SUM($P22:$Q22,$W22)-SUM($CV$2:CW$2)*SUM($R22:$V22)-SUM($CV$3:CW$3)*$X22-SUM($CV$4:CW$4)*SUM($K22:$L22)-SUM($CV$5:CW$5)*SUM($M22:$N22)-SUM($CV$6:CW$6)*$O22-SUM($CV$7:CW$7)*SUM($Y22:$Z22,$AF22)-SUM($CV$8:CW$8)*SUM($AA22:$AE22)-SUM($CV$9:CW$9)*$AG22 -> 0 | CX22: =SUM($BE22,$BF22:BG22)-SUM($CV$1:CX$1)*SUM($P22:$Q22,$W22)-SUM($CV$2:CX$2)*SUM($R22:$V22)-SUM($CV$3:CX$3)*$X22-SUM($CV$4:CX$4)*SUM($K22:$L22)-SUM($CV$5:CX$5)*SUM($M22:$N22)-SUM($CV$6:CX$6)*$O22-SUM($CV$7:CX$7)*SUM($Y22:$Z22,$AF22)-SUM($CV$8:CX$8)*SUM($AA22:$AE22)-SUM($CV$9:CX$9)*$AG22 -> 0 | CY22: =SUM($BE22,$BF22:BH22)-SUM($CV$1:CY$1)*SUM($P22:$Q22,$W22)-SUM($CV$2:CY$2)*SUM($R22:$V22)-SUM($CV$3:CY$3)*$X22-SUM($CV$4:CY$4)*SUM($K22:$L22)-SUM($CV$5:CY$5)*SUM($M22:$N22)-SUM($CV$6:CY$6)*$O22-SUM($CV$7:CY$7)*SUM($Y22:$Z22,$AF22)-SUM($CV$8:CY$8)*SUM($AA22:$AE22)-SUM($CV$9:CY$9)*$AG22 -> 0 | CZ22: =SUM($BE22,$BF22:BI22)-SUM($CV$1:CZ$1)*SUM($P22:$Q22,$W22)-SUM($CV$2:CZ$2)*SUM($R22:$V22)-SUM($CV$3:CZ$3)*$X22-SUM($CV$4:CZ$4)*SUM($K22:$L22)-SUM($CV$5:CZ$5)*SUM($M22:$N22)-SUM($CV$6:CZ$6)*$O22-SUM($CV$7:CZ$7)*SUM($Y22:$Z22,$AF22)-SUM($CV$8:CZ$8)*SUM($AA22:$AE22)-SUM($CV$9:CZ$9)*$AG22 -> 0 | DA22: =SUM($BE22,$BF22:BJ22)-SUM($CV$1:DA$1)*SUM($P22:$Q22,$W22)-SUM($CV$2:DA$2)*SUM($R22:$V22)-SUM($CV$3:DA$3)*$X22-SUM($CV$4:DA$4)*SUM($K22:$L22)-SUM($CV$5:DA$5)*SUM($M22:$N22)-SUM($CV$6:DA$6)*$O22-SUM($CV$7:DA$7)*SUM($Y22:$Z22,$AF22)-SUM($CV$8:DA$8)*SUM($AA22:$AE22)-SUM($CV$9:DA$9)*$AG22 -> 0 | DB22: =SUM($BE22,$BF22:BK22)-SUM($CV$1:DB$1)*SUM($P22:$Q22,$W22)-SUM($CV$2:DB$2)*SUM($R22:$V22)-SUM($CV$3:DB$3)*$X22-SUM($CV$4:DB$4)*SUM($K22:$L22)-SUM($CV$5:DB$5)*SUM($M22:$N22)-SUM($CV$6:DB$6)*$O22-SUM($CV$7:DB$7)*SUM($Y22:$Z22,$AF22)-SUM($CV$8:DB$8)*SUM($AA22:$AE22)-SUM($CV$9:DB$9)*$AG22 -> 240700 | DC22: =SUM($BE22,$BF22:BL22)-SUM($CV$1:DC$1)*SUM($P22:$Q22,$W22)-SUM($CV$2:DC$2)*SUM($R22:$V22)-SUM($CV$3:DC$3)*$X22-SUM($CV$4:DC$4)*SUM($K22:$L22)-SUM($CV$5:DC$5)*SUM($M22:$N22)-SUM($CV$6:DC$6)*$O22-SUM($CV$7:DC$7)*SUM($Y22:$Z22,$AF22)-SUM($CV$8:DC$8)*SUM($AA22:$AE22)-SUM($CV$9:DC$9)*$AG22 -> 232100 | DD22: =SUM($BE22,$BF22:BM22)-SUM($CV$1:DD$1)*SUM($P22:$Q22,$W22)-SUM($CV$2:DD$2)*SUM($R22:$V22)-SUM($CV$3:DD$3)*$X22-SUM($CV$4:DD$4)*SUM($K22:$L22)-SUM($CV$5:DD$5)*SUM($M22:$N22)-SUM($CV$6:DD$6)*$O22-SUM($CV$7:DD$7)*SUM($Y22:$Z22,$AF22)-SUM($CV$8:DD$8)*SUM($AA22:$AE22)-SUM($CV$9:DD$9)*$AG22 -> 218735 | ... EO22: =SUM($BE22,$BF22:CX22)-SUM($CV$1:EO$1)*SUM($P22:$Q22,$W22)-SUM($CV$2:EO$2)*SUM($R22:$V22)-SUM($CV$3:EO$3)*$X22-SUM($CV$4:EO$4)*SUM($K22:$L22)-SUM($CV$5:EO$5)*SUM($M22:$N22)-SUM($CV$6:EO$6)*$O22-SUM($CV$7:EO$7)*SUM($Y22:$Z22,$AF22)-SUM($CV$8:EO$8)*SUM($AA22:$AE22)-SUM($CV$9:EO$9)*$AG22 -> -744279 | EP22: =AR22 -> SHIRTECH | EQ22: =C22 -> 100A4R7BT150XTV | ER22: =AQ22 -> AMERICAN TECHNICAL CERAMICS DIV. OF | ES22: =AU22 -> 0.32 | ET22: =AV22 -> USD | EU22: =_xlfn.XLOOKUP(ET22,ET$3:ET$6,EU$3:EU$6,0) -> #NAME? | EV22: =ES22*EU22 -> #NAME? | EW22: =AN22 -> 500 | EX22: =AN22 -> 500 | EZ22: =MAX(EX22,CEILING(AM22+EY22,EW22)) -> 990000 | FA22: =EZ22*EV22 -> #NAME? | FB22: =EZ22-AM22 -> 241 | FC22: =FB22*EV22 -> #NAME? | FF22: Ordered | FH22: RNSE | FI22: {=SUMPRODUCT($AI22:$AL22,TRANSPOSE(FI$1:FI$4))} -> 84975 | FJ22: {=SUMPRODUCT($AI22:$AL22,TRANSPOSE(FJ$1:FJ$4))} -> 84975 | FK22: {=SUMPRODUCT($AI22:$AL22,TRANSPOSE(FK$1:FK$4))} -> 84975 | FL22: {=SUMPRODUCT($AI22:$AL22,TRANSPOSE(FL$1:FL$4))} -> 84975 | FM22: {=SUMPRODUCT($AI22:$AL22,TRANSPOSE(FM$1:FM$4))} -> 84975 | FN22: {=SUMPRODUCT($AI22:$AL22,TRANSPOSE(FN$1:FN$4))} -> 84975 | FO22: {=SUMPRODUCT($AI22:$AL22,TRANSPOSE(FO$1:FO$4))} -> 84975 | FP22: {=SUMPRODUCT($AI22:$AL22,TRANSPOSE(FP$1:FP$4))} -> 84975 | ... FU22: {=SUMPRODUCT($AI22:$AL22,TRANSPOSE(FU$1:FU$4))} -> 0 | FW22: =CEILING(FI22,$EW22) -> 85000 | FX22: =CEILING(SUM($FI22:FJ22)-SUM($FW22:FW22),$EW22) -> 85000 | FY22: =CEILING(SUM($FI22:FK22)-SUM($FW22:FX22),$EW22) -> 85000 | FZ22: =CEILING(SUM($FI22:FL22)-SUM($FW22:FY22),$EW22) -> 85000 | GA22: =CEILING(SUM($FI22:FM22)-SUM($FW22:FZ22),$EW22) -> 85000 | GB22: =CEILING(SUM($FI22:FN22)-SUM($FW22:GA22),$EW22) -> 85000 | GC22: =CEILING(SUM($FI22:FO22)-SUM($FW22:GB22),$EW22) -> 85000 | GD22: =CEILING(SUM($FI22:FP22)-SUM($FW22:GC22),$EW22) -> 85000 | GE22: =CEILING(SUM($FI22:FQ22)-SUM($FW22:GD22),$EW22) -> 85000 | ... GG22: =CEILING(SUM($FI22:FS22)-SUM($FW22:GF22),$EW22) -> 84000 | GH22: =EZ22-SUM(FW22:GG22) -> 56000 | GI22: =EZ22-SUM(FW22:GH22) -> 0 | GK22: =FW22*$EV22 -> #NAME? | GL22: =FX22*$EV22 -> #NAME? | GM22: =FY22*$EV22 -> #NAME? | GN22: =FZ22*$EV22 -> #NAME? | GO22: =GA22*$EV22 -> #NAME? | GP22: =GB22*$EV22 -> #NAME? | GQ22: =GC22*$EV22 -> #NAME? | GR22: =GD22*$EV22 -> #NAME? | ... GW22: =GI22*$EV22 -> #NAME? | GX22: =SUM(GK22:GW22) -> #NAME? | GY22: 12 | GZ22: =FW22 -> 85000 | HA22: =FX22 -> 85000 | HB22: =FY22 -> 85000 | HC22: =FZ22 -> 85000 | HD22: =GA22 -> 85000 | HE22: =GB22 -> 85000 | HF22: =GC22 -> 85000 | HG22: =GD22 -> 85000 | ... HL22: =GI22 -> 0 | HN22: =GZ22*$EV22 -> #NAME? | HO22: =HA22*$EV22 -> #NAME? | HP22: =HB22*$EV22 -> #NAME? | HQ22: =HC22*$EV22 -> #NAME? | HR22: =HD22*$EV22 -> #NAME? | HS22: =HE22*$EV22 -> #NAME? | HT22: =HF22*$EV22 -> #NAME? | HU22: =HG22*$EV22 -> #NAME? | ... HZ22: =HL22*$EV22 -> #NAME? | IA22: =SUM(HN22:HZ22) -> #NAME? | IB22: LT01-011 | IC22: P0023 | ID22: 45526 | IE22: Yes | IG22: Yes | IH22: New price 745k @ $0.61 For 2025 schedule, ELTA to confirm | II22: USA
A23: 13 | B23: LT01-012 | C23: 1092L481-001 | D23: - | E23: 401548139 | F23: CERAMIC FILTER S BAND | H23: EA | I23: 1 | J23: 4 | K23: 0 | L23: 0 | M23: 0 | N23: 2 | O23: 0 | P23: 0 | Q23: 0 | R23: 0 | S23: 2 | T23: 0 | U23: 0 | V23: 0 | W23: 0 | X23: 0 | Y23: 0 | Z23: 0 | AA23: 0 | AB23: 0 | AC23: 0 | AD23: 0 | AE23: 0 | AF23: 0 | AG23: 0 | AH23: =SUM(K23:AB23) -> 4 | AI23: =SUMPRODUCT($K$1:$AG$1,$K23:$AG23) -> 2 | AJ23: =SUMPRODUCT($K$2:$AG$2,$K23:$AG23) -> 2 | AK23: =SUMPRODUCT($K$3:$AG$3,$K23:$AG23) -> 0 | AL23: =SUMPRODUCT($K$4:$AG$4,$K23:$AG23) -> 4 | AM23: =SUMPRODUCT(K23:AG23,$K$6:$AG$6) -> 140092 | AN23: 1 | AO23: =CEILING(AM23,AN23) -> 140092 | AQ23: SAWNICS/REMTEC | AR23: REMTEC | AU23: 3.85 | AV23: USD | AW23: ITAY COHEN | AX23: itay@impactel.co.il | AZ23: 972-50-339-9574 | BA23: =IC23 -> P0018 | BB23: =EV23 -> #NAME? | BD23: =EZ23 -> 140142 | CW23: =SUM($BE23,$BF23:BF23)-SUM($CV$1:CW$1)*SUM($P23:$Q23,$W23)-SUM($CV$2:CW$2)*SUM($R23:$V23)-SUM($CV$3:CW$3)*$X23-SUM($CV$4:CW$4)*SUM($K23:$L23)-SUM($CV$5:CW$5)*SUM($M23:$N23)-SUM($CV$6:CW$6)*$O23-SUM($CV$7:CW$7)*SUM($Y23:$Z23,$AF23)-SUM($CV$8:CW$8)*SUM($AA23:$AE23)-SUM($CV$9:CW$9)*$AG23 -> 0 | CX23: =SUM($BE23,$BF23:BG23)-SUM($CV$1:CX$1)*SUM($P23:$Q23,$W23)-SUM($CV$2:CX$2)*SUM($R23:$V23)-SUM($CV$3:CX$3)*$X23-SUM($CV$4:CX$4)*SUM($K23:$L23)-SUM($CV$5:CX$5)*SUM($M23:$N23)-SUM($CV$6:CX$6)*$O23-SUM($CV$7:CX$7)*SUM($Y23:$Z23,$AF23)-SUM($CV$8:CX$8)*SUM($AA23:$AE23)-SUM($CV$9:CX$9)*$AG23 -> 0 | CY23: =SUM($BE23,$BF23:BH23)-SUM($CV$1:CY$1)*SUM($P23:$Q23,$W23)-SUM($CV$2:CY$2)*SUM($R23:$V23)-SUM($CV$3:CY$3)*$X23-SUM($CV$4:CY$4)*SUM($K23:$L23)-SUM($CV$5:CY$5)*SUM($M23:$N23)-SUM($CV$6:CY$6)*$O23-SUM($CV$7:CY$7)*SUM($Y23:$Z23,$AF23)-SUM($CV$8:CY$8)*SUM($AA23:$AE23)-SUM($CV$9:CY$9)*$AG23 -> 0 | CZ23: =SUM($BE23,$BF23:BI23)-SUM($CV$1:CZ$1)*SUM($P23:$Q23,$W23)-SUM($CV$2:CZ$2)*SUM($R23:$V23)-SUM($CV$3:CZ$3)*$X23-SUM($CV$4:CZ$4)*SUM($K23:$L23)-SUM($CV$5:CZ$5)*SUM($M23:$N23)-SUM($CV$6:CZ$6)*$O23-SUM($CV$7:CZ$7)*SUM($Y23:$Z23,$AF23)-SUM($CV$8:CZ$8)*SUM($AA23:$AE23)-SUM($CV$9:CZ$9)*$AG23 -> 0 | DA23: =SUM($BE23,$BF23:BJ23)-SUM($CV$1:DA$1)*SUM($P23:$Q23,$W23)-SUM($CV$2:DA$2)*SUM($R23:$V23)-SUM($CV$3:DA$3)*$X23-SUM($CV$4:DA$4)*SUM($K23:$L23)-SUM($CV$5:DA$5)*SUM($M23:$N23)-SUM($CV$6:DA$6)*$O23-SUM($CV$7:DA$7)*SUM($Y23:$Z23,$AF23)-SUM($CV$8:DA$8)*SUM($AA23:$AE23)-SUM($CV$9:DA$9)*$AG23 -> 0 | DB23: =SUM($BE23,$BF23:BK23)-SUM($CV$1:DB$1)*SUM($P23:$Q23,$W23)-SUM($CV$2:DB$2)*SUM($R23:$V23)-SUM($CV$3:DB$3)*$X23-SUM($CV$4:DB$4)*SUM($K23:$L23)-SUM($CV$5:DB$5)*SUM($M23:$N23)-SUM($CV$6:DB$6)*$O23-SUM($CV$7:DB$7)*SUM($Y23:$Z23,$AF23)-SUM($CV$8:DB$8)*SUM($AA23:$AE23)-SUM($CV$9:DB$9)*$AG23 -> -400 | DC23: =SUM($BE23,$BF23:BL23)-SUM($CV$1:DC$1)*SUM($P23:$Q23,$W23)-SUM($CV$2:DC$2)*SUM($R23:$V23)-SUM($CV$3:DC$3)*$X23-SUM($CV$4:DC$4)*SUM($K23:$L23)-SUM($CV$5:DC$5)*SUM($M23:$N23)-SUM($CV$6:DC$6)*$O23-SUM($CV$7:DC$7)*SUM($Y23:$Z23,$AF23)-SUM($CV$8:DC$8)*SUM($AA23:$AE23)-SUM($CV$9:DC$9)*$AG23 -> -1200 | DD23: =SUM($BE23,$BF23:BM23)-SUM($CV$1:DD$1)*SUM($P23:$Q23,$W23)-SUM($CV$2:DD$2)*SUM($R23:$V23)-SUM($CV$3:DD$3)*$X23-SUM($CV$4:DD$4)*SUM($K23:$L23)-SUM($CV$5:DD$5)*SUM($M23:$N23)-SUM($CV$6:DD$6)*$O23-SUM($CV$7:DD$7)*SUM($Y23:$Z23,$AF23)-SUM($CV$8:DD$8)*SUM($AA23:$AE23)-SUM($CV$9:DD$9)*$AG23 -> -2400 | ... EO23: =SUM($BE23,$BF23:CX23)-SUM($CV$1:EO$1)*SUM($P23:$Q23,$W23)-SUM($CV$2:EO$2)*SUM($R23:$V23)-SUM($CV$3:EO$3)*$X23-SUM($CV$4:EO$4)*SUM($K23:$L23)-SUM($CV$5:EO$5)*SUM($M23:$N23)-SUM($CV$6:EO$6)*$O23-SUM($CV$7:EO$7)*SUM($Y23:$Z23,$AF23)-SUM($CV$8:EO$8)*SUM($AA23:$AE23)-SUM($CV$9:EO$9)*$AG23 -> -139916 | EP23: =AR23 -> REMTEC | EQ23: =C23 -> 1092L481-001 | ER23: REMTEC | ES23: =AU23 -> 3.85 | ET23: =AV23 -> USD | EU23: =_xlfn.XLOOKUP(ET23,ET$3:ET$6,EU$3:EU$6,0) -> #NAME? | EV23: =ES23*EU23 -> #NAME? | EW23: =AN23 -> 1 | EX23: =AN23 -> 1 | EY23: 50 | EZ23: =MAX(EX23,CEILING(AM23+EY23,EW23)) -> 140142 | FA23: =EZ23*EV23 -> #NAME? | FB23: =EZ23-AM23 -> 50 | FC23: =FB23*EV23 -> #NAME? | FD23: 45523 | FE23: Sagi | FF23: Ordered | FG23: Y | FH23: RNSE | FI23: {=SUMPRODUCT($AI23:$AL23,TRANSPOSE(FI$1:FI$4))} -> 12000 | FJ23: {=SUMPRODUCT($AI23:$AL23,TRANSPOSE(FJ$1:FJ$4))} -> 12000 | FK23: {=SUMPRODUCT($AI23:$AL23,TRANSPOSE(FK$1:FK$4))} -> 12000 | FL23: {=SUMPRODUCT($AI23:$AL23,TRANSPOSE(FL$1:FL$4))} -> 12000 | FM23: {=SUMPRODUCT($AI23:$AL23,TRANSPOSE(FM$1:FM$4))} -> 12000 | FN23: {=SUMPRODUCT($AI23:$AL23,TRANSPOSE(FN$1:FN$4))} -> 12000 | FO23: {=SUMPRODUCT($AI23:$AL23,TRANSPOSE(FO$1:FO$4))} -> 12000 | FP23: {=SUMPRODUCT($AI23:$AL23,TRANSPOSE(FP$1:FP$4))} -> 12000 | ... FU23: {=SUMPRODUCT($AI23:$AL23,TRANSPOSE(FU$1:FU$4))} -> 0 | FW23: =CEILING(FI23,$EW23) -> 12000 | FX23: =CEILING(SUM($FI23:FJ23)-SUM($FW23:FW23),$EW23) -> 12000 | FY23: =CEILING(SUM($FI23:FK23)-SUM($FW23:FX23),$EW23) -> 12000 | FZ23: =CEILING(SUM($FI23:FL23)-SUM($FW23:FY23),$EW23) -> 12000 | GA23: =CEILING(SUM($FI23:FM23)-SUM($FW23:FZ23),$EW23) -> 12000 | GB23: =CEILING(SUM($FI23:FN23)-SUM($FW23:GA23),$EW23) -> 12000 | GC23: =CEILING(SUM($FI23:FO23)-SUM($FW23:GB23),$EW23) -> 12000 | GD23: =CEILING(SUM($FI23:FP23)-SUM($FW23:GC23),$EW23) -> 12000 | GE23: =CEILING(SUM($FI23:FQ23)-SUM($FW23:GD23),$EW23) -> 12000 | ... GG23: =CEILING(SUM($FI23:FS23)-SUM($FW23:GF23),$EW23) -> 12000 | GH23: =EZ23-SUM(FW23:GG23) -> 8142 | GI23: =EZ23-SUM(FW23:GH23) -> 0 | GK23: =FW23*$EV23 -> #NAME? | GL23: =FX23*$EV23 -> #NAME? | GM23: =FY23*$EV23 -> #NAME? | GN23: =FZ23*$EV23 -> #NAME? | GO23: =GA23*$EV23 -> #NAME? | GP23: =GB23*$EV23 -> #NAME? | GQ23: =GC23*$EV23 -> #NAME? | GR23: =GD23*$EV23 -> #NAME? | ... GW23: =GI23*$EV23 -> #NAME? | GX23: =SUM(GK23:GW23) -> #NAME? | GY23: 12 | GZ23: =FW23 -> 12000 | HA23: =FX23 -> 12000 | HB23: =FY23 -> 12000 | HC23: =FZ23 -> 12000 | HD23: =GA23 -> 12000 | HE23: =GB23 -> 12000 | HF23: =GC23 -> 12000 | HG23: =GD23 -> 12000 | ... HL23: =GI23 -> 0 | HN23: =GZ23*$EV23 -> #NAME? | HO23: =HA23*$EV23 -> #NAME? | HP23: =HB23*$EV23 -> #NAME? | HQ23: =HC23*$EV23 -> #NAME? | HR23: =HD23*$EV23 -> #NAME? | HS23: =HE23*$EV23 -> #NAME? | HT23: =HF23*$EV23 -> #NAME? | HU23: =HG23*$EV23 -> #NAME? | ... HZ23: =HL23*$EV23 -> #NAME? | IA23: =SUM(HN23:HZ23) -> #NAME? | IB23: LT01-012 | IC23: P0018 | ID23: 45525 | IE23: No | IF23: Yes | IG23: Clarification | IH23: Price clarification | IJ23: Yet to order
A24: 14 | B24: LT01-013 | C24: 1093G277-001 | D24: - | E24: 404810931 | F24: EV CAP WITH BRACKET | H24: EA | I24: 1 | J24: 2 | K24: 0 | L24: 0 | M24: 0 | N24: 0 | O24: 0 | P24: 0 | Q24: 0 | R24: 1 | S24: 0 | T24: 0 | U24: 0 | V24: 0 | W24: 0 | X24: 0 | Y24: 0 | Z24: 0 | AA24: 1 | AB24: 0 | AC24: 0 | AD24: 0 | AE24: 0 | AF24: 0 | AG24: 0 | AH24: =SUM(K24:AB24) -> 2 | AI24: =SUMPRODUCT($K$1:$AG$1,$K24:$AG24) -> 0 | AJ24: =SUMPRODUCT($K$2:$AG$2,$K24:$AG24) -> 1 | AK24: =SUMPRODUCT($K$3:$AG$3,$K24:$AG24) -> 1 | AL24: =SUMPRODUCT($K$4:$AG$4,$K24:$AG24) -> 1 | AM24: =SUMPRODUCT(K24:AG24,$K$6:$AG$6) -> 35453 | AN24: 1 | AO24: =CEILING(AM24,AN24) -> 35453 | AP24: ASSY | AQ24: ASSY | BA24: =IC24 -> 0 | BB24: =EV24 -> #NAME? | BD24: =EZ24 -> 35453 | CW24: =SUM($BE24,$BF24:BF24)-SUM($CV$1:CW$1)*SUM($P24:$Q24,$W24)-SUM($CV$2:CW$2)*SUM($R24:$V24)-SUM($CV$3:CW$3)*$X24-SUM($CV$4:CW$4)*SUM($K24:$L24)-SUM($CV$5:CW$5)*SUM($M24:$N24)-SUM($CV$6:CW$6)*$O24-SUM($CV$7:CW$7)*SUM($Y24:$Z24,$AF24)-SUM($CV$8:CW$8)*SUM($AA24:$AE24)-SUM($CV$9:CW$9)*$AG24 -> 0 | CX24: =SUM($BE24,$BF24:BG24)-SUM($CV$1:CX$1)*SUM($P24:$Q24,$W24)-SUM($CV$2:CX$2)*SUM($R24:$V24)-SUM($CV$3:CX$3)*$X24-SUM($CV$4:CX$4)*SUM($K24:$L24)-SUM($CV$5:CX$5)*SUM($M24:$N24)-SUM($CV$6:CX$6)*$O24-SUM($CV$7:CX$7)*SUM($Y24:$Z24,$AF24)-SUM($CV$8:CX$8)*SUM($AA24:$AE24)-SUM($CV$9:CX$9)*$AG24 -> 0 | CY24: =SUM($BE24,$BF24:BH24)-SUM($CV$1:CY$1)*SUM($P24:$Q24,$W24)-SUM($CV$2:CY$2)*SUM($R24:$V24)-SUM($CV$3:CY$3)*$X24-SUM($CV$4:CY$4)*SUM($K24:$L24)-SUM($CV$5:CY$5)*SUM($M24:$N24)-SUM($CV$6:CY$6)*$O24-SUM($CV$7:CY$7)*SUM($Y24:$Z24,$AF24)-SUM($CV$8:CY$8)*SUM($AA24:$AE24)-SUM($CV$9:CY$9)*$AG24 -> 0 | CZ24: =SUM($BE24,$BF24:BI24)-SUM($CV$1:CZ$1)*SUM($P24:$Q24,$W24)-SUM($CV$2:CZ$2)*SUM($R24:$V24)-SUM($CV$3:CZ$3)*$X24-SUM($CV$4:CZ$4)*SUM($K24:$L24)-SUM($CV$5:CZ$5)*SUM($M24:$N24)-SUM($CV$6:CZ$6)*$O24-SUM($CV$7:CZ$7)*SUM($Y24:$Z24,$AF24)-SUM($CV$8:CZ$8)*SUM($AA24:$AE24)-SUM($CV$9:CZ$9)*$AG24 -> 0 | DA24: =SUM($BE24,$BF24:BJ24)-SUM($CV$1:DA$1)*SUM($P24:$Q24,$W24)-SUM($CV$2:DA$2)*SUM($R24:$V24)-SUM($CV$3:DA$3)*$X24-SUM($CV$4:DA$4)*SUM($K24:$L24)-SUM($CV$5:DA$5)*SUM($M24:$N24)-SUM($CV$6:DA$6)*$O24-SUM($CV$7:DA$7)*SUM($Y24:$Z24,$AF24)-SUM($CV$8:DA$8)*SUM($AA24:$AE24)-SUM($CV$9:DA$9)*$AG24 -> 0 | DB24: =SUM($BE24,$BF24:BK24)-SUM($CV$1:DB$1)*SUM($P24:$Q24,$W24)-SUM($CV$2:DB$2)*SUM($R24:$V24)-SUM($CV$3:DB$3)*$X24-SUM($CV$4:DB$4)*SUM($K24:$L24)-SUM($CV$5:DB$5)*SUM($M24:$N24)-SUM($CV$6:DB$6)*$O24-SUM($CV$7:DB$7)*SUM($Y24:$Z24,$AF24)-SUM($CV$8:DB$8)*SUM($AA24:$AE24)-SUM($CV$9:DB$9)*$AG24 -> -200 | DC24: =SUM($BE24,$BF24:BL24)-SUM($CV$1:DC$1)*SUM($P24:$Q24,$W24)-SUM($CV$2:DC$2)*SUM($R24:$V24)-SUM($CV$3:DC$3)*$X24-SUM($CV$4:DC$4)*SUM($K24:$L24)-SUM($CV$5:DC$5)*SUM($M24:$N24)-SUM($CV$6:DC$6)*$O24-SUM($CV$7:DC$7)*SUM($Y24:$Z24,$AF24)-SUM($CV$8:DC$8)*SUM($AA24:$AE24)-SUM($CV$9:DC$9)*$AG24 -> -600 | DD24: =SUM($BE24,$BF24:BM24)-SUM($CV$1:DD$1)*SUM($P24:$Q24,$W24)-SUM($CV$2:DD$2)*SUM($R24:$V24)-SUM($CV$3:DD$3)*$X24-SUM($CV$4:DD$4)*SUM($K24:$L24)-SUM($CV$5:DD$5)*SUM($M24:$N24)-SUM($CV$6:DD$6)*$O24-SUM($CV$7:DD$7)*SUM($Y24:$Z24,$AF24)-SUM($CV$8:DD$8)*SUM($AA24:$AE24)-SUM($CV$9:DD$9)*$AG24 -> -1231 | ... EO24: =SUM($BE24,$BF24:CX24)-SUM($CV$1:EO$1)*SUM($P24:$Q24,$W24)-SUM($CV$2:EO$2)*SUM($R24:$V24)-SUM($CV$3:EO$3)*$X24-SUM($CV$4:EO$4)*SUM($K24:$L24)-SUM($CV$5:EO$5)*SUM($M24:$N24)-SUM($CV$6:EO$6)*$O24-SUM($CV$7:EO$7)*SUM($Y24:$Z24,$AF24)-SUM($CV$8:EO$8)*SUM($AA24:$AE24)-SUM($CV$9:EO$9)*$AG24 -> -35811 | EP24: ASSY | EQ24: =C24 -> 1093G277-001 | ER24: =AQ24 -> ASSY | ES24: =AU24 -> 0 | ET24: =AV24 -> 0 | EU24: =_xlfn.XLOOKUP(ET24,ET$3:ET$6,EU$3:EU$6,0) -> #NAME? | EV24: =ES24*EU24 -> #NAME? | EW24: =AN24 -> 1 | EX24: =AN24 -> 1 | EZ24: =MAX(EX24,CEILING(AM24+EY24,EW24)) -> 35453 | FA24: =EZ24*EV24 -> #NAME? | FB24: =EZ24-AM24 -> 0 | FC24: =FB24*EV24 -> #NAME? | FD24: 45523 | FE24: Sagi | FF24: ASSY | FI24: {=SUMPRODUCT($AI24:$AL24,TRANSPOSE(FI$1:FI$4))} -> 3065 | FJ24: {=SUMPRODUCT($AI24:$AL24,TRANSPOSE(FJ$1:FJ$4))} -> 3065 | FK24: {=SUMPRODUCT($AI24:$AL24,TRANSPOSE(FK$1:FK$4))} -> 3065 | FL24: {=SUMPRODUCT($AI24:$AL24,TRANSPOSE(FL$1:FL$4))} -> 3065 | FM24: {=SUMPRODUCT($AI24:$AL24,TRANSPOSE(FM$1:FM$4))} -> 3065 | FN24: {=SUMPRODUCT($AI24:$AL24,TRANSPOSE(FN$1:FN$4))} -> 3065 | FO24: {=SUMPRODUCT($AI24:$AL24,TRANSPOSE(FO$1:FO$4))} -> 3065 | FP24: {=SUMPRODUCT($AI24:$AL24,TRANSPOSE(FP$1:FP$4))} -> 3065 | ... FU24: {=SUMPRODUCT($AI24:$AL24,TRANSPOSE(FU$1:FU$4))} -> 0 | FW24: =CEILING(FI24,$EW24) -> 3065 | FX24: =CEILING(SUM($FI24:FJ24)-SUM($FW24:FW24),$EW24) -> 3065 | FY24: =CEILING(SUM($FI24:FK24)-SUM($FW24:FX24),$EW24) -> 3065 | FZ24: =CEILING(SUM($FI24:FL24)-SUM($FW24:FY24),$EW24) -> 3065 | GA24: =CEILING(SUM($FI24:FM24)-SUM($FW24:FZ24),$EW24) -> 3065 | GB24: =CEILING(SUM($FI24:FN24)-SUM($FW24:GA24),$EW24) -> 3065 | GC24: =CEILING(SUM($FI24:FO24)-SUM($FW24:GB24),$EW24) -> 3065 | GD24: =CEILING(SUM($FI24:FP24)-SUM($FW24:GC24),$EW24) -> 3065 | GE24: =CEILING(SUM($FI24:FQ24)-SUM($FW24:GD24),$EW24) -> 3065 | ... GG24: =CEILING(SUM($FI24:FS24)-SUM($FW24:GF24),$EW24) -> 3000 | GH24: =EZ24-SUM(FW24:GG24) -> 1818 | GI24: =EZ24-SUM(FW24:GH24) -> 0 | GK24: =FW24*$EV24 -> #NAME? | GL24: =FX24*$EV24 -> #NAME? | GM24: =FY24*$EV24 -> #NAME? | GN24: =FZ24*$EV24 -> #NAME? | GO24: =GA24*$EV24 -> #NAME? | GP24: =GB24*$EV24 -> #NAME? | GQ24: =GC24*$EV24 -> #NAME? | GR24: =GD24*$EV24 -> #NAME? | ... GW24: =GI24*$EV24 -> #NAME? | GX24: =SUM(GK24:GW24) -> #NAME? | HL24: =GI24 -> 0 | HN24: =GZ24*$EV24 -> #NAME? | HO24: =HA24*$EV24 -> #NAME? | HP24: =HB24*$EV24 -> #NAME? | HQ24: =HC24*$EV24 -> #NAME? | HR24: =HD24*$EV24 -> #NAME? | HS24: =HE24*$EV24 -> #NAME? | HT24: =HF24*$EV24 -> #NAME? | HU24: =HG24*$EV24 -> #NAME? | ... HZ24: =HL24*$EV24 -> #NAME? | IA24: =SUM(HN24:HZ24) -> #NAME? | IB24: LT01-013
A25: 15 | B25: LT01-014 | C25: 1093J361-002 | D25: A | E25: 404482032 | F25: SHIM 0.8MM | H25: AR | I25: 2 | J25: A/R | K25: 0 | L25: 0 | M25: 0 | N25: 0.05 | O25: 0 | P25: 0 | Q25: 0 | R25: 0 | S25: 0.05 | T25: 0 | U25: 0 | V25: 0 | W25: 0 | X25: 0 | Y25: 0 | Z25: 0 | AA25: 0 | AB25: 0.05 | AC25: 0 | AD25: 0 | AE25: 0 | AF25: 0 | AG25: 0 | AH25: =SUM(K25:AB25) -> 0.15 | AI25: =SUMPRODUCT($K$1:$AG$1,$K25:$AG25) -> 0.05 | AJ25: =SUMPRODUCT($K$2:$AG$2,$K25:$AG25) -> 0.05 | AK25: =SUMPRODUCT($K$3:$AG$3,$K25:$AG25) -> 0.05 | AL25: =SUMPRODUCT($K$4:$AG$4,$K25:$AG25) -> 0.1 | AM25: =SUMPRODUCT(K25:AG25,$K$6:$AG$6) -> 3534.05 | AN25: 1 | AO25: =CEILING(AM25,AN25) -> 3535 | AQ25: KIMOGRAF LTD | AR25: CHIMOGRAF | AU25: 9 | AV25: USD | AW25: Neama boskila | AX25: marketing2@chemograf.com | AZ25: 972.50.6705119 | BA25: =IC25 -> P0045 | BB25: =EV25 -> #NAME? | BC25: 9 | BD25: =EZ25 -> 3535 | CW25: =SUM($BE25,$BF25:BF25)-SUM($CV$1:CW$1)*SUM($P25:$Q25,$W25)-SUM($CV$2:CW$2)*SUM($R25:$V25)-SUM($CV$3:CW$3)*$X25-SUM($CV$4:CW$4)*SUM($K25:$L25)-SUM($CV$5:CW$5)*SUM($M25:$N25)-SUM($CV$6:CW$6)*$O25-SUM($CV$7:CW$7)*SUM($Y25:$Z25,$AF25)-SUM($CV$8:CW$8)*SUM($AA25:$AE25)-SUM($CV$9:CW$9)*$AG25 -> 0 | CX25: =SUM($BE25,$BF25:BG25)-SUM($CV$1:CX$1)*SUM($P25:$Q25,$W25)-SUM($CV$2:CX$2)*SUM($R25:$V25)-SUM($CV$3:CX$3)*$X25-SUM($CV$4:CX$4)*SUM($K25:$L25)-SUM($CV$5:CX$5)*SUM($M25:$N25)-SUM($CV$6:CX$6)*$O25-SUM($CV$7:CX$7)*SUM($Y25:$Z25,$AF25)-SUM($CV$8:CX$8)*SUM($AA25:$AE25)-SUM($CV$9:CX$9)*$AG25 -> 0 | CY25: =SUM($BE25,$BF25:BH25)-SUM($CV$1:CY$1)*SUM($P25:$Q25,$W25)-SUM($CV$2:CY$2)*SUM($R25:$V25)-SUM($CV$3:CY$3)*$X25-SUM($CV$4:CY$4)*SUM($K25:$L25)-SUM($CV$5:CY$5)*SUM($M25:$N25)-SUM($CV$6:CY$6)*$O25-SUM($CV$7:CY$7)*SUM($Y25:$Z25,$AF25)-SUM($CV$8:CY$8)*SUM($AA25:$AE25)-SUM($CV$9:CY$9)*$AG25 -> 0 | CZ25: =SUM($BE25,$BF25:BI25)-SUM($CV$1:CZ$1)*SUM($P25:$Q25,$W25)-SUM($CV$2:CZ$2)*SUM($R25:$V25)-SUM($CV$3:CZ$3)*$X25-SUM($CV$4:CZ$4)*SUM($K25:$L25)-SUM($CV$5:CZ$5)*SUM($M25:$N25)-SUM($CV$6:CZ$6)*$O25-SUM($CV$7:CZ$7)*SUM($Y25:$Z25,$AF25)-SUM($CV$8:CZ$8)*SUM($AA25:$AE25)-SUM($CV$9:CZ$9)*$AG25 -> 0 | DA25: =SUM($BE25,$BF25:BJ25)-SUM($CV$1:DA$1)*SUM($P25:$Q25,$W25)-SUM($CV$2:DA$2)*SUM($R25:$V25)-SUM($CV$3:DA$3)*$X25-SUM($CV$4:DA$4)*SUM($K25:$L25)-SUM($CV$5:DA$5)*SUM($M25:$N25)-SUM($CV$6:DA$6)*$O25-SUM($CV$7:DA$7)*SUM($Y25:$Z25,$AF25)-SUM($CV$8:DA$8)*SUM($AA25:$AE25)-SUM($CV$9:DA$9)*$AG25 -> 0 | DB25: =SUM($BE25,$BF25:BK25)-SUM($CV$1:DB$1)*SUM($P25:$Q25,$W25)-SUM($CV$2:DB$2)*SUM($R25:$V25)-SUM($CV$3:DB$3)*$X25-SUM($CV$4:DB$4)*SUM($K25:$L25)-SUM($CV$5:DB$5)*SUM($M25:$N25)-SUM($CV$6:DB$6)*$O25-SUM($CV$7:DB$7)*SUM($Y25:$Z25,$AF25)-SUM($CV$8:DB$8)*SUM($AA25:$AE25)-SUM($CV$9:DB$9)*$AG25 -> -15 | DC25: =SUM($BE25,$BF25:BL25)-SUM($CV$1:DC$1)*SUM($P25:$Q25,$W25)-SUM($CV$2:DC$2)*SUM($R25:$V25)-SUM($CV$3:DC$3)*$X25-SUM($CV$4:DC$4)*SUM($K25:$L25)-SUM($CV$5:DC$5)*SUM($M25:$N25)-SUM($CV$6:DC$6)*$O25-SUM($CV$7:DC$7)*SUM($Y25:$Z25,$AF25)-SUM($CV$8:DC$8)*SUM($AA25:$AE25)-SUM($CV$9:DC$9)*$AG25 -> -45 | DD25: =SUM($BE25,$BF25:BM25)-SUM($CV$1:DD$1)*SUM($P25:$Q25,$W25)-SUM($CV$2:DD$2)*SUM($R25:$V25)-SUM($CV$3:DD$3)*$X25-SUM($CV$4:DD$4)*SUM($K25:$L25)-SUM($CV$5:DD$5)*SUM($M25:$N25)-SUM($CV$6:DD$6)*$O25-SUM($CV$7:DD$7)*SUM($Y25:$Z25,$AF25)-SUM($CV$8:DD$8)*SUM($AA25:$AE25)-SUM($CV$9:DD$9)*$AG25 -> -91.55 | ... EO25: =SUM($BE25,$BF25:CX25)-SUM($CV$1:EO$1)*SUM($P25:$Q25,$W25)-SUM($CV$2:EO$2)*SUM($R25:$V25)-SUM($CV$3:EO$3)*$X25-SUM($CV$4:EO$4)*SUM($K25:$L25)-SUM($CV$5:EO$5)*SUM($M25:$N25)-SUM($CV$6:EO$6)*$O25-SUM($CV$7:EO$7)*SUM($Y25:$Z25,$AF25)-SUM($CV$8:EO$8)*SUM($AA25:$AE25)-SUM($CV$9:EO$9)*$AG25 -> -3529.45 | EP25: CHEMOGRAF | EQ25: =C25 -> 1093J361-002 | ER25: =AQ25 -> KIMOGRAF LTD | ES25: =AU25 -> 9 | ET25: =AV25 -> USD | EU25: =_xlfn.XLOOKUP(ET25,ET$3:ET$6,EU$3:EU$6,0) -> #NAME? | EV25: =ES25*EU25 -> #NAME? | EW25: =AN25 -> 1 | EX25: =AN25 -> 1 | EZ25: =MAX(EX25,CEILING(AM25+EY25,EW25)) -> 3535 | FA25: =EZ25*EV25 -> #NAME? | FB25: =EZ25-AM25 -> 0.95 | FC25: =FB25*EV25 -> #NAME? | FD25: 45523 | FE25: Sagi | FF25: Consumable-ordered partially | FG25: Y | FH25: RNSE | FI25: {=SUMPRODUCT($AI25:$AL25,TRANSPOSE(FI$1:FI$4))} -> 303.25 | FJ25: {=SUMPRODUCT($AI25:$AL25,TRANSPOSE(FJ$1:FJ$4))} -> 303.25 | FK25: {=SUMPRODUCT($AI25:$AL25,TRANSPOSE(FK$1:FK$4))} -> 303.25 | FL25: {=SUMPRODUCT($AI25:$AL25,TRANSPOSE(FL$1:FL$4))} -> 303.25 | FM25: {=SUMPRODUCT($AI25:$AL25,TRANSPOSE(FM$1:FM$4))} -> 303.25 | FN25: {=SUMPRODUCT($AI25:$AL25,TRANSPOSE(FN$1:FN$4))} -> 303.25 | FO25: {=SUMPRODUCT($AI25:$AL25,TRANSPOSE(FO$1:FO$4))} -> 303.25 | FP25: {=SUMPRODUCT($AI25:$AL25,TRANSPOSE(FP$1:FP$4))} -> 303.25 | ... FU25: {=SUMPRODUCT($AI25:$AL25,TRANSPOSE(FU$1:FU$4))} -> 0 | FW25: =CEILING(FI25,$EW25) -> 304 | FX25: =CEILING(SUM($FI25:FJ25)-SUM($FW25:FW25),$EW25) -> 303 | FY25: =CEILING(SUM($FI25:FK25)-SUM($FW25:FX25),$EW25) -> 303 | FZ25: =CEILING(SUM($FI25:FL25)-SUM($FW25:FY25),$EW25) -> 303 | GA25: =CEILING(SUM($FI25:FM25)-SUM($FW25:FZ25),$EW25) -> 304 | GB25: =CEILING(SUM($FI25:FN25)-SUM($FW25:GA25),$EW25) -> 303 | GC25: =CEILING(SUM($FI25:FO25)-SUM($FW25:GB25),$EW25) -> 303 | GD25: =CEILING(SUM($FI25:FP25)-SUM($FW25:GC25),$EW25) -> 303 | GE25: =CEILING(SUM($FI25:FQ25)-SUM($FW25:GD25),$EW25) -> 304 | ... GG25: =CEILING(SUM($FI25:FS25)-SUM($FW25:GF25),$EW25) -> 300 | GH25: =EZ25-SUM(FW25:GG25) -> 203 | GI25: =EZ25-SUM(FW25:GH25) -> 0 | GK25: =FW25*$EV25 -> #NAME? | GL25: =FX25*$EV25 -> #NAME? | GM25: =FY25*$EV25 -> #NAME? | GN25: =FZ25*$EV25 -> #NAME? | GO25: =GA25*$EV25 -> #NAME? | GP25: =GB25*$EV25 -> #NAME? | GQ25: =GC25*$EV25 -> #NAME? | GR25: =GD25*$EV25 -> #NAME? | ... GW25: =GI25*$EV25 -> #NAME? | GX25: =SUM(GK25:GW25) -> #NAME? | GY25: 2 | GZ25: =SUM(FW25:GB25) -> 1820 | HF25: =SUM(GC25:GI25) -> 1715 | HN25: =GZ25*$EV25 -> #NAME? | HO25: =HA25*$EV25 -> #NAME? | HP25: =HB25*$EV25 -> #NAME? | HQ25: =HC25*$EV25 -> #NAME? | HR25: =HD25*$EV25 -> #NAME? | HS25: =HE25*$EV25 -> #NAME? | HT25: =HF25*$EV25 -> #NAME? | HU25: =HG25*$EV25 -> #NAME? | ... HZ25: =HL25*$EV25 -> #NAME? | IA25: =SUM(HN25:HZ25) -> #NAME? | IB25: LT01-014 | IC25: P0045 | ID25: 45546 | IE25: No | IF25: Yes | IG25: No
A26: 16 | B26: LT01-015 | C26: 1093J364-002 | D26: A | E26: 404482035 | F26: SHIM 1.2MM | H26: AR | I26: 2 | J26: A/R | K26: 0 | L26: 0 | M26: 0 | N26: 0 | O26: 0 | P26: 0 | Q26: 0 | R26: 0 | S26: 0.05 | T26: 0 | U26: 0 | V26: 0 | W26: 0 | X26: 0 | Y26: 0 | Z26: 0 | AA26: 0 | AB26: 0.05 | AC26: 0 | AD26: 0 | AE26: 0 | AF26: 0 | AG26: 0 | AH26: =SUM(K26:AB26) -> 0.1 | AI26: =SUMPRODUCT($K$1:$AG$1,$K26:$AG26) -> 0 | AJ26: =SUMPRODUCT($K$2:$AG$2,$K26:$AG26) -> 0.05 | AK26: =SUMPRODUCT($K$3:$AG$3,$K26:$AG26) -> 0.05 | AL26: =SUMPRODUCT($K$4:$AG$4,$K26:$AG26) -> 0.05 | AM26: =SUMPRODUCT(K26:AG26,$K$6:$AG$6) -> 1772.65 | AN26: 1 | AO26: =CEILING(AM26,AN26) -> 1773 | AQ26: KIMOGRAF LTD | AR26: CHIMOGRAF | AU26: 10 | AV26: USD | AW26: Neama boskila | AX26: marketing2@chemograf.com | AZ26: 972.50.6705119 | BA26: =IC26 -> P0045 | BB26: =EV26 -> #NAME? | BC26: 9 | BD26: =EZ26 -> 1773 | CW26: =SUM($BE26,$BF26:BF26)-SUM($CV$1:CW$1)*SUM($P26:$Q26,$W26)-SUM($CV$2:CW$2)*SUM($R26:$V26)-SUM($CV$3:CW$3)*$X26-SUM($CV$4:CW$4)*SUM($K26:$L26)-SUM($CV$5:CW$5)*SUM($M26:$N26)-SUM($CV$6:CW$6)*$O26-SUM($CV$7:CW$7)*SUM($Y26:$Z26,$AF26)-SUM($CV$8:CW$8)*SUM($AA26:$AE26)-SUM($CV$9:CW$9)*$AG26 -> 0 | CX26: =SUM($BE26,$BF26:BG26)-SUM($CV$1:CX$1)*SUM($P26:$Q26,$W26)-SUM($CV$2:CX$2)*SUM($R26:$V26)-SUM($CV$3:CX$3)*$X26-SUM($CV$4:CX$4)*SUM($K26:$L26)-SUM($CV$5:CX$5)*SUM($M26:$N26)-SUM($CV$6:CX$6)*$O26-SUM($CV$7:CX$7)*SUM($Y26:$Z26,$AF26)-SUM($CV$8:CX$8)*SUM($AA26:$AE26)-SUM($CV$9:CX$9)*$AG26 -> 0 | CY26: =SUM($BE26,$BF26:BH26)-SUM($CV$1:CY$1)*SUM($P26:$Q26,$W26)-SUM($CV$2:CY$2)*SUM($R26:$V26)-SUM($CV$3:CY$3)*$X26-SUM($CV$4:CY$4)*SUM($K26:$L26)-SUM($CV$5:CY$5)*SUM($M26:$N26)-SUM($CV$6:CY$6)*$O26-SUM($CV$7:CY$7)*SUM($Y26:$Z26,$AF26)-SUM($CV$8:CY$8)*SUM($AA26:$AE26)-SUM($CV$9:CY$9)*$AG26 -> 0 | CZ26: =SUM($BE26,$BF26:BI26)-SUM($CV$1:CZ$1)*SUM($P26:$Q26,$W26)-SUM($CV$2:CZ$2)*SUM($R26:$V26)-SUM($CV$3:CZ$3)*$X26-SUM($CV$4:CZ$4)*SUM($K26:$L26)-SUM($CV$5:CZ$5)*SUM($M26:$N26)-SUM($CV$6:CZ$6)*$O26-SUM($CV$7:CZ$7)*SUM($Y26:$Z26,$AF26)-SUM($CV$8:CZ$8)*SUM($AA26:$AE26)-SUM($CV$9:CZ$9)*$AG26 -> 0 | DA26: =SUM($BE26,$BF26:BJ26)-SUM($CV$1:DA$1)*SUM($P26:$Q26,$W26)-SUM($CV$2:DA$2)*SUM($R26:$V26)-SUM($CV$3:DA$3)*$X26-SUM($CV$4:DA$4)*SUM($K26:$L26)-SUM($CV$5:DA$5)*SUM($M26:$N26)-SUM($CV$6:DA$6)*$O26-SUM($CV$7:DA$7)*SUM($Y26:$Z26,$AF26)-SUM($CV$8:DA$8)*SUM($AA26:$AE26)-SUM($CV$9:DA$9)*$AG26 -> 0 | DB26: =SUM($BE26,$BF26:BK26)-SUM($CV$1:DB$1)*SUM($P26:$Q26,$W26)-SUM($CV$2:DB$2)*SUM($R26:$V26)-SUM($CV$3:DB$3)*$X26-SUM($CV$4:DB$4)*SUM($K26:$L26)-SUM($CV$5:DB$5)*SUM($M26:$N26)-SUM($CV$6:DB$6)*$O26-SUM($CV$7:DB$7)*SUM($Y26:$Z26,$AF26)-SUM($CV$8:DB$8)*SUM($AA26:$AE26)-SUM($CV$9:DB$9)*$AG26 -> -10 | DC26: =SUM($BE26,$BF26:BL26)-SUM($CV$1:DC$1)*SUM($P26:$Q26,$W26)-SUM($CV$2:DC$2)*SUM($R26:$V26)-SUM($CV$3:DC$3)*$X26-SUM($CV$4:DC$4)*SUM($K26:$L26)-SUM($CV$5:DC$5)*SUM($M26:$N26)-SUM($CV$6:DC$6)*$O26-SUM($CV$7:DC$7)*SUM($Y26:$Z26,$AF26)-SUM($CV$8:DC$8)*SUM($AA26:$AE26)-SUM($CV$9:DC$9)*$AG26 -> -30 | DD26: =SUM($BE26,$BF26:BM26)-SUM($CV$1:DD$1)*SUM($P26:$Q26,$W26)-SUM($CV$2:DD$2)*SUM($R26:$V26)-SUM($CV$3:DD$3)*$X26-SUM($CV$4:DD$4)*SUM($K26:$L26)-SUM($CV$5:DD$5)*SUM($M26:$N26)-SUM($CV$6:DD$6)*$O26-SUM($CV$7:DD$7)*SUM($Y26:$Z26,$AF26)-SUM($CV$8:DD$8)*SUM($AA26:$AE26)-SUM($CV$9:DD$9)*$AG26 -> -61.55 | ... EO26: =SUM($BE26,$BF26:CX26)-SUM($CV$1:EO$1)*SUM($P26:$Q26,$W26)-SUM($CV$2:EO$2)*SUM($R26:$V26)-SUM($CV$3:EO$3)*$X26-SUM($CV$4:EO$4)*SUM($K26:$L26)-SUM($CV$5:EO$5)*SUM($M26:$N26)-SUM($CV$6:EO$6)*$O26-SUM($CV$7:EO$7)*SUM($Y26:$Z26,$AF26)-SUM($CV$8:EO$8)*SUM($AA26:$AE26)-SUM($CV$9:EO$9)*$AG26 -> -1790.55 | EP26: CHEMOGRAF | EQ26: =C26 -> 1093J364-002 | ER26: =AQ26 -> KIMOGRAF LTD | ES26: =AU26 -> 10 | ET26: =AV26 -> USD | EU26: =_xlfn.XLOOKUP(ET26,ET$3:ET$6,EU$3:EU$6,0) -> #NAME? | EV26: =ES26*EU26 -> #NAME? | EW26: =AN26 -> 1 | EX26: =AN26 -> 1 | EZ26: =MAX(EX26,CEILING(AM26+EY26,EW26)) -> 1773 | FA26: =EZ26*EV26 -> #NAME? | FB26: =EZ26-AM26 -> 0.35 | FC26: =FB26*EV26 -> #NAME? | FD26: 45523 | FE26: Sagi | FF26: Consumable-ordered partially | FG26: Y | FH26: RNSE | FI26: {=SUMPRODUCT($AI26:$AL26,TRANSPOSE(FI$1:FI$4))} -> 153.25 | FJ26: {=SUMPRODUCT($AI26:$AL26,TRANSPOSE(FJ$1:FJ$4))} -> 153.25 | FK26: {=SUMPRODUCT($AI26:$AL26,TRANSPOSE(FK$1:FK$4))} -> 153.25 | FL26: {=SUMPRODUCT($AI26:$AL26,TRANSPOSE(FL$1:FL$4))} -> 153.25 | FM26: {=SUMPRODUCT($AI26:$AL26,TRANSPOSE(FM$1:FM$4))} -> 153.25 | FN26: {=SUMPRODUCT($AI26:$AL26,TRANSPOSE(FN$1:FN$4))} -> 153.25 | FO26: {=SUMPRODUCT($AI26:$AL26,TRANSPOSE(FO$1:FO$4))} -> 153.25 | FP26: {=SUMPRODUCT($AI26:$AL26,TRANSPOSE(FP$1:FP$4))} -> 153.25 | ... FU26: {=SUMPRODUCT($AI26:$AL26,TRANSPOSE(FU$1:FU$4))} -> 0 | FW26: =CEILING(FI26,$EW26) -> 154 | FX26: =CEILING(SUM($FI26:FJ26)-SUM($FW26:FW26),$EW26) -> 153 | FY26: =CEILING(SUM($FI26:FK26)-SUM($FW26:FX26),$EW26) -> 153 | FZ26: =CEILING(SUM($FI26:FL26)-SUM($FW26:FY26),$EW26) -> 153 | GA26: =CEILING(SUM($FI26:FM26)-SUM($FW26:FZ26),$EW26) -> 154 | GB26: =CEILING(SUM($FI26:FN26)-SUM($FW26:GA26),$EW26) -> 153 | GC26: =CEILING(SUM($FI26:FO26)-SUM($FW26:GB26),$EW26) -> 153 | GD26: =CEILING(SUM($FI26:FP26)-SUM($FW26:GC26),$EW26) -> 153 | GE26: =CEILING(SUM($FI26:FQ26)-SUM($FW26:GD26),$EW26) -> 154 | ... GG26: =CEILING(SUM($FI26:FS26)-SUM($FW26:GF26),$EW26) -> 150 | GH26: =EZ26-SUM(FW26:GG26) -> 91 | GI26: =EZ26-SUM(FW26:GH26) -> 0 | GK26: =FW26*$EV26 -> #NAME? | GL26: =FX26*$EV26 -> #NAME? | GM26: =FY26*$EV26 -> #NAME? | GN26: =FZ26*$EV26 -> #NAME? | GO26: =GA26*$EV26 -> #NAME? | GP26: =GB26*$EV26 -> #NAME? | GQ26: =GC26*$EV26 -> #NAME? | GR26: =GD26*$EV26 -> #NAME? | ... GW26: =GI26*$EV26 -> #NAME? | GX26: =SUM(GK26:GW26) -> #NAME? | GY26: 1 | GZ26: =SUM(FW26:GI26) -> 1773 | HL26: =GI26 -> 0 | HN26: =GZ26*$EV26 -> #NAME? | HO26: =HA26*$EV26 -> #NAME? | HP26: =HB26*$EV26 -> #NAME? | HQ26: =HC26*$EV26 -> #NAME? | HR26: =HD26*$EV26 -> #NAME? | HS26: =HE26*$EV26 -> #NAME? | HT26: =HF26*$EV26 -> #NAME? | HU26: =HG26*$EV26 -> #NAME? | ... HZ26: =HL26*$EV26 -> #NAME? | IA26: =SUM(HN26:HZ26) -> #NAME? | IB26: LT01-015 | IC26: P0045 | ID26: 45546 | IE26: No | IF26: Yes | IG26: No
A27: 17 | B27: LT01-016 | C27: 1093J365-002 | D27: A | E27: 404488392 | F27: SHIM 2.0MM | H27: AR | I27: 2 | J27: A/R | K27: 0 | L27: 0 | M27: 0 | N27: 0 | O27: 0 | P27: 0 | Q27: 0 | R27: 0 | S27: 0.05 | T27: 0 | U27: 0 | V27: 0 | W27: 0 | X27: 0 | Y27: 0 | Z27: 0 | AA27: 0 | AB27: 0.05 | AC27: 0 | AD27: 0 | AE27: 0 | AF27: 0 | AG27: 0 | AH27: =SUM(K27:AB27) -> 0.1 | AI27: =SUMPRODUCT($K$1:$AG$1,$K27:$AG27) -> 0 | AJ27: =SUMPRODUCT($K$2:$AG$2,$K27:$AG27) -> 0.05 | AK27: =SUMPRODUCT($K$3:$AG$3,$K27:$AG27) -> 0.05 | AL27: =SUMPRODUCT($K$4:$AG$4,$K27:$AG27) -> 0.05 | AM27: =SUMPRODUCT(K27:AG27,$K$6:$AG$6) -> 1772.65 | AN27: 1 | AO27: =CEILING(AM27,AN27) -> 1773 | AQ27: KIMOGRAF LTD | AR27: CHIMOGRAF | AU27: 10 | AV27: USD | AW27: Neama boskila | AX27: marketing2@chemograf.com | AZ27: 972.50.6705119 | BA27: =IC27 -> P0045 | BB27: =EV27 -> #NAME? | BC27: 9 | BD27: =EZ27 -> 1773 | CW27: =SUM($BE27,$BF27:BF27)-SUM($CV$1:CW$1)*SUM($P27:$Q27,$W27)-SUM($CV$2:CW$2)*SUM($R27:$V27)-SUM($CV$3:CW$3)*$X27-SUM($CV$4:CW$4)*SUM($K27:$L27)-SUM($CV$5:CW$5)*SUM($M27:$N27)-SUM($CV$6:CW$6)*$O27-SUM($CV$7:CW$7)*SUM($Y27:$Z27,$AF27)-SUM($CV$8:CW$8)*SUM($AA27:$AE27)-SUM($CV$9:CW$9)*$AG27 -> 0 | CX27: =SUM($BE27,$BF27:BG27)-SUM($CV$1:CX$1)*SUM($P27:$Q27,$W27)-SUM($CV$2:CX$2)*SUM($R27:$V27)-SUM($CV$3:CX$3)*$X27-SUM($CV$4:CX$4)*SUM($K27:$L27)-SUM($CV$5:CX$5)*SUM($M27:$N27)-SUM($CV$6:CX$6)*$O27-SUM($CV$7:CX$7)*SUM($Y27:$Z27,$AF27)-SUM($CV$8:CX$8)*SUM($AA27:$AE27)-SUM($CV$9:CX$9)*$AG27 -> 0 | CY27: =SUM($BE27,$BF27:BH27)-SUM($CV$1:CY$1)*SUM($P27:$Q27,$W27)-SUM($CV$2:CY$2)*SUM($R27:$V27)-SUM($CV$3:CY$3)*$X27-SUM($CV$4:CY$4)*SUM($K27:$L27)-SUM($CV$5:CY$5)*SUM($M27:$N27)-SUM($CV$6:CY$6)*$O27-SUM($CV$7:CY$7)*SUM($Y27:$Z27,$AF27)-SUM($CV$8:CY$8)*SUM($AA27:$AE27)-SUM($CV$9:CY$9)*$AG27 -> 0 | CZ27: =SUM($BE27,$BF27:BI27)-SUM($CV$1:CZ$1)*SUM($P27:$Q27,$W27)-SUM($CV$2:CZ$2)*SUM($R27:$V27)-SUM($CV$3:CZ$3)*$X27-SUM($CV$4:CZ$4)*SUM($K27:$L27)-SUM($CV$5:CZ$5)*SUM($M27:$N27)-SUM($CV$6:CZ$6)*$O27-SUM($CV$7:CZ$7)*SUM($Y27:$Z27,$AF27)-SUM($CV$8:CZ$8)*SUM($AA27:$AE27)-SUM($CV$9:CZ$9)*$AG27 -> 0 | DA27: =SUM($BE27,$BF27:BJ27)-SUM($CV$1:DA$1)*SUM($P27:$Q27,$W27)-SUM($CV$2:DA$2)*SUM($R27:$V27)-SUM($CV$3:DA$3)*$X27-SUM($CV$4:DA$4)*SUM($K27:$L27)-SUM($CV$5:DA$5)*SUM($M27:$N27)-SUM($CV$6:DA$6)*$O27-SUM($CV$7:DA$7)*SUM($Y27:$Z27,$AF27)-SUM($CV$8:DA$8)*SUM($AA27:$AE27)-SUM($CV$9:DA$9)*$AG27 -> 0 | DB27: =SUM($BE27,$BF27:BK27)-SUM($CV$1:DB$1)*SUM($P27:$Q27,$W27)-SUM($CV$2:DB$2)*SUM($R27:$V27)-SUM($CV$3:DB$3)*$X27-SUM($CV$4:DB$4)*SUM($K27:$L27)-SUM($CV$5:DB$5)*SUM($M27:$N27)-SUM($CV$6:DB$6)*$O27-SUM($CV$7:DB$7)*SUM($Y27:$Z27,$AF27)-SUM($CV$8:DB$8)*SUM($AA27:$AE27)-SUM($CV$9:DB$9)*$AG27 -> -10 | DC27: =SUM($BE27,$BF27:BL27)-SUM($CV$1:DC$1)*SUM($P27:$Q27,$W27)-SUM($CV$2:DC$2)*SUM($R27:$V27)-SUM($CV$3:DC$3)*$X27-SUM($CV$4:DC$4)*SUM($K27:$L27)-SUM($CV$5:DC$5)*SUM($M27:$N27)-SUM($CV$6:DC$6)*$O27-SUM($CV$7:DC$7)*SUM($Y27:$Z27,$AF27)-SUM($CV$8:DC$8)*SUM($AA27:$AE27)-SUM($CV$9:DC$9)*$AG27 -> -30 | DD27: =SUM($BE27,$BF27:BM27)-SUM($CV$1:DD$1)*SUM($P27:$Q27,$W27)-SUM($CV$2:DD$2)*SUM($R27:$V27)-SUM($CV$3:DD$3)*$X27-SUM($CV$4:DD$4)*SUM($K27:$L27)-SUM($CV$5:DD$5)*SUM($M27:$N27)-SUM($CV$6:DD$6)*$O27-SUM($CV$7:DD$7)*SUM($Y27:$Z27,$AF27)-SUM($CV$8:DD$8)*SUM($AA27:$AE27)-SUM($CV$9:DD$9)*$AG27 -> -61.55 | ... EO27: =SUM($BE27,$BF27:CX27)-SUM($CV$1:EO$1)*SUM($P27:$Q27,$W27)-SUM($CV$2:EO$2)*SUM($R27:$V27)-SUM($CV$3:EO$3)*$X27-SUM($CV$4:EO$4)*SUM($K27:$L27)-SUM($CV$5:EO$5)*SUM($M27:$N27)-SUM($CV$6:EO$6)*$O27-SUM($CV$7:EO$7)*SUM($Y27:$Z27,$AF27)-SUM($CV$8:EO$8)*SUM($AA27:$AE27)-SUM($CV$9:EO$9)*$AG27 -> -1790.55 | EP27: CHEMOGRAF | EQ27: =C27 -> 1093J365-002 | ER27: =AQ27 -> KIMOGRAF LTD | ES27: =AU27 -> 10 | ET27: =AV27 -> USD | EU27: =_xlfn.XLOOKUP(ET27,ET$3:ET$6,EU$3:EU$6,0) -> #NAME? | EV27: =ES27*EU27 -> #NAME? | EW27: =AN27 -> 1 | EX27: =AN27 -> 1 | EZ27: =MAX(EX27,CEILING(AM27+EY27,EW27)) -> 1773 | FA27: =EZ27*EV27 -> #NAME? | FB27: =EZ27-AM27 -> 0.35 | FC27: =FB27*EV27 -> #NAME? | FD27: 45523 | FE27: Sagi | FF27: Consumable-ordered partially | FG27: Y | FH27: RNSE | FI27: {=SUMPRODUCT($AI27:$AL27,TRANSPOSE(FI$1:FI$4))} -> 153.25 | FJ27: {=SUMPRODUCT($AI27:$AL27,TRANSPOSE(FJ$1:FJ$4))} -> 153.25 | FK27: {=SUMPRODUCT($AI27:$AL27,TRANSPOSE(FK$1:FK$4))} -> 153.25 | FL27: {=SUMPRODUCT($AI27:$AL27,TRANSPOSE(FL$1:FL$4))} -> 153.25 | FM27: {=SUMPRODUCT($AI27:$AL27,TRANSPOSE(FM$1:FM$4))} -> 153.25 | FN27: {=SUMPRODUCT($AI27:$AL27,TRANSPOSE(FN$1:FN$4))} -> 153.25 | FO27: {=SUMPRODUCT($AI27:$AL27,TRANSPOSE(FO$1:FO$4))} -> 153.25 | FP27: {=SUMPRODUCT($AI27:$AL27,TRANSPOSE(FP$1:FP$4))} -> 153.25 | ... FU27: {=SUMPRODUCT($AI27:$AL27,TRANSPOSE(FU$1:FU$4))} -> 0 | FW27: =CEILING(FI27,$EW27) -> 154 | FX27: =CEILING(SUM($FI27:FJ27)-SUM($FW27:FW27),$EW27) -> 153 | FY27: =CEILING(SUM($FI27:FK27)-SUM($FW27:FX27),$EW27) -> 153 | FZ27: =CEILING(SUM($FI27:FL27)-SUM($FW27:FY27),$EW27) -> 153 | GA27: =CEILING(SUM($FI27:FM27)-SUM($FW27:FZ27),$EW27) -> 154 | GB27: =CEILING(SUM($FI27:FN27)-SUM($FW27:GA27),$EW27) -> 153 | GC27: =CEILING(SUM($FI27:FO27)-SUM($FW27:GB27),$EW27) -> 153 | GD27: =CEILING(SUM($FI27:FP27)-SUM($FW27:GC27),$EW27) -> 153 | GE27: =CEILING(SUM($FI27:FQ27)-SUM($FW27:GD27),$EW27) -> 154 | ... GG27: =CEILING(SUM($FI27:FS27)-SUM($FW27:GF27),$EW27) -> 150 | GH27: =EZ27-SUM(FW27:GG27) -> 91 | GI27: =EZ27-SUM(FW27:GH27) -> 0 | GK27: =FW27*$EV27 -> #NAME? | GL27: =FX27*$EV27 -> #NAME? | GM27: =FY27*$EV27 -> #NAME? | GN27: =FZ27*$EV27 -> #NAME? | GO27: =GA27*$EV27 -> #NAME? | GP27: =GB27*$EV27 -> #NAME? | GQ27: =GC27*$EV27 -> #NAME? | GR27: =GD27*$EV27 -> #NAME? | ... GW27: =GI27*$EV27 -> #NAME? | GX27: =SUM(GK27:GW27) -> #NAME? | GY27: 1 | GZ27: =SUM(FW27:GI27) -> 1773 | HL27: =GI27 -> 0 | HN27: =GZ27*$EV27 -> #NAME? | HO27: =HA27*$EV27 -> #NAME? | HP27: =HB27*$EV27 -> #NAME? | HQ27: =HC27*$EV27 -> #NAME? | HR27: =HD27*$EV27 -> #NAME? | HS27: =HE27*$EV27 -> #NAME? | HT27: =HF27*$EV27 -> #NAME? | HU27: =HG27*$EV27 -> #NAME? | ... HZ27: =HL27*$EV27 -> #NAME? | IA27: =SUM(HN27:HZ27) -> #NAME? | IB27: LT01-016 | IC27: P0045 | ID27: 45546 | IE27: No | IF27: Yes | IG27: No
A28: 20 | B28: LT01-275 | C28: 1093L791-001 | D28: A | E28: 401321735 | F28: CERAMIC FILTER | H28: EA | I28: 1 | J28: 2 | K28: 0 | L28: 0 | M28: 0 | N28: 0 | O28: 0 | P28: 0 | Q28: 0 | R28: 0 | S28: 0 | T28: 0 | U28: 0 | V28: 0 | W28: 0 | X28: 0 | Y28: 0 | Z28: 0 | AA28: 0 | AB28: 2 | AC28: 0 | AD28: 0 | AE28: 0 | AF28: 0 | AG28: 0 | AH28: =SUM(K28:AB28) -> 2 | AI28: =SUMPRODUCT($K$1:$AG$1,$K28:$AG28) -> 0 | AJ28: =SUMPRODUCT($K$2:$AG$2,$K28:$AG28) -> 0 | AK28: =SUMPRODUCT($K$3:$AG$3,$K28:$AG28) -> 2 | AL28: =SUMPRODUCT($K$4:$AG$4,$K28:$AG28) -> 0 | AM28: =SUMPRODUCT(K28:AG28,$K$6:$AG$6) -> 1270 | AN28: 1 | AO28: =CEILING(AM28,AN28) -> 1270 | AQ28: SAWNICS/REMTEC | AR28: REMTEC | AU28: 4.58 | AV28: USD | AW28: ITAY COHEN | AX28: itay@impactel.co.il | AZ28: 972-50-339-9574 | BA28: =IC28 -> P0018 | BB28: =EV28 -> #NAME? | BD28: =EZ28 -> 1280 | CW28: =SUM($BE28,$BF28:BF28)-SUM($CV$1:CW$1)*SUM($P28:$Q28,$W28)-SUM($CV$2:CW$2)*SUM($R28:$V28)-SUM($CV$3:CW$3)*$X28-SUM($CV$4:CW$4)*SUM($K28:$L28)-SUM($CV$5:CW$5)*SUM($M28:$N28)-SUM($CV$6:CW$6)*$O28-SUM($CV$7:CW$7)*SUM($Y28:$Z28,$AF28)-SUM($CV$8:CW$8)*SUM($AA28:$AE28)-SUM($CV$9:CW$9)*$AG28 -> 0 | CX28: =SUM($BE28,$BF28:BG28)-SUM($CV$1:CX$1)*SUM($P28:$Q28,$W28)-SUM($CV$2:CX$2)*SUM($R28:$V28)-SUM($CV$3:CX$3)*$X28-SUM($CV$4:CX$4)*SUM($K28:$L28)-SUM($CV$5:CX$5)*SUM($M28:$N28)-SUM($CV$6:CX$6)*$O28-SUM($CV$7:CX$7)*SUM($Y28:$Z28,$AF28)-SUM($CV$8:CX$8)*SUM($AA28:$AE28)-SUM($CV$9:CX$9)*$AG28 -> 0 | CY28: =SUM($BE28,$BF28:BH28)-SUM($CV$1:CY$1)*SUM($P28:$Q28,$W28)-SUM($CV$2:CY$2)*SUM($R28:$V28)-SUM($CV$3:CY$3)*$X28-SUM($CV$4:CY$4)*SUM($K28:$L28)-SUM($CV$5:CY$5)*SUM($M28:$N28)-SUM($CV$6:CY$6)*$O28-SUM($CV$7:CY$7)*SUM($Y28:$Z28,$AF28)-SUM($CV$8:CY$8)*SUM($AA28:$AE28)-SUM($CV$9:CY$9)*$AG28 -> 0 | CZ28: =SUM($BE28,$BF28:BI28)-SUM($CV$1:CZ$1)*SUM($P28:$Q28,$W28)-SUM($CV$2:CZ$2)*SUM($R28:$V28)-SUM($CV$3:CZ$3)*$X28-SUM($CV$4:CZ$4)*SUM($K28:$L28)-SUM($CV$5:CZ$5)*SUM($M28:$N28)-SUM($CV$6:CZ$6)*$O28-SUM($CV$7:CZ$7)*SUM($Y28:$Z28,$AF28)-SUM($CV$8:CZ$8)*SUM($AA28:$AE28)-SUM($CV$9:CZ$9)*$AG28 -> 0 | DA28: =SUM($BE28,$BF28:BJ28)-SUM($CV$1:DA$1)*SUM($P28:$Q28,$W28)-SUM($CV$2:DA$2)*SUM($R28:$V28)-SUM($CV$3:DA$3)*$X28-SUM($CV$4:DA$4)*SUM($K28:$L28)-SUM($CV$5:DA$5)*SUM($M28:$N28)-SUM($CV$6:DA$6)*$O28-SUM($CV$7:DA$7)*SUM($Y28:$Z28,$AF28)-SUM($CV$8:DA$8)*SUM($AA28:$AE28)-SUM($CV$9:DA$9)*$AG28 -> 0 | DB28: =SUM($BE28,$BF28:BK28)-SUM($CV$1:DB$1)*SUM($P28:$Q28,$W28)-SUM($CV$2:DB$2)*SUM($R28:$V28)-SUM($CV$3:DB$3)*$X28-SUM($CV$4:DB$4)*SUM($K28:$L28)-SUM($CV$5:DB$5)*SUM($M28:$N28)-SUM($CV$6:DB$6)*$O28-SUM($CV$7:DB$7)*SUM($Y28:$Z28,$AF28)-SUM($CV$8:DB$8)*SUM($AA28:$AE28)-SUM($CV$9:DB$9)*$AG28 -> -200 | DC28: =SUM($BE28,$BF28:BL28)-SUM($CV$1:DC$1)*SUM($P28:$Q28,$W28)-SUM($CV$2:DC$2)*SUM($R28:$V28)-SUM($CV$3:DC$3)*$X28-SUM($CV$4:DC$4)*SUM($K28:$L28)-SUM($CV$5:DC$5)*SUM($M28:$N28)-SUM($CV$6:DC$6)*$O28-SUM($CV$7:DC$7)*SUM($Y28:$Z28,$AF28)-SUM($CV$8:DC$8)*SUM($AA28:$AE28)-SUM($CV$9:DC$9)*$AG28 -> -600 | DD28: =SUM($BE28,$BF28:BM28)-SUM($CV$1:DD$1)*SUM($P28:$Q28,$W28)-SUM($CV$2:DD$2)*SUM($R28:$V28)-SUM($CV$3:DD$3)*$X28-SUM($CV$4:DD$4)*SUM($K28:$L28)-SUM($CV$5:DD$5)*SUM($M28:$N28)-SUM($CV$6:DD$6)*$O28-SUM($CV$7:DD$7)*SUM($Y28:$Z28,$AF28)-SUM($CV$8:DD$8)*SUM($AA28:$AE28)-SUM($CV$9:DD$9)*$AG28 -> -1262 | ... EO28: =SUM($BE28,$BF28:CX28)-SUM($CV$1:EO$1)*SUM($P28:$Q28,$W28)-SUM($CV$2:EO$2)*SUM($R28:$V28)-SUM($CV$3:EO$3)*$X28-SUM($CV$4:EO$4)*SUM($K28:$L28)-SUM($CV$5:EO$5)*SUM($M28:$N28)-SUM($CV$6:EO$6)*$O28-SUM($CV$7:EO$7)*SUM($Y28:$Z28,$AF28)-SUM($CV$8:EO$8)*SUM($AA28:$AE28)-SUM($CV$9:EO$9)*$AG28 -> -1262 | EP28: =AR28 -> REMTEC | EQ28: =C28 -> 1093L791-001 | ER28: REMTEC | ES28: =AU28 -> 4.58 | ET28: =AV28 -> USD | EU28: =_xlfn.XLOOKUP(ET28,ET$3:ET$6,EU$3:EU$6,0) -> #NAME? | EV28: =ES28*EU28 -> #NAME? | EW28: =AN28 -> 1 | EX28: =AN28 -> 1 | EY28: 10 | EZ28: =MAX(EX28,CEILING(AM28+EY28,EW28)) -> 1280 | FA28: =EZ28*EV28 -> #NAME? | FB28: =EZ28-AM28 -> 10 | FC28: =FB28*EV28 -> #NAME? | FD28: 45523 | FE28: Sagi | FF28: Ordered | FG28: Y | FH28: RNSE | FI28: {=SUMPRODUCT($AI28:$AL28,TRANSPOSE(FI$1:FI$4))} -> 130 | FJ28: {=SUMPRODUCT($AI28:$AL28,TRANSPOSE(FJ$1:FJ$4))} -> 130 | FK28: {=SUMPRODUCT($AI28:$AL28,TRANSPOSE(FK$1:FK$4))} -> 130 | FL28: {=SUMPRODUCT($AI28:$AL28,TRANSPOSE(FL$1:FL$4))} -> 130 | FM28: {=SUMPRODUCT($AI28:$AL28,TRANSPOSE(FM$1:FM$4))} -> 130 | FN28: {=SUMPRODUCT($AI28:$AL28,TRANSPOSE(FN$1:FN$4))} -> 130 | FO28: {=SUMPRODUCT($AI28:$AL28,TRANSPOSE(FO$1:FO$4))} -> 130 | FP28: {=SUMPRODUCT($AI28:$AL28,TRANSPOSE(FP$1:FP$4))} -> 130 | ... FU28: {=SUMPRODUCT($AI28:$AL28,TRANSPOSE(FU$1:FU$4))} -> 0 | FW28: =CEILING(FI28,$EW28) -> 130 | FX28: =CEILING(SUM($FI28:FJ28)-SUM($FW28:FW28),$EW28) -> 130 | FY28: =CEILING(SUM($FI28:FK28)-SUM($FW28:FX28),$EW28) -> 130 | FZ28: =CEILING(SUM($FI28:FL28)-SUM($FW28:FY28),$EW28) -> 130 | GA28: =CEILING(SUM($FI28:FM28)-SUM($FW28:FZ28),$EW28) -> 130 | GB28: =CEILING(SUM($FI28:FN28)-SUM($FW28:GA28),$EW28) -> 130 | GC28: =CEILING(SUM($FI28:FO28)-SUM($FW28:GB28),$EW28) -> 130 | GD28: =CEILING(SUM($FI28:FP28)-SUM($FW28:GC28),$EW28) -> 130 | GE28: =CEILING(SUM($FI28:FQ28)-SUM($FW28:GD28),$EW28) -> 130 | ... GG28: =CEILING(SUM($FI28:FS28)-SUM($FW28:GF28),$EW28) -> 0 | GH28: =EZ28-SUM(FW28:GG28) -> 10 | GI28: =EZ28-SUM(FW28:GH28) -> 0 | GK28: =FW28*$EV28 -> #NAME? | GL28: =FX28*$EV28 -> #NAME? | GM28: =FY28*$EV28 -> #NAME? | GN28: =FZ28*$EV28 -> #NAME? | GO28: =GA28*$EV28 -> #NAME? | GP28: =GB28*$EV28 -> #NAME? | GQ28: =GC28*$EV28 -> #NAME? | GR28: =GD28*$EV28 -> #NAME? | ... GW28: =GI28*$EV28 -> #NAME? | GX28: =SUM(GK28:GW28) -> #NAME? | GY28: 1 | GZ28: =SUM(FW28:GI28) -> 1280 | HL28: =GI28 -> 0 | HN28: =GZ28*$EV28 -> #NAME? | HO28: =HA28*$EV28 -> #NAME? | HP28: =HB28*$EV28 -> #NAME? | HQ28: =HC28*$EV28 -> #NAME? | HR28: =HD28*$EV28 -> #NAME? | HS28: =HE28*$EV28 -> #NAME? | HT28: =HF28*$EV28 -> #NAME? | HU28: =HG28*$EV28 -> #NAME? | ... HZ28: =HL28*$EV28 -> #NAME? | IA28: =SUM(HN28:HZ28) -> #NAME? | IB28: LT01-275 | IC28: P0018 | ID28: 45525 | IE28: No | IF28: Yes | IG28: Clarification | IH28: Approved to place PO 10/29/2024
A29: 21 | B29: LT01-017 | C29: 1093N721-001 | D29: - | E29: 417083200 | F29: COVER | H29: EA | I29: 1 | J29: 2 | K29: 0 | L29: 1 | M29: 0 | N29: 0 | O29: 0 | P29: 0 | Q29: 1 | R29: 0 | S29: 0 | T29: 0 | U29: 0 | V29: 0 | W29: 0 | X29: 0 | Y29: 0 | Z29: 0 | AA29: 0 | AB29: 0 | AC29: 0 | AD29: 0 | AE29: 0 | AF29: 0 | AG29: 0 | AH29: =SUM(K29:AB29) -> 2 | AI29: =SUMPRODUCT($K$1:$AG$1,$K29:$AG29) -> 1 | AJ29: =SUMPRODUCT($K$2:$AG$2,$K29:$AG29) -> 1 | AK29: =SUMPRODUCT($K$3:$AG$3,$K29:$AG29) -> 0 | AL29: =SUMPRODUCT($K$4:$AG$4,$K29:$AG29) -> 0 | AM29: =SUMPRODUCT(K29:AG29,$K$6:$AG$6) -> 69986 | AN29: 1 | AO29: =CEILING(AM29,AN29) -> 69986 | AQ29: WAVE MECHANICS | AR29: WAVE | AU29: 37 | AV29: USD | AW29: Sujith John | AX29: sujith.ninan@wm.kahm.co | AZ29: 91.973119 | BA29: =IC29 -> P0013 | BB29: =EV29 -> #NAME? | BD29: =EZ29 -> 69986 | BL29: 6000 | BO29: 6000 | BR29: 6000 | BT29: 6000 | BV29: 6000 | BY29: 6000 | CB29: 6000 | CE29: 6000 | CH29: 6000 | CK29: 6000 | CN29: 6000 | CQ29: 3986 | CW29: =SUM($BE29,$BF29:BF29)-SUM($CV$1:CW$1)*SUM($P29:$Q29,$W29)-SUM($CV$2:CW$2)*SUM($R29:$V29)-SUM($CV$3:CW$3)*$X29-SUM($CV$4:CW$4)*SUM($K29:$L29)-SUM($CV$5:CW$5)*SUM($M29:$N29)-SUM($CV$6:CW$6)*$O29-SUM($CV$7:CW$7)*SUM($Y29:$Z29,$AF29)-SUM($CV$8:CW$8)*SUM($AA29:$AE29)-SUM($CV$9:CW$9)*$AG29 -> 0 | CX29: =SUM($BE29,$BF29:BG29)-SUM($CV$1:CX$1)*SUM($P29:$Q29,$W29)-SUM($CV$2:CX$2)*SUM($R29:$V29)-SUM($CV$3:CX$3)*$X29-SUM($CV$4:CX$4)*SUM($K29:$L29)-SUM($CV$5:CX$5)*SUM($M29:$N29)-SUM($CV$6:CX$6)*$O29-SUM($CV$7:CX$7)*SUM($Y29:$Z29,$AF29)-SUM($CV$8:CX$8)*SUM($AA29:$AE29)-SUM($CV$9:CX$9)*$AG29 -> 0 | CY29: =SUM($BE29,$BF29:BH29)-SUM($CV$1:CY$1)*SUM($P29:$Q29,$W29)-SUM($CV$2:CY$2)*SUM($R29:$V29)-SUM($CV$3:CY$3)*$X29-SUM($CV$4:CY$4)*SUM($K29:$L29)-SUM($CV$5:CY$5)*SUM($M29:$N29)-SUM($CV$6:CY$6)*$O29-SUM($CV$7:CY$7)*SUM($Y29:$Z29,$AF29)-SUM($CV$8:CY$8)*SUM($AA29:$AE29)-SUM($CV$9:CY$9)*$AG29 -> 0 | CZ29: =SUM($BE29,$BF29:BI29)-SUM($CV$1:CZ$1)*SUM($P29:$Q29,$W29)-SUM($CV$2:CZ$2)*SUM($R29:$V29)-SUM($CV$3:CZ$3)*$X29-SUM($CV$4:CZ$4)*SUM($K29:$L29)-SUM($CV$5:CZ$5)*SUM($M29:$N29)-SUM($CV$6:CZ$6)*$O29-SUM($CV$7:CZ$7)*SUM($Y29:$Z29,$AF29)-SUM($CV$8:CZ$8)*SUM($AA29:$AE29)-SUM($CV$9:CZ$9)*$AG29 -> 0 | DA29: =SUM($BE29,$BF29:BJ29)-SUM($CV$1:DA$1)*SUM($P29:$Q29,$W29)-SUM($CV$2:DA$2)*SUM($R29:$V29)-SUM($CV$3:DA$3)*$X29-SUM($CV$4:DA$4)*SUM($K29:$L29)-SUM($CV$5:DA$5)*SUM($M29:$N29)-SUM($CV$6:DA$6)*$O29-SUM($CV$7:DA$7)*SUM($Y29:$Z29,$AF29)-SUM($CV$8:DA$8)*SUM($AA29:$AE29)-SUM($CV$9:DA$9)*$AG29 -> 0 | DB29: =SUM($BE29,$BF29:BK29)-SUM($CV$1:DB$1)*SUM($P29:$Q29,$W29)-SUM($CV$2:DB$2)*SUM($R29:$V29)-SUM($CV$3:DB$3)*$X29-SUM($CV$4:DB$4)*SUM($K29:$L29)-SUM($CV$5:DB$5)*SUM($M29:$N29)-SUM($CV$6:DB$6)*$O29-SUM($CV$7:DB$7)*SUM($Y29:$Z29,$AF29)-SUM($CV$8:DB$8)*SUM($AA29:$AE29)-SUM($CV$9:DB$9)*$AG29 -> -200 | DC29: =SUM($BE29,$BF29:BL29)-SUM($CV$1:DC$1)*SUM($P29:$Q29,$W29)-SUM($CV$2:DC$2)*SUM($R29:$V29)-SUM($CV$3:DC$3)*$X29-SUM($CV$4:DC$4)*SUM($K29:$L29)-SUM($CV$5:DC$5)*SUM($M29:$N29)-SUM($CV$6:DC$6)*$O29-SUM($CV$7:DC$7)*SUM($Y29:$Z29,$AF29)-SUM($CV$8:DC$8)*SUM($AA29:$AE29)-SUM($CV$9:DC$9)*$AG29 -> 5400 | DD29: =SUM($BE29,$BF29:BM29)-SUM($CV$1:DD$1)*SUM($P29:$Q29,$W29)-SUM($CV$2:DD$2)*SUM($R29:$V29)-SUM($CV$3:DD$3)*$X29-SUM($CV$4:DD$4)*SUM($K29:$L29)-SUM($CV$5:DD$5)*SUM($M29:$N29)-SUM($CV$6:DD$6)*$O29-SUM($CV$7:DD$7)*SUM($Y29:$Z29,$AF29)-SUM($CV$8:DD$8)*SUM($AA29:$AE29)-SUM($CV$9:DD$9)*$AG29 -> 4800 | ... EO29: =SUM($BE29,$BF29:CX29)-SUM($CV$1:EO$1)*SUM($P29:$Q29,$W29)-SUM($CV$2:EO$2)*SUM($R29:$V29)-SUM($CV$3:EO$3)*$X29-SUM($CV$4:EO$4)*SUM($K29:$L29)-SUM($CV$5:EO$5)*SUM($M29:$N29)-SUM($CV$6:EO$6)*$O29-SUM($CV$7:EO$7)*SUM($Y29:$Z29,$AF29)-SUM($CV$8:EO$8)*SUM($AA29:$AE29)-SUM($CV$9:EO$9)*$AG29 -> 28 | EP29: =AR29 -> WAVE | EQ29: =C29 -> 1093N721-001 | ER29: =AQ29 -> WAVE MECHANICS | ES29: =AU29 -> 37 | ET29: =AV29 -> USD | EU29: =_xlfn.XLOOKUP(ET29,ET$3:ET$6,EU$3:EU$6,0) -> #NAME? | EV29: =ES29*EU29 -> #NAME? | EW29: =AN29 -> 1 | EX29: =AN29 -> 1 | EZ29: =MAX(EX29,CEILING(AM29+EY29,EW29)) -> 69986 | FA29: =EZ29*EV29 -> #NAME? | FB29: =EZ29-AM29 -> 0 | FC29: =FB29*EV29 -> #NAME? | FD29: 45523 | FE29: Sagi | FF29: Ordered | FG29: Y | FH29: RNSE | FI29: {=SUMPRODUCT($AI29:$AL29,TRANSPOSE(FI$1:FI$4))} -> 6000 | FJ29: {=SUMPRODUCT($AI29:$AL29,TRANSPOSE(FJ$1:FJ$4))} -> 6000 | FK29: {=SUMPRODUCT($AI29:$AL29,TRANSPOSE(FK$1:FK$4))} -> 6000 | FL29: {=SUMPRODUCT($AI29:$AL29,TRANSPOSE(FL$1:FL$4))} -> 6000 | FM29: {=SUMPRODUCT($AI29:$AL29,TRANSPOSE(FM$1:FM$4))} -> 6000 | FN29: {=SUMPRODUCT($AI29:$AL29,TRANSPOSE(FN$1:FN$4))} -> 6000 | FO29: {=SUMPRODUCT($AI29:$AL29,TRANSPOSE(FO$1:FO$4))} -> 6000 | FP29: {=SUMPRODUCT($AI29:$AL29,TRANSPOSE(FP$1:FP$4))} -> 6000 | ... FU29: {=SUMPRODUCT($AI29:$AL29,TRANSPOSE(FU$1:FU$4))} -> 0 | FW29: =CEILING(FI29,$EW29) -> 6000 | FX29: =CEILING(SUM($FI29:FJ29)-SUM($FW29:FW29),$EW29) -> 6000 | FY29: =CEILING(SUM($FI29:FK29)-SUM($FW29:FX29),$EW29) -> 6000 | FZ29: =CEILING(SUM($FI29:FL29)-SUM($FW29:FY29),$EW29) -> 6000 | GA29: =CEILING(SUM($FI29:FM29)-SUM($FW29:FZ29),$EW29) -> 6000 | GB29: =CEILING(SUM($FI29:FN29)-SUM($FW29:GA29),$EW29) -> 6000 | GC29: =CEILING(SUM($FI29:FO29)-SUM($FW29:GB29),$EW29) -> 6000 | GD29: =CEILING(SUM($FI29:FP29)-SUM($FW29:GC29),$EW29) -> 6000 | GE29: =CEILING(SUM($FI29:FQ29)-SUM($FW29:GD29),$EW29) -> 6000 | ... GG29: =CEILING(SUM($FI29:FS29)-SUM($FW29:GF29),$EW29) -> 6000 | GH29: =EZ29-SUM(FW29:GG29) -> 3986 | GI29: =EZ29-SUM(FW29:GH29) -> 0 | GK29: =FW29*$EV29 -> #NAME? | GL29: =FX29*$EV29 -> #NAME? | GM29: =FY29*$EV29 -> #NAME? | GN29: =FZ29*$EV29 -> #NAME? | GO29: =GA29*$EV29 -> #NAME? | GP29: =GB29*$EV29 -> #NAME? | GQ29: =GC29*$EV29 -> #NAME? | GR29: =GD29*$EV29 -> #NAME? | ... GW29: =GI29*$EV29 -> #NAME? | GX29: =SUM(GK29:GW29) -> #NAME? | GY29: 12 | GZ29: =FW29 -> 6000 | HA29: =FX29 -> 6000 | HB29: =FY29 -> 6000 | HC29: =FZ29 -> 6000 | HD29: =GA29 -> 6000 | HE29: =GB29 -> 6000 | HF29: =GC29 -> 6000 | HG29: =GD29 -> 6000 | ... HL29: =GI29 -> 0 | HN29: =GZ29*$EV29 -> #NAME? | HO29: =HA29*$EV29 -> #NAME? | HP29: =HB29*$EV29 -> #NAME? | HQ29: =HC29*$EV29 -> #NAME? | HR29: =HD29*$EV29 -> #NAME? | HS29: =HE29*$EV29 -> #NAME? | HT29: =HF29*$EV29 -> #NAME? | HU29: =HG29*$EV29 -> #NAME? | ... HZ29: =HL29*$EV29 -> #NAME? | IA29: =SUM(HN29:HZ29) -> #NAME? | IB29: LT01-017 | IC29: P0013 | ID29: 45525 | IE29: Yes | IG29: Yes
A30: 22 | B30: LT01-018 | C30: 1093N746-001 | D30: -2 | E30: 415645120 | F30: INSIDE COVER ASSY | H30: EA | I30: 1 | J30: 2 | K30: 0 | L30: 0 | M30: 0 | N30: 0 | O30: 0 | P30: 0 | Q30: 1 | R30: 0 | S30: 0 | T30: 0 | U30: 0 | V30: 0 | W30: 0 | X30: 0 | Y30: 0 | Z30: 1 | AA30: 0 | AB30: 0 | AC30: 0 | AD30: 0 | AE30: 0 | AF30: 0 | AG30: 0 | AH30: =SUM(K30:AB30) -> 2 | AI30: =SUMPRODUCT($K$1:$AG$1,$K30:$AG30) -> 0 | AJ30: =SUMPRODUCT($K$2:$AG$2,$K30:$AG30) -> 1 | AK30: =SUMPRODUCT($K$3:$AG$3,$K30:$AG30) -> 1 | AL30: =SUMPRODUCT($K$4:$AG$4,$K30:$AG30) -> 0 | AM30: =SUMPRODUCT(K30:AG30,$K$6:$AG$6) -> 35423 | AN30: 1 | AO30: =CEILING(AM30,AN30) -> 35423 | AP30: ASSY | AQ30: ASSY | BA30: =IC30 -> 0 | BB30: =EV30 -> #NAME? | BD30: =EZ30 -> 35423 | CW30: =SUM($BE30,$BF30:BF30)-SUM($CV$1:CW$1)*SUM($P30:$Q30,$W30)-SUM($CV$2:CW$2)*SUM($R30:$V30)-SUM($CV$3:CW$3)*$X30-SUM($CV$4:CW$4)*SUM($K30:$L30)-SUM($CV$5:CW$5)*SUM($M30:$N30)-SUM($CV$6:CW$6)*$O30-SUM($CV$7:CW$7)*SUM($Y30:$Z30,$AF30)-SUM($CV$8:CW$8)*SUM($AA30:$AE30)-SUM($CV$9:CW$9)*$AG30 -> 0 | CX30: =SUM($BE30,$BF30:BG30)-SUM($CV$1:CX$1)*SUM($P30:$Q30,$W30)-SUM($CV$2:CX$2)*SUM($R30:$V30)-SUM($CV$3:CX$3)*$X30-SUM($CV$4:CX$4)*SUM($K30:$L30)-SUM($CV$5:CX$5)*SUM($M30:$N30)-SUM($CV$6:CX$6)*$O30-SUM($CV$7:CX$7)*SUM($Y30:$Z30,$AF30)-SUM($CV$8:CX$8)*SUM($AA30:$AE30)-SUM($CV$9:CX$9)*$AG30 -> 0 | CY30: =SUM($BE30,$BF30:BH30)-SUM($CV$1:CY$1)*SUM($P30:$Q30,$W30)-SUM($CV$2:CY$2)*SUM($R30:$V30)-SUM($CV$3:CY$3)*$X30-SUM($CV$4:CY$4)*SUM($K30:$L30)-SUM($CV$5:CY$5)*SUM($M30:$N30)-SUM($CV$6:CY$6)*$O30-SUM($CV$7:CY$7)*SUM($Y30:$Z30,$AF30)-SUM($CV$8:CY$8)*SUM($AA30:$AE30)-SUM($CV$9:CY$9)*$AG30 -> 0 | CZ30: =SUM($BE30,$BF30:BI30)-SUM($CV$1:CZ$1)*SUM($P30:$Q30,$W30)-SUM($CV$2:CZ$2)*SUM($R30:$V30)-SUM($CV$3:CZ$3)*$X30-SUM($CV$4:CZ$4)*SUM($K30:$L30)-SUM($CV$5:CZ$5)*SUM($M30:$N30)-SUM($CV$6:CZ$6)*$O30-SUM($CV$7:CZ$7)*SUM($Y30:$Z30,$AF30)-SUM($CV$8:CZ$8)*SUM($AA30:$AE30)-SUM($CV$9:CZ$9)*$AG30 -> 0 | DA30: =SUM($BE30,$BF30:BJ30)-SUM($CV$1:DA$1)*SUM($P30:$Q30,$W30)-SUM($CV$2:DA$2)*SUM($R30:$V30)-SUM($CV$3:DA$3)*$X30-SUM($CV$4:DA$4)*SUM($K30:$L30)-SUM($CV$5:DA$5)*SUM($M30:$N30)-SUM($CV$6:DA$6)*$O30-SUM($CV$7:DA$7)*SUM($Y30:$Z30,$AF30)-SUM($CV$8:DA$8)*SUM($AA30:$AE30)-SUM($CV$9:DA$9)*$AG30 -> 0 | DB30: =SUM($BE30,$BF30:BK30)-SUM($CV$1:DB$1)*SUM($P30:$Q30,$W30)-SUM($CV$2:DB$2)*SUM($R30:$V30)-SUM($CV$3:DB$3)*$X30-SUM($CV$4:DB$4)*SUM($K30:$L30)-SUM($CV$5:DB$5)*SUM($M30:$N30)-SUM($CV$6:DB$6)*$O30-SUM($CV$7:DB$7)*SUM($Y30:$Z30,$AF30)-SUM($CV$8:DB$8)*SUM($AA30:$AE30)-SUM($CV$9:DB$9)*$AG30 -> -200 | DC30: =SUM($BE30,$BF30:BL30)-SUM($CV$1:DC$1)*SUM($P30:$Q30,$W30)-SUM($CV$2:DC$2)*SUM($R30:$V30)-SUM($CV$3:DC$3)*$X30-SUM($CV$4:DC$4)*SUM($K30:$L30)-SUM($CV$5:DC$5)*SUM($M30:$N30)-SUM($CV$6:DC$6)*$O30-SUM($CV$7:DC$7)*SUM($Y30:$Z30,$AF30)-SUM($CV$8:DC$8)*SUM($AA30:$AE30)-SUM($CV$9:DC$9)*$AG30 -> -600 | DD30: =SUM($BE30,$BF30:BM30)-SUM($CV$1:DD$1)*SUM($P30:$Q30,$W30)-SUM($CV$2:DD$2)*SUM($R30:$V30)-SUM($CV$3:DD$3)*$X30-SUM($CV$4:DD$4)*SUM($K30:$L30)-SUM($CV$5:DD$5)*SUM($M30:$N30)-SUM($CV$6:DD$6)*$O30-SUM($CV$7:DD$7)*SUM($Y30:$Z30,$AF30)-SUM($CV$8:DD$8)*SUM($AA30:$AE30)-SUM($CV$9:DD$9)*$AG30 -> -1231 | ... EO30: =SUM($BE30,$BF30:CX30)-SUM($CV$1:EO$1)*SUM($P30:$Q30,$W30)-SUM($CV$2:EO$2)*SUM($R30:$V30)-SUM($CV$3:EO$3)*$X30-SUM($CV$4:EO$4)*SUM($K30:$L30)-SUM($CV$5:EO$5)*SUM($M30:$N30)-SUM($CV$6:EO$6)*$O30-SUM($CV$7:EO$7)*SUM($Y30:$Z30,$AF30)-SUM($CV$8:EO$8)*SUM($AA30:$AE30)-SUM($CV$9:EO$9)*$AG30 -> -35811 | EP30: ASSY | EQ30: =C30 -> 1093N746-001 | ER30: =AQ30 -> ASSY | ES30: =AU30 -> 0 | ET30: =AV30 -> 0 | EU30: =_xlfn.XLOOKUP(ET30,ET$3:ET$6,EU$3:EU$6,0) -> #NAME? | EV30: =ES30*EU30 -> #NAME? | EW30: =AN30 -> 1 | EX30: =AN30 -> 1 | EZ30: =MAX(EX30,CEILING(AM30+EY30,EW30)) -> 35423 | FA30: =EZ30*EV30 -> #NAME? | FB30: =EZ30-AM30 -> 0 | FC30: =FB30*EV30 -> #NAME? | FD30: 45523 | FE30: Sagi | FF30: ASSY | FI30: {=SUMPRODUCT($AI30:$AL30,TRANSPOSE(FI$1:FI$4))} -> 3065 | FJ30: {=SUMPRODUCT($AI30:$AL30,TRANSPOSE(FJ$1:FJ$4))} -> 3065 | FK30: {=SUMPRODUCT($AI30:$AL30,TRANSPOSE(FK$1:FK$4))} -> 3065 | FL30: {=SUMPRODUCT($AI30:$AL30,TRANSPOSE(FL$1:FL$4))} -> 3065 | FM30: {=SUMPRODUCT($AI30:$AL30,TRANSPOSE(FM$1:FM$4))} -> 3065 | FN30: {=SUMPRODUCT($AI30:$AL30,TRANSPOSE(FN$1:FN$4))} -> 3065 | FO30: {=SUMPRODUCT($AI30:$AL30,TRANSPOSE(FO$1:FO$4))} -> 3065 | FP30: {=SUMPRODUCT($AI30:$AL30,TRANSPOSE(FP$1:FP$4))} -> 3065 | ... FU30: {=SUMPRODUCT($AI30:$AL30,TRANSPOSE(FU$1:FU$4))} -> 0 | FW30: =CEILING(FI30,$EW30) -> 3065 | FX30: =CEILING(SUM($FI30:FJ30)-SUM($FW30:FW30),$EW30) -> 3065 | FY30: =CEILING(SUM($FI30:FK30)-SUM($FW30:FX30),$EW30) -> 3065 | FZ30: =CEILING(SUM($FI30:FL30)-SUM($FW30:FY30),$EW30) -> 3065 | GA30: =CEILING(SUM($FI30:FM30)-SUM($FW30:FZ30),$EW30) -> 3065 | GB30: =CEILING(SUM($FI30:FN30)-SUM($FW30:GA30),$EW30) -> 3065 | GC30: =CEILING(SUM($FI30:FO30)-SUM($FW30:GB30),$EW30) -> 3065 | GD30: =CEILING(SUM($FI30:FP30)-SUM($FW30:GC30),$EW30) -> 3065 | GE30: =CEILING(SUM($FI30:FQ30)-SUM($FW30:GD30),$EW30) -> 3065 | ... GG30: =CEILING(SUM($FI30:FS30)-SUM($FW30:GF30),$EW30) -> 3000 | GH30: =EZ30-SUM(FW30:GG30) -> 1788 | GI30: =EZ30-SUM(FW30:GH30) -> 0 | GK30: =FW30*$EV30 -> #NAME? | GL30: =FX30*$EV30 -> #NAME? | GM30: =FY30*$EV30 -> #NAME? | GN30: =FZ30*$EV30 -> #NAME? | GO30: =GA30*$EV30 -> #NAME? | GP30: =GB30*$EV30 -> #NAME? | GQ30: =GC30*$EV30 -> #NAME? | GR30: =GD30*$EV30 -> #NAME? | ... GW30: =GI30*$EV30 -> #NAME? | GX30: =SUM(GK30:GW30) -> #NAME? | HL30: =GI30 -> 0 | HN30: =GZ30*$EV30 -> #NAME? | HO30: =HA30*$EV30 -> #NAME? | HP30: =HB30*$EV30 -> #NAME? | HQ30: =HC30*$EV30 -> #NAME? | HR30: =HD30*$EV30 -> #NAME? | HS30: =HE30*$EV30 -> #NAME? | HT30: =HF30*$EV30 -> #NAME? | HU30: =HG30*$EV30 -> #NAME? | ... HZ30: =HL30*$EV30 -> #NAME? | IA30: =SUM(HN30:HZ30) -> #NAME? | IB30: LT01-018
A31: 23 | B31: LT01-019 | C31: 1093V980-001 | D31: - | E31: 408602561 | F31: F/A 60W FET | H31: EA | I31: 1 | J31: 4 | K31: 0 | L31: 0 | M31: 0 | N31: 0 | O31: 0 | P31: 0 | Q31: 0 | R31: 0 | S31: 2 | T31: 0 | U31: 0 | V31: 0 | W31: 0 | X31: 0 | Y31: 0 | Z31: 0 | AA31: 0 | AB31: 2 | AC31: 0 | AD31: 0 | AE31: 0 | AF31: 0 | AG31: 0 | AH31: =SUM(K31:AB31) -> 4 | AI31: =SUMPRODUCT($K$1:$AG$1,$K31:$AG31) -> 0 | AJ31: =SUMPRODUCT($K$2:$AG$2,$K31:$AG31) -> 2 | AK31: =SUMPRODUCT($K$3:$AG$3,$K31:$AG31) -> 2 | AL31: =SUMPRODUCT($K$4:$AG$4,$K31:$AG31) -> 2 | AM31: =SUMPRODUCT(K31:AG31,$K$6:$AG$6) -> 70906 | AN31: 1 | AO31: =CEILING(AM31,AN31) -> 70906 | AQ31: TBD | AR31: TBD | BA31: =IC31 -> 0 | BB31: =EV31 -> #NAME? | BD31: =EZ31 -> 70906 | CW31: =SUM($BE31,$BF31:BF31)-SUM($CV$1:CW$1)*SUM($P31:$Q31,$W31)-SUM($CV$2:CW$2)*SUM($R31:$V31)-SUM($CV$3:CW$3)*$X31-SUM($CV$4:CW$4)*SUM($K31:$L31)-SUM($CV$5:CW$5)*SUM($M31:$N31)-SUM($CV$6:CW$6)*$O31-SUM($CV$7:CW$7)*SUM($Y31:$Z31,$AF31)-SUM($CV$8:CW$8)*SUM($AA31:$AE31)-SUM($CV$9:CW$9)*$AG31 -> 0 | CX31: =SUM($BE31,$BF31:BG31)-SUM($CV$1:CX$1)*SUM($P31:$Q31,$W31)-SUM($CV$2:CX$2)*SUM($R31:$V31)-SUM($CV$3:CX$3)*$X31-SUM($CV$4:CX$4)*SUM($K31:$L31)-SUM($CV$5:CX$5)*SUM($M31:$N31)-SUM($CV$6:CX$6)*$O31-SUM($CV$7:CX$7)*SUM($Y31:$Z31,$AF31)-SUM($CV$8:CX$8)*SUM($AA31:$AE31)-SUM($CV$9:CX$9)*$AG31 -> 0 | CY31: =SUM($BE31,$BF31:BH31)-SUM($CV$1:CY$1)*SUM($P31:$Q31,$W31)-SUM($CV$2:CY$2)*SUM($R31:$V31)-SUM($CV$3:CY$3)*$X31-SUM($CV$4:CY$4)*SUM($K31:$L31)-SUM($CV$5:CY$5)*SUM($M31:$N31)-SUM($CV$6:CY$6)*$O31-SUM($CV$7:CY$7)*SUM($Y31:$Z31,$AF31)-SUM($CV$8:CY$8)*SUM($AA31:$AE31)-SUM($CV$9:CY$9)*$AG31 -> 0 | CZ31: =SUM($BE31,$BF31:BI31)-SUM($CV$1:CZ$1)*SUM($P31:$Q31,$W31)-SUM($CV$2:CZ$2)*SUM($R31:$V31)-SUM($CV$3:CZ$3)*$X31-SUM($CV$4:CZ$4)*SUM($K31:$L31)-SUM($CV$5:CZ$5)*SUM($M31:$N31)-SUM($CV$6:CZ$6)*$O31-SUM($CV$7:CZ$7)*SUM($Y31:$Z31,$AF31)-SUM($CV$8:CZ$8)*SUM($AA31:$AE31)-SUM($CV$9:CZ$9)*$AG31 -> 0 | DA31: =SUM($BE31,$BF31:BJ31)-SUM($CV$1:DA$1)*SUM($P31:$Q31,$W31)-SUM($CV$2:DA$2)*SUM($R31:$V31)-SUM($CV$3:DA$3)*$X31-SUM($CV$4:DA$4)*SUM($K31:$L31)-SUM($CV$5:DA$5)*SUM($M31:$N31)-SUM($CV$6:DA$6)*$O31-SUM($CV$7:DA$7)*SUM($Y31:$Z31,$AF31)-SUM($CV$8:DA$8)*SUM($AA31:$AE31)-SUM($CV$9:DA$9)*$AG31 -> 0 | DB31: =SUM($BE31,$BF31:BK31)-SUM($CV$1:DB$1)*SUM($P31:$Q31,$W31)-SUM($CV$2:DB$2)*SUM($R31:$V31)-SUM($CV$3:DB$3)*$X31-SUM($CV$4:DB$4)*SUM($K31:$L31)-SUM($CV$5:DB$5)*SUM($M31:$N31)-SUM($CV$6:DB$6)*$O31-SUM($CV$7:DB$7)*SUM($Y31:$Z31,$AF31)-SUM($CV$8:DB$8)*SUM($AA31:$AE31)-SUM($CV$9:DB$9)*$AG31 -> -400 | DC31: =SUM($BE31,$BF31:BL31)-SUM($CV$1:DC$1)*SUM($P31:$Q31,$W31)-SUM($CV$2:DC$2)*SUM($R31:$V31)-SUM($CV$3:DC$3)*$X31-SUM($CV$4:DC$4)*SUM($K31:$L31)-SUM($CV$5:DC$5)*SUM($M31:$N31)-SUM($CV$6:DC$6)*$O31-SUM($CV$7:DC$7)*SUM($Y31:$Z31,$AF31)-SUM($CV$8:DC$8)*SUM($AA31:$AE31)-SUM($CV$9:DC$9)*$AG31 -> -1200 | DD31: =SUM($BE31,$BF31:BM31)-SUM($CV$1:DD$1)*SUM($P31:$Q31,$W31)-SUM($CV$2:DD$2)*SUM($R31:$V31)-SUM($CV$3:DD$3)*$X31-SUM($CV$4:DD$4)*SUM($K31:$L31)-SUM($CV$5:DD$5)*SUM($M31:$N31)-SUM($CV$6:DD$6)*$O31-SUM($CV$7:DD$7)*SUM($Y31:$Z31,$AF31)-SUM($CV$8:DD$8)*SUM($AA31:$AE31)-SUM($CV$9:DD$9)*$AG31 -> -2462 | ... EO31: =SUM($BE31,$BF31:CX31)-SUM($CV$1:EO$1)*SUM($P31:$Q31,$W31)-SUM($CV$2:EO$2)*SUM($R31:$V31)-SUM($CV$3:EO$3)*$X31-SUM($CV$4:EO$4)*SUM($K31:$L31)-SUM($CV$5:EO$5)*SUM($M31:$N31)-SUM($CV$6:EO$6)*$O31-SUM($CV$7:EO$7)*SUM($Y31:$Z31,$AF31)-SUM($CV$8:EO$8)*SUM($AA31:$AE31)-SUM($CV$9:EO$9)*$AG31 -> -71622 | EP31: TBD | EQ31: =C31 -> 1093V980-001 | ER31: =AQ31 -> TBD | ES31: =AU31 -> 0 | ET31: =AV31 -> 0 | EU31: =_xlfn.XLOOKUP(ET31,ET$3:ET$6,EU$3:EU$6,0) -> #NAME? | EV31: =ES31*EU31 -> #NAME? | EW31: =AN31 -> 1 | EX31: =AN31 -> 1 | EZ31: =MAX(EX31,CEILING(AM31+EY31,EW31)) -> 70906 | FA31: =EZ31*EV31 -> #NAME? | FB31: =EZ31-AM31 -> 0 | FC31: =FB31*EV31 -> #NAME? | FF31: TBD | FI31: {=SUMPRODUCT($AI31:$AL31,TRANSPOSE(FI$1:FI$4))} -> 6130 | FJ31: {=SUMPRODUCT($AI31:$AL31,TRANSPOSE(FJ$1:FJ$4))} -> 6130 | FK31: {=SUMPRODUCT($AI31:$AL31,TRANSPOSE(FK$1:FK$4))} -> 6130 | FL31: {=SUMPRODUCT($AI31:$AL31,TRANSPOSE(FL$1:FL$4))} -> 6130 | FM31: {=SUMPRODUCT($AI31:$AL31,TRANSPOSE(FM$1:FM$4))} -> 6130 | FN31: {=SUMPRODUCT($AI31:$AL31,TRANSPOSE(FN$1:FN$4))} -> 6130 | FO31: {=SUMPRODUCT($AI31:$AL31,TRANSPOSE(FO$1:FO$4))} -> 6130 | FP31: {=SUMPRODUCT($AI31:$AL31,TRANSPOSE(FP$1:FP$4))} -> 6130 | ... FU31: {=SUMPRODUCT($AI31:$AL31,TRANSPOSE(FU$1:FU$4))} -> 0 | FW31: =CEILING(FI31,$EW31) -> 6130 | FX31: =CEILING(SUM($FI31:FJ31)-SUM($FW31:FW31),$EW31) -> 6130 | FY31: =CEILING(SUM($FI31:FK31)-SUM($FW31:FX31),$EW31) -> 6130 | FZ31: =CEILING(SUM($FI31:FL31)-SUM($FW31:FY31),$EW31) -> 6130 | GA31: =CEILING(SUM($FI31:FM31)-SUM($FW31:FZ31),$EW31) -> 6130 | GB31: =CEILING(SUM($FI31:FN31)-SUM($FW31:GA31),$EW31) -> 6130 | GC31: =CEILING(SUM($FI31:FO31)-SUM($FW31:GB31),$EW31) -> 6130 | GD31: =CEILING(SUM($FI31:FP31)-SUM($FW31:GC31),$EW31) -> 6130 | GE31: =CEILING(SUM($FI31:FQ31)-SUM($FW31:GD31),$EW31) -> 6130 | ... GG31: =CEILING(SUM($FI31:FS31)-SUM($FW31:GF31),$EW31) -> 6000 | GH31: =EZ31-SUM(FW31:GG31) -> 3636 | GI31: =EZ31-SUM(FW31:GH31) -> 0 | GK31: =FW31*$EV31 -> #NAME? | GL31: =FX31*$EV31 -> #NAME? | GM31: =FY31*$EV31 -> #NAME? | GN31: =FZ31*$EV31 -> #NAME? | GO31: =GA31*$EV31 -> #NAME? | GP31: =GB31*$EV31 -> #NAME? | GQ31: =GC31*$EV31 -> #NAME? | GR31: =GD31*$EV31 -> #NAME? | ... GW31: =GI31*$EV31 -> #NAME? | GX31: =SUM(GK31:GW31) -> #NAME? | HL31: =GI31 -> 0 | HN31: =GZ31*$EV31 -> #NAME? | HO31: =HA31*$EV31 -> #NAME? | HP31: =HB31*$EV31 -> #NAME? | HQ31: =HC31*$EV31 -> #NAME? | HR31: =HD31*$EV31 -> #NAME? | HS31: =HE31*$EV31 -> #NAME? | HT31: =HF31*$EV31 -> #NAME? | HU31: =HG31*$EV31 -> #NAME? | ... HZ31: =HL31*$EV31 -> #NAME? | IA31: =SUM(HN31:HZ31) -> #NAME? | IB31: LT01-019 | IG31: TBD
A32: 26 | B32: LT01-020 | C32: 1094B222-001 | D32: - | E32: 408574150 | F32: F/A FOR PACKAGED S BAND MPA 2W | H32: EA | I32: 1 | J32: 4 | K32: 0 | L32: 0 | M32: 0 | N32: 0 | O32: 0 | P32: 0 | Q32: 0 | R32: 0 | S32: 2 | T32: 0 | U32: 0 | V32: 0 | W32: 0 | X32: 0 | Y32: 0 | Z32: 0 | AA32: 0 | AB32: 2 | AC32: 0 | AD32: 0 | AE32: 0 | AF32: 0 | AG32: 0 | AH32: =SUM(K32:AB32) -> 4 | AI32: =SUMPRODUCT($K$1:$AG$1,$K32:$AG32) -> 0 | AJ32: =SUMPRODUCT($K$2:$AG$2,$K32:$AG32) -> 2 | AK32: =SUMPRODUCT($K$3:$AG$3,$K32:$AG32) -> 2 | AL32: =SUMPRODUCT($K$4:$AG$4,$K32:$AG32) -> 2 | AM32: =SUMPRODUCT(K32:AG32,$K$6:$AG$6) -> 70906 | AN32: 1 | AO32: =CEILING(AM32,AN32) -> 70906 | AQ32: TBD | AR32: TBD | BA32: =IC32 -> 0 | BB32: =EV32 -> #NAME? | BD32: =EZ32 -> 70906 | CW32: =SUM($BE32,$BF32:BF32)-SUM($CV$1:CW$1)*SUM($P32:$Q32,$W32)-SUM($CV$2:CW$2)*SUM($R32:$V32)-SUM($CV$3:CW$3)*$X32-SUM($CV$4:CW$4)*SUM($K32:$L32)-SUM($CV$5:CW$5)*SUM($M32:$N32)-SUM($CV$6:CW$6)*$O32-SUM($CV$7:CW$7)*SUM($Y32:$Z32,$AF32)-SUM($CV$8:CW$8)*SUM($AA32:$AE32)-SUM($CV$9:CW$9)*$AG32 -> 0 | CX32: =SUM($BE32,$BF32:BG32)-SUM($CV$1:CX$1)*SUM($P32:$Q32,$W32)-SUM($CV$2:CX$2)*SUM($R32:$V32)-SUM($CV$3:CX$3)*$X32-SUM($CV$4:CX$4)*SUM($K32:$L32)-SUM($CV$5:CX$5)*SUM($M32:$N32)-SUM($CV$6:CX$6)*$O32-SUM($CV$7:CX$7)*SUM($Y32:$Z32,$AF32)-SUM($CV$8:CX$8)*SUM($AA32:$AE32)-SUM($CV$9:CX$9)*$AG32 -> 0 | CY32: =SUM($BE32,$BF32:BH32)-SUM($CV$1:CY$1)*SUM($P32:$Q32,$W32)-SUM($CV$2:CY$2)*SUM($R32:$V32)-SUM($CV$3:CY$3)*$X32-SUM($CV$4:CY$4)*SUM($K32:$L32)-SUM($CV$5:CY$5)*SUM($M32:$N32)-SUM($CV$6:CY$6)*$O32-SUM($CV$7:CY$7)*SUM($Y32:$Z32,$AF32)-SUM($CV$8:CY$8)*SUM($AA32:$AE32)-SUM($CV$9:CY$9)*$AG32 -> 0 | CZ32: =SUM($BE32,$BF32:BI32)-SUM($CV$1:CZ$1)*SUM($P32:$Q32,$W32)-SUM($CV$2:CZ$2)*SUM($R32:$V32)-SUM($CV$3:CZ$3)*$X32-SUM($CV$4:CZ$4)*SUM($K32:$L32)-SUM($CV$5:CZ$5)*SUM($M32:$N32)-SUM($CV$6:CZ$6)*$O32-SUM($CV$7:CZ$7)*SUM($Y32:$Z32,$AF32)-SUM($CV$8:CZ$8)*SUM($AA32:$AE32)-SUM($CV$9:CZ$9)*$AG32 -> 0 | DA32: =SUM($BE32,$BF32:BJ32)-SUM($CV$1:DA$1)*SUM($P32:$Q32,$W32)-SUM($CV$2:DA$2)*SUM($R32:$V32)-SUM($CV$3:DA$3)*$X32-SUM($CV$4:DA$4)*SUM($K32:$L32)-SUM($CV$5:DA$5)*SUM($M32:$N32)-SUM($CV$6:DA$6)*$O32-SUM($CV$7:DA$7)*SUM($Y32:$Z32,$AF32)-SUM($CV$8:DA$8)*SUM($AA32:$AE32)-SUM($CV$9:DA$9)*$AG32 -> 0 | DB32: =SUM($BE32,$BF32:BK32)-SUM($CV$1:DB$1)*SUM($P32:$Q32,$W32)-SUM($CV$2:DB$2)*SUM($R32:$V32)-SUM($CV$3:DB$3)*$X32-SUM($CV$4:DB$4)*SUM($K32:$L32)-SUM($CV$5:DB$5)*SUM($M32:$N32)-SUM($CV$6:DB$6)*$O32-SUM($CV$7:DB$7)*SUM($Y32:$Z32,$AF32)-SUM($CV$8:DB$8)*SUM($AA32:$AE32)-SUM($CV$9:DB$9)*$AG32 -> -400 | DC32: =SUM($BE32,$BF32:BL32)-SUM($CV$1:DC$1)*SUM($P32:$Q32,$W32)-SUM($CV$2:DC$2)*SUM($R32:$V32)-SUM($CV$3:DC$3)*$X32-SUM($CV$4:DC$4)*SUM($K32:$L32)-SUM($CV$5:DC$5)*SUM($M32:$N32)-SUM($CV$6:DC$6)*$O32-SUM($CV$7:DC$7)*SUM($Y32:$Z32,$AF32)-SUM($CV$8:DC$8)*SUM($AA32:$AE32)-SUM($CV$9:DC$9)*$AG32 -> -1200 | DD32: =SUM($BE32,$BF32:BM32)-SUM($CV$1:DD$1)*SUM($P32:$Q32,$W32)-SUM($CV$2:DD$2)*SUM($R32:$V32)-SUM($CV$3:DD$3)*$X32-SUM($CV$4:DD$4)*SUM($K32:$L32)-SUM($CV$5:DD$5)*SUM($M32:$N32)-SUM($CV$6:DD$6)*$O32-SUM($CV$7:DD$7)*SUM($Y32:$Z32,$AF32)-SUM($CV$8:DD$8)*SUM($AA32:$AE32)-SUM($CV$9:DD$9)*$AG32 -> -2462 | ... EO32: =SUM($BE32,$BF32:CX32)-SUM($CV$1:EO$1)*SUM($P32:$Q32,$W32)-SUM($CV$2:EO$2)*SUM($R32:$V32)-SUM($CV$3:EO$3)*$X32-SUM($CV$4:EO$4)*SUM($K32:$L32)-SUM($CV$5:EO$5)*SUM($M32:$N32)-SUM($CV$6:EO$6)*$O32-SUM($CV$7:EO$7)*SUM($Y32:$Z32,$AF32)-SUM($CV$8:EO$8)*SUM($AA32:$AE32)-SUM($CV$9:EO$9)*$AG32 -> -71622 | EP32: TBD | EQ32: =C32 -> 1094B222-001 | ER32: =AQ32 -> TBD | ES32: =AU32 -> 0 | ET32: =AV32 -> 0 | EU32: =_xlfn.XLOOKUP(ET32,ET$3:ET$6,EU$3:EU$6,0) -> #NAME? | EV32: =ES32*EU32 -> #NAME? | EW32: =AN32 -> 1 | EX32: =AN32 -> 1 | EZ32: =MAX(EX32,CEILING(AM32+EY32,EW32)) -> 70906 | FA32: =EZ32*EV32 -> #NAME? | FB32: =EZ32-AM32 -> 0 | FC32: =FB32*EV32 -> #NAME? | FF32: TBD | FI32: {=SUMPRODUCT($AI32:$AL32,TRANSPOSE(FI$1:FI$4))} -> 6130 | FJ32: {=SUMPRODUCT($AI32:$AL32,TRANSPOSE(FJ$1:FJ$4))} -> 6130 | FK32: {=SUMPRODUCT($AI32:$AL32,TRANSPOSE(FK$1:FK$4))} -> 6130 | FL32: {=SUMPRODUCT($AI32:$AL32,TRANSPOSE(FL$1:FL$4))} -> 6130 | FM32: {=SUMPRODUCT($AI32:$AL32,TRANSPOSE(FM$1:FM$4))} -> 6130 | FN32: {=SUMPRODUCT($AI32:$AL32,TRANSPOSE(FN$1:FN$4))} -> 6130 | FO32: {=SUMPRODUCT($AI32:$AL32,TRANSPOSE(FO$1:FO$4))} -> 6130 | FP32: {=SUMPRODUCT($AI32:$AL32,TRANSPOSE(FP$1:FP$4))} -> 6130 | ... FU32: {=SUMPRODUCT($AI32:$AL32,TRANSPOSE(FU$1:FU$4))} -> 0 | FW32: =CEILING(FI32,$EW32) -> 6130 | FX32: =CEILING(SUM($FI32:FJ32)-SUM($FW32:FW32),$EW32) -> 6130 | FY32: =CEILING(SUM($FI32:FK32)-SUM($FW32:FX32),$EW32) -> 6130 | FZ32: =CEILING(SUM($FI32:FL32)-SUM($FW32:FY32),$EW32) -> 6130 | GA32: =CEILING(SUM($FI32:FM32)-SUM($FW32:FZ32),$EW32) -> 6130 | GB32: =CEILING(SUM($FI32:FN32)-SUM($FW32:GA32),$EW32) -> 6130 | GC32: =CEILING(SUM($FI32:FO32)-SUM($FW32:GB32),$EW32) -> 6130 | GD32: =CEILING(SUM($FI32:FP32)-SUM($FW32:GC32),$EW32) -> 6130 | GE32: =CEILING(SUM($FI32:FQ32)-SUM($FW32:GD32),$EW32) -> 6130 | ... GG32: =CEILING(SUM($FI32:FS32)-SUM($FW32:GF32),$EW32) -> 6000 | GH32: =EZ32-SUM(FW32:GG32) -> 3636 | GI32: =EZ32-SUM(FW32:GH32) -> 0 | GK32: =FW32*$EV32 -> #NAME? | GL32: =FX32*$EV32 -> #NAME? | GM32: =FY32*$EV32 -> #NAME? | GN32: =FZ32*$EV32 -> #NAME? | GO32: =GA32*$EV32 -> #NAME? | GP32: =GB32*$EV32 -> #NAME? | GQ32: =GC32*$EV32 -> #NAME? | GR32: =GD32*$EV32 -> #NAME? | ... GW32: =GI32*$EV32 -> #NAME? | GX32: =SUM(GK32:GW32) -> #NAME? | HL32: =GI32 -> 0 | HN32: =GZ32*$EV32 -> #NAME? | HO32: =HA32*$EV32 -> #NAME? | HP32: =HB32*$EV32 -> #NAME? | HQ32: =HC32*$EV32 -> #NAME? | HR32: =HD32*$EV32 -> #NAME? | HS32: =HE32*$EV32 -> #NAME? | HT32: =HF32*$EV32 -> #NAME? | HU32: =HG32*$EV32 -> #NAME? | ... HZ32: =HL32*$EV32 -> #NAME? | IA32: =SUM(HN32:HZ32) -> #NAME? | IB32: LT01-020 | IG32: TBD
A33: 27 | B33: LT01-021 | C33: 1094B532-001 | D33: - | E33: 400969533 | F33: INSULATOR | H33: EA | I33: 1 | J33: 2 | K33: 0 | L33: 0 | M33: 0 | N33: 0 | O33: 0 | P33: 0 | Q33: 0 | R33: 1 | S33: 0 | T33: 0 | U33: 0 | V33: 0 | W33: 0 | X33: 0 | Y33: 0 | Z33: 0 | AA33: 1 | AB33: 0 | AC33: 0 | AD33: 0 | AE33: 0 | AF33: 0 | AG33: 0 | AH33: =SUM(K33:AB33) -> 2 | AI33: =SUMPRODUCT($K$1:$AG$1,$K33:$AG33) -> 0 | AJ33: =SUMPRODUCT($K$2:$AG$2,$K33:$AG33) -> 1 | AK33: =SUMPRODUCT($K$3:$AG$3,$K33:$AG33) -> 1 | AL33: =SUMPRODUCT($K$4:$AG$4,$K33:$AG33) -> 1 | AM33: =SUMPRODUCT(K33:AG33,$K$6:$AG$6) -> 35453 | AN33: 1 | AO33: =CEILING(AM33,AN33) -> 35453 | AQ33: WAVE MECHANICS | AR33: WAVE | AU33: 1 | AV33: USD | AW33: Sujith John | AX33: sujith.ninan@wm.kahm.co | AZ33: 91.973119 | BA33: =IC33 -> P0013 | BB33: =EV33 -> #NAME? | BD33: =EZ33 -> 35453 | BL33: 18390 | BP33: 17063 | CW33: =SUM($BE33,$BF33:BF33)-SUM($CV$1:CW$1)*SUM($P33:$Q33,$W33)-SUM($CV$2:CW$2)*SUM($R33:$V33)-SUM($CV$3:CW$3)*$X33-SUM($CV$4:CW$4)*SUM($K33:$L33)-SUM($CV$5:CW$5)*SUM($M33:$N33)-SUM($CV$6:CW$6)*$O33-SUM($CV$7:CW$7)*SUM($Y33:$Z33,$AF33)-SUM($CV$8:CW$8)*SUM($AA33:$AE33)-SUM($CV$9:CW$9)*$AG33 -> 0 | CX33: =SUM($BE33,$BF33:BG33)-SUM($CV$1:CX$1)*SUM($P33:$Q33,$W33)-SUM($CV$2:CX$2)*SUM($R33:$V33)-SUM($CV$3:CX$3)*$X33-SUM($CV$4:CX$4)*SUM($K33:$L33)-SUM($CV$5:CX$5)*SUM($M33:$N33)-SUM($CV$6:CX$6)*$O33-SUM($CV$7:CX$7)*SUM($Y33:$Z33,$AF33)-SUM($CV$8:CX$8)*SUM($AA33:$AE33)-SUM($CV$9:CX$9)*$AG33 -> 0 | CY33: =SUM($BE33,$BF33:BH33)-SUM($CV$1:CY$1)*SUM($P33:$Q33,$W33)-SUM($CV$2:CY$2)*SUM($R33:$V33)-SUM($CV$3:CY$3)*$X33-SUM($CV$4:CY$4)*SUM($K33:$L33)-SUM($CV$5:CY$5)*SUM($M33:$N33)-SUM($CV$6:CY$6)*$O33-SUM($CV$7:CY$7)*SUM($Y33:$Z33,$AF33)-SUM($CV$8:CY$8)*SUM($AA33:$AE33)-SUM($CV$9:CY$9)*$AG33 -> 0 | CZ33: =SUM($BE33,$BF33:BI33)-SUM($CV$1:CZ$1)*SUM($P33:$Q33,$W33)-SUM($CV$2:CZ$2)*SUM($R33:$V33)-SUM($CV$3:CZ$3)*$X33-SUM($CV$4:CZ$4)*SUM($K33:$L33)-SUM($CV$5:CZ$5)*SUM($M33:$N33)-SUM($CV$6:CZ$6)*$O33-SUM($CV$7:CZ$7)*SUM($Y33:$Z33,$AF33)-SUM($CV$8:CZ$8)*SUM($AA33:$AE33)-SUM($CV$9:CZ$9)*$AG33 -> 0 | DA33: =SUM($BE33,$BF33:BJ33)-SUM($CV$1:DA$1)*SUM($P33:$Q33,$W33)-SUM($CV$2:DA$2)*SUM($R33:$V33)-SUM($CV$3:DA$3)*$X33-SUM($CV$4:DA$4)*SUM($K33:$L33)-SUM($CV$5:DA$5)*SUM($M33:$N33)-SUM($CV$6:DA$6)*$O33-SUM($CV$7:DA$7)*SUM($Y33:$Z33,$AF33)-SUM($CV$8:DA$8)*SUM($AA33:$AE33)-SUM($CV$9:DA$9)*$AG33 -> 0 | DB33: =SUM($BE33,$BF33:BK33)-SUM($CV$1:DB$1)*SUM($P33:$Q33,$W33)-SUM($CV$2:DB$2)*SUM($R33:$V33)-SUM($CV$3:DB$3)*$X33-SUM($CV$4:DB$4)*SUM($K33:$L33)-SUM($CV$5:DB$5)*SUM($M33:$N33)-SUM($CV$6:DB$6)*$O33-SUM($CV$7:DB$7)*SUM($Y33:$Z33,$AF33)-SUM($CV$8:DB$8)*SUM($AA33:$AE33)-SUM($CV$9:DB$9)*$AG33 -> -200 | DC33: =SUM($BE33,$BF33:BL33)-SUM($CV$1:DC$1)*SUM($P33:$Q33,$W33)-SUM($CV$2:DC$2)*SUM($R33:$V33)-SUM($CV$3:DC$3)*$X33-SUM($CV$4:DC$4)*SUM($K33:$L33)-SUM($CV$5:DC$5)*SUM($M33:$N33)-SUM($CV$6:DC$6)*$O33-SUM($CV$7:DC$7)*SUM($Y33:$Z33,$AF33)-SUM($CV$8:DC$8)*SUM($AA33:$AE33)-SUM($CV$9:DC$9)*$AG33 -> 17790 | DD33: =SUM($BE33,$BF33:BM33)-SUM($CV$1:DD$1)*SUM($P33:$Q33,$W33)-SUM($CV$2:DD$2)*SUM($R33:$V33)-SUM($CV$3:DD$3)*$X33-SUM($CV$4:DD$4)*SUM($K33:$L33)-SUM($CV$5:DD$5)*SUM($M33:$N33)-SUM($CV$6:DD$6)*$O33-SUM($CV$7:DD$7)*SUM($Y33:$Z33,$AF33)-SUM($CV$8:DD$8)*SUM($AA33:$AE33)-SUM($CV$9:DD$9)*$AG33 -> 17159 | ... EO33: =SUM($BE33,$BF33:CX33)-SUM($CV$1:EO$1)*SUM($P33:$Q33,$W33)-SUM($CV$2:EO$2)*SUM($R33:$V33)-SUM($CV$3:EO$3)*$X33-SUM($CV$4:EO$4)*SUM($K33:$L33)-SUM($CV$5:EO$5)*SUM($M33:$N33)-SUM($CV$6:EO$6)*$O33-SUM($CV$7:EO$7)*SUM($Y33:$Z33,$AF33)-SUM($CV$8:EO$8)*SUM($AA33:$AE33)-SUM($CV$9:EO$9)*$AG33 -> -358 | EP33: =AR33 -> WAVE | EQ33: =C33 -> 1094B532-001 | ER33: =AQ33 -> WAVE MECHANICS | ES33: =AU33 -> 1 | ET33: =AV33 -> USD | EU33: =_xlfn.XLOOKUP(ET33,ET$3:ET$6,EU$3:EU$6,0) -> #NAME? | EV33: =ES33*EU33 -> #NAME? | EW33: =AN33 -> 1 | EX33: =AN33 -> 1 | EZ33: =MAX(EX33,CEILING(AM33+EY33,EW33)) -> 35453 | FA33: =EZ33*EV33 -> #NAME? | FB33: =EZ33-AM33 -> 0 | FC33: =FB33*EV33 -> #NAME? | FD33: 45523 | FE33: Sagi | FF33: Ordered | FG33: Y | FH33: RNSE | FI33: {=SUMPRODUCT($AI33:$AL33,TRANSPOSE(FI$1:FI$4))} -> 3065 | FJ33: {=SUMPRODUCT($AI33:$AL33,TRANSPOSE(FJ$1:FJ$4))} -> 3065 | FK33: {=SUMPRODUCT($AI33:$AL33,TRANSPOSE(FK$1:FK$4))} -> 3065 | FL33: {=SUMPRODUCT($AI33:$AL33,TRANSPOSE(FL$1:FL$4))} -> 3065 | FM33: {=SUMPRODUCT($AI33:$AL33,TRANSPOSE(FM$1:FM$4))} -> 3065 | FN33: {=SUMPRODUCT($AI33:$AL33,TRANSPOSE(FN$1:FN$4))} -> 3065 | FO33: {=SUMPRODUCT($AI33:$AL33,TRANSPOSE(FO$1:FO$4))} -> 3065 | FP33: {=SUMPRODUCT($AI33:$AL33,TRANSPOSE(FP$1:FP$4))} -> 3065 | ... FU33: {=SUMPRODUCT($AI33:$AL33,TRANSPOSE(FU$1:FU$4))} -> 0 | FW33: =CEILING(FI33,$EW33) -> 3065 | FX33: =CEILING(SUM($FI33:FJ33)-SUM($FW33:FW33),$EW33) -> 3065 | FY33: =CEILING(SUM($FI33:FK33)-SUM($FW33:FX33),$EW33) -> 3065 | FZ33: =CEILING(SUM($FI33:FL33)-SUM($FW33:FY33),$EW33) -> 3065 | GA33: =CEILING(SUM($FI33:FM33)-SUM($FW33:FZ33),$EW33) -> 3065 | GB33: =CEILING(SUM($FI33:FN33)-SUM($FW33:GA33),$EW33) -> 3065 | GC33: =CEILING(SUM($FI33:FO33)-SUM($FW33:GB33),$EW33) -> 3065 | GD33: =CEILING(SUM($FI33:FP33)-SUM($FW33:GC33),$EW33) -> 3065 | GE33: =CEILING(SUM($FI33:FQ33)-SUM($FW33:GD33),$EW33) -> 3065 | ... GG33: =CEILING(SUM($FI33:FS33)-SUM($FW33:GF33),$EW33) -> 3000 | GH33: =EZ33-SUM(FW33:GG33) -> 1818 | GI33: =EZ33-SUM(FW33:GH33) -> 0 | GK33: =FW33*$EV33 -> #NAME? | GL33: =FX33*$EV33 -> #NAME? | GM33: =FY33*$EV33 -> #NAME? | GN33: =FZ33*$EV33 -> #NAME? | GO33: =GA33*$EV33 -> #NAME? | GP33: =GB33*$EV33 -> #NAME? | GQ33: =GC33*$EV33 -> #NAME? | GR33: =GD33*$EV33 -> #NAME? | ... GW33: =GI33*$EV33 -> #NAME? | GX33: =SUM(GK33:GW33) -> #NAME? | GY33: 2 | GZ33: =SUM(FW33:GB33) -> 18390 | HF33: =SUM(GC33:GI33) -> 17063 | HN33: =GZ33*$EV33 -> #NAME? | HO33: =HA33*$EV33 -> #NAME? | HP33: =HB33*$EV33 -> #NAME? | HQ33: =HC33*$EV33 -> #NAME? | HR33: =HD33*$EV33 -> #NAME? | HS33: =HE33*$EV33 -> #NAME? | HT33: =HF33*$EV33 -> #NAME? | HU33: =HG33*$EV33 -> #NAME? | ... HZ33: =HL33*$EV33 -> #NAME? | IA33: =SUM(HN33:HZ33) -> #NAME? | IB33: LT01-021 | IC33: P0013 | ID33: 45525 | IE33: Yes | IG33: Yes
A34: 28 | B34: LT01-022 | C34: 1094L913-001 | D34: - | E34: 403572964 | F34: BRACKET | H34: EA | I34: 1 | J34: 3 | K34: 0 | L34: 0 | M34: 1 | N34: 0 | O34: 0 | P34: 0 | Q34: 0 | R34: 1 | S34: 0 | T34: 0 | U34: 0 | V34: 0 | W34: 0 | X34: 0 | Y34: 0 | Z34: 0 | AA34: 1 | AB34: 0 | AC34: 0 | AD34: 0 | AE34: 0 | AF34: 0 | AG34: 0 | AH34: =SUM(K34:AB34) -> 3 | AI34: =SUMPRODUCT($K$1:$AG$1,$K34:$AG34) -> 1 | AJ34: =SUMPRODUCT($K$2:$AG$2,$K34:$AG34) -> 1 | AK34: =SUMPRODUCT($K$3:$AG$3,$K34:$AG34) -> 1 | AL34: =SUMPRODUCT($K$4:$AG$4,$K34:$AG34) -> 2 | AM34: =SUMPRODUCT(K34:AG34,$K$6:$AG$6) -> 70681 | AN34: 1 | AO34: =CEILING(AM34,AN34) -> 70681 | AQ34: WAVE MECHANICS | AR34: WAVE | AU34: 3 | AV34: USD | AW34: Sujith John | AX34: sujith.ninan@wm.kahm.co | AZ34: 91.973119 | BA34: =IC34 -> P0013 | BB34: =EV34 -> #NAME? | BD34: =EZ34 -> 70681 | BL34: 12130 | BR34: 12130 | BV34: 12130 | CB34: 12130 | CH34: 12115 | CN34: 10046 | CW34: =SUM($BE34,$BF34:BF34)-SUM($CV$1:CW$1)*SUM($P34:$Q34,$W34)-SUM($CV$2:CW$2)*SUM($R34:$V34)-SUM($CV$3:CW$3)*$X34-SUM($CV$4:CW$4)*SUM($K34:$L34)-SUM($CV$5:CW$5)*SUM($M34:$N34)-SUM($CV$6:CW$6)*$O34-SUM($CV$7:CW$7)*SUM($Y34:$Z34,$AF34)-SUM($CV$8:CW$8)*SUM($AA34:$AE34)-SUM($CV$9:CW$9)*$AG34 -> 0 | CX34: =SUM($BE34,$BF34:BG34)-SUM($CV$1:CX$1)*SUM($P34:$Q34,$W34)-SUM($CV$2:CX$2)*SUM($R34:$V34)-SUM($CV$3:CX$3)*$X34-SUM($CV$4:CX$4)*SUM($K34:$L34)-SUM($CV$5:CX$5)*SUM($M34:$N34)-SUM($CV$6:CX$6)*$O34-SUM($CV$7:CX$7)*SUM($Y34:$Z34,$AF34)-SUM($CV$8:CX$8)*SUM($AA34:$AE34)-SUM($CV$9:CX$9)*$AG34 -> 0 | CY34: =SUM($BE34,$BF34:BH34)-SUM($CV$1:CY$1)*SUM($P34:$Q34,$W34)-SUM($CV$2:CY$2)*SUM($R34:$V34)-SUM($CV$3:CY$3)*$X34-SUM($CV$4:CY$4)*SUM($K34:$L34)-SUM($CV$5:CY$5)*SUM($M34:$N34)-SUM($CV$6:CY$6)*$O34-SUM($CV$7:CY$7)*SUM($Y34:$Z34,$AF34)-SUM($CV$8:CY$8)*SUM($AA34:$AE34)-SUM($CV$9:CY$9)*$AG34 -> 0 | CZ34: =SUM($BE34,$BF34:BI34)-SUM($CV$1:CZ$1)*SUM($P34:$Q34,$W34)-SUM($CV$2:CZ$2)*SUM($R34:$V34)-SUM($CV$3:CZ$3)*$X34-SUM($CV$4:CZ$4)*SUM($K34:$L34)-SUM($CV$5:CZ$5)*SUM($M34:$N34)-SUM($CV$6:CZ$6)*$O34-SUM($CV$7:CZ$7)*SUM($Y34:$Z34,$AF34)-SUM($CV$8:CZ$8)*SUM($AA34:$AE34)-SUM($CV$9:CZ$9)*$AG34 -> 0 | DA34: =SUM($BE34,$BF34:BJ34)-SUM($CV$1:DA$1)*SUM($P34:$Q34,$W34)-SUM($CV$2:DA$2)*SUM($R34:$V34)-SUM($CV$3:DA$3)*$X34-SUM($CV$4:DA$4)*SUM($K34:$L34)-SUM($CV$5:DA$5)*SUM($M34:$N34)-SUM($CV$6:DA$6)*$O34-SUM($CV$7:DA$7)*SUM($Y34:$Z34,$AF34)-SUM($CV$8:DA$8)*SUM($AA34:$AE34)-SUM($CV$9:DA$9)*$AG34 -> 0 | DB34: =SUM($BE34,$BF34:BK34)-SUM($CV$1:DB$1)*SUM($P34:$Q34,$W34)-SUM($CV$2:DB$2)*SUM($R34:$V34)-SUM($CV$3:DB$3)*$X34-SUM($CV$4:DB$4)*SUM($K34:$L34)-SUM($CV$5:DB$5)*SUM($M34:$N34)-SUM($CV$6:DB$6)*$O34-SUM($CV$7:DB$7)*SUM($Y34:$Z34,$AF34)-SUM($CV$8:DB$8)*SUM($AA34:$AE34)-SUM($CV$9:DB$9)*$AG34 -> -300 | DC34: =SUM($BE34,$BF34:BL34)-SUM($CV$1:DC$1)*SUM($P34:$Q34,$W34)-SUM($CV$2:DC$2)*SUM($R34:$V34)-SUM($CV$3:DC$3)*$X34-SUM($CV$4:DC$4)*SUM($K34:$L34)-SUM($CV$5:DC$5)*SUM($M34:$N34)-SUM($CV$6:DC$6)*$O34-SUM($CV$7:DC$7)*SUM($Y34:$Z34,$AF34)-SUM($CV$8:DC$8)*SUM($AA34:$AE34)-SUM($CV$9:DC$9)*$AG34 -> 11230 | DD34: =SUM($BE34,$BF34:BM34)-SUM($CV$1:DD$1)*SUM($P34:$Q34,$W34)-SUM($CV$2:DD$2)*SUM($R34:$V34)-SUM($CV$3:DD$3)*$X34-SUM($CV$4:DD$4)*SUM($K34:$L34)-SUM($CV$5:DD$5)*SUM($M34:$N34)-SUM($CV$6:DD$6)*$O34-SUM($CV$7:DD$7)*SUM($Y34:$Z34,$AF34)-SUM($CV$8:DD$8)*SUM($AA34:$AE34)-SUM($CV$9:DD$9)*$AG34 -> 10299 | ... EO34: =SUM($BE34,$BF34:CX34)-SUM($CV$1:EO$1)*SUM($P34:$Q34,$W34)-SUM($CV$2:EO$2)*SUM($R34:$V34)-SUM($CV$3:EO$3)*$X34-SUM($CV$4:EO$4)*SUM($K34:$L34)-SUM($CV$5:EO$5)*SUM($M34:$N34)-SUM($CV$6:EO$6)*$O34-SUM($CV$7:EO$7)*SUM($Y34:$Z34,$AF34)-SUM($CV$8:EO$8)*SUM($AA34:$AE34)-SUM($CV$9:EO$9)*$AG34 -> 92 | EP34: =AR34 -> WAVE | EQ34: =C34 -> 1094L913-001 | ER34: =AQ34 -> WAVE MECHANICS | ES34: =AU34 -> 3 | ET34: =AV34 -> USD | EU34: =_xlfn.XLOOKUP(ET34,ET$3:ET$6,EU$3:EU$6,0) -> #NAME? | EV34: =ES34*EU34 -> #NAME? | EW34: =AN34 -> 1 | EX34: =AN34 -> 1 | EZ34: =MAX(EX34,CEILING(AM34+EY34,EW34)) -> 70681 | FA34: =EZ34*EV34 -> #NAME? | FB34: =EZ34-AM34 -> 0 | FC34: =FB34*EV34 -> #NAME? | FD34: 45523 | FE34: Sagi | FF34: Ordered | FG34: Y | FH34: RNSE | FI34: {=SUMPRODUCT($AI34:$AL34,TRANSPOSE(FI$1:FI$4))} -> 6065 | FJ34: {=SUMPRODUCT($AI34:$AL34,TRANSPOSE(FJ$1:FJ$4))} -> 6065 | FK34: {=SUMPRODUCT($AI34:$AL34,TRANSPOSE(FK$1:FK$4))} -> 6065 | FL34: {=SUMPRODUCT($AI34:$AL34,TRANSPOSE(FL$1:FL$4))} -> 6065 | FM34: {=SUMPRODUCT($AI34:$AL34,TRANSPOSE(FM$1:FM$4))} -> 6065 | FN34: {=SUMPRODUCT($AI34:$AL34,TRANSPOSE(FN$1:FN$4))} -> 6065 | FO34: {=SUMPRODUCT($AI34:$AL34,TRANSPOSE(FO$1:FO$4))} -> 6065 | FP34: {=SUMPRODUCT($AI34:$AL34,TRANSPOSE(FP$1:FP$4))} -> 6065 | ... FU34: {=SUMPRODUCT($AI34:$AL34,TRANSPOSE(FU$1:FU$4))} -> 0 | FW34: =CEILING(FI34,$EW34) -> 6065 | FX34: =CEILING(SUM($FI34:FJ34)-SUM($FW34:FW34),$EW34) -> 6065 | FY34: =CEILING(SUM($FI34:FK34)-SUM($FW34:FX34),$EW34) -> 6065 | FZ34: =CEILING(SUM($FI34:FL34)-SUM($FW34:FY34),$EW34) -> 6065 | GA34: =CEILING(SUM($FI34:FM34)-SUM($FW34:FZ34),$EW34) -> 6065 | GB34: =CEILING(SUM($FI34:FN34)-SUM($FW34:GA34),$EW34) -> 6065 | GC34: =CEILING(SUM($FI34:FO34)-SUM($FW34:GB34),$EW34) -> 6065 | GD34: =CEILING(SUM($FI34:FP34)-SUM($FW34:GC34),$EW34) -> 6065 | GE34: =CEILING(SUM($FI34:FQ34)-SUM($FW34:GD34),$EW34) -> 6065 | ... GG34: =CEILING(SUM($FI34:FS34)-SUM($FW34:GF34),$EW34) -> 6000 | GH34: =EZ34-SUM(FW34:GG34) -> 4046 | GI34: =EZ34-SUM(FW34:GH34) -> 0 | GK34: =FW34*$EV34 -> #NAME? | GL34: =FX34*$EV34 -> #NAME? | GM34: =FY34*$EV34 -> #NAME? | GN34: =FZ34*$EV34 -> #NAME? | GO34: =GA34*$EV34 -> #NAME? | GP34: =GB34*$EV34 -> #NAME? | GQ34: =GC34*$EV34 -> #NAME? | GR34: =GD34*$EV34 -> #NAME? | ... GW34: =GI34*$EV34 -> #NAME? | GX34: =SUM(GK34:GW34) -> #NAME? | GY34: 6 | GZ34: =SUM(FW34:FX34) -> 12130 | HB34: =SUM(FY34:FZ34) -> 12130 | HD34: =SUM(GA34:GB34) -> 12130 | HF34: =SUM(GC34:GD34) -> 12130 | HH34: =SUM(GE34:GF34) -> 12115 | HJ34: =SUM(GG34:GI34) -> 10046 | HL34: =GI34 -> 0 | HN34: =GZ34*$EV34 -> #NAME? | HO34: =HA34*$EV34 -> #NAME? | HP34: =HB34*$EV34 -> #NAME? | HQ34: =HC34*$EV34 -> #NAME? | HR34: =HD34*$EV34 -> #NAME? | HS34: =HE34*$EV34 -> #NAME? | HT34: =HF34*$EV34 -> #NAME? | HU34: =HG34*$EV34 -> #NAME? | ... HZ34: =HL34*$EV34 -> #NAME? | IA34: =SUM(HN34:HZ34) -> #NAME? | IB34: LT01-022 | IC34: P0013 | ID34: 45525 | IE34: Yes | IG34: Yes
A35: 29 | B35: LT01-023 | C35: 1094L925-001 | D35: - | E35: 403581663 | F35: WEDGE B | H35: EA | I35: 1 | J35: 6 | K35: 0 | L35: 2 | M35: 0 | N35: 0 | O35: 0 | P35: 0 | Q35: 2 | R35: 0 | S35: 0 | T35: 0 | U35: 0 | V35: 0 | W35: 0 | X35: 0 | Y35: 0 | Z35: 2 | AA35: 0 | AB35: 0 | AC35: 0 | AD35: 0 | AE35: 0 | AF35: 0 | AG35: 0 | AH35: =SUM(K35:AB35) -> 6 | AI35: =SUMPRODUCT($K$1:$AG$1,$K35:$AG35) -> 2 | AJ35: =SUMPRODUCT($K$2:$AG$2,$K35:$AG35) -> 2 | AK35: =SUMPRODUCT($K$3:$AG$3,$K35:$AG35) -> 2 | AL35: =SUMPRODUCT($K$4:$AG$4,$K35:$AG35) -> 0 | AM35: =SUMPRODUCT(K35:AG35,$K$6:$AG$6) -> 141242 | AN35: 1 | AO35: =CEILING(AM35,AN35) -> 141242 | AQ35: WAVE MECHANICS | AR35: WAVE | AU35: 1.7 | AV35: USD | AW35: Sujith John | AX35: sujith.ninan@wm.kahm.co | AZ35: 91.973119 | BA35: =IC35 -> P0013 | BB35: =EV35 -> #NAME? | BD35: =EZ35 -> 141242 | BL35: 24260 | BR35: 24260 | BV35: 24260 | CB35: 24260 | CH35: 24260 | CN35: 19972 | CW35: =SUM($BE35,$BF35:BF35)-SUM($CV$1:CW$1)*SUM($P35:$Q35,$W35)-SUM($CV$2:CW$2)*SUM($R35:$V35)-SUM($CV$3:CW$3)*$X35-SUM($CV$4:CW$4)*SUM($K35:$L35)-SUM($CV$5:CW$5)*SUM($M35:$N35)-SUM($CV$6:CW$6)*$O35-SUM($CV$7:CW$7)*SUM($Y35:$Z35,$AF35)-SUM($CV$8:CW$8)*SUM($AA35:$AE35)-SUM($CV$9:CW$9)*$AG35 -> 0 | CX35: =SUM($BE35,$BF35:BG35)-SUM($CV$1:CX$1)*SUM($P35:$Q35,$W35)-SUM($CV$2:CX$2)*SUM($R35:$V35)-SUM($CV$3:CX$3)*$X35-SUM($CV$4:CX$4)*SUM($K35:$L35)-SUM($CV$5:CX$5)*SUM($M35:$N35)-SUM($CV$6:CX$6)*$O35-SUM($CV$7:CX$7)*SUM($Y35:$Z35,$AF35)-SUM($CV$8:CX$8)*SUM($AA35:$AE35)-SUM($CV$9:CX$9)*$AG35 -> 0 | CY35: =SUM($BE35,$BF35:BH35)-SUM($CV$1:CY$1)*SUM($P35:$Q35,$W35)-SUM($CV$2:CY$2)*SUM($R35:$V35)-SUM($CV$3:CY$3)*$X35-SUM($CV$4:CY$4)*SUM($K35:$L35)-SUM($CV$5:CY$5)*SUM($M35:$N35)-SUM($CV$6:CY$6)*$O35-SUM($CV$7:CY$7)*SUM($Y35:$Z35,$AF35)-SUM($CV$8:CY$8)*SUM($AA35:$AE35)-SUM($CV$9:CY$9)*$AG35 -> 0 | CZ35: =SUM($BE35,$BF35:BI35)-SUM($CV$1:CZ$1)*SUM($P35:$Q35,$W35)-SUM($CV$2:CZ$2)*SUM($R35:$V35)-SUM($CV$3:CZ$3)*$X35-SUM($CV$4:CZ$4)*SUM($K35:$L35)-SUM($CV$5:CZ$5)*SUM($M35:$N35)-SUM($CV$6:CZ$6)*$O35-SUM($CV$7:CZ$7)*SUM($Y35:$Z35,$AF35)-SUM($CV$8:CZ$8)*SUM($AA35:$AE35)-SUM($CV$9:CZ$9)*$AG35 -> 0 | DA35: =SUM($BE35,$BF35:BJ35)-SUM($CV$1:DA$1)*SUM($P35:$Q35,$W35)-SUM($CV$2:DA$2)*SUM($R35:$V35)-SUM($CV$3:DA$3)*$X35-SUM($CV$4:DA$4)*SUM($K35:$L35)-SUM($CV$5:DA$5)*SUM($M35:$N35)-SUM($CV$6:DA$6)*$O35-SUM($CV$7:DA$7)*SUM($Y35:$Z35,$AF35)-SUM($CV$8:DA$8)*SUM($AA35:$AE35)-SUM($CV$9:DA$9)*$AG35 -> 0 | DB35: =SUM($BE35,$BF35:BK35)-SUM($CV$1:DB$1)*SUM($P35:$Q35,$W35)-SUM($CV$2:DB$2)*SUM($R35:$V35)-SUM($CV$3:DB$3)*$X35-SUM($CV$4:DB$4)*SUM($K35:$L35)-SUM($CV$5:DB$5)*SUM($M35:$N35)-SUM($CV$6:DB$6)*$O35-SUM($CV$7:DB$7)*SUM($Y35:$Z35,$AF35)-SUM($CV$8:DB$8)*SUM($AA35:$AE35)-SUM($CV$9:DB$9)*$AG35 -> -600 | DC35: =SUM($BE35,$BF35:BL35)-SUM($CV$1:DC$1)*SUM($P35:$Q35,$W35)-SUM($CV$2:DC$2)*SUM($R35:$V35)-SUM($CV$3:DC$3)*$X35-SUM($CV$4:DC$4)*SUM($K35:$L35)-SUM($CV$5:DC$5)*SUM($M35:$N35)-SUM($CV$6:DC$6)*$O35-SUM($CV$7:DC$7)*SUM($Y35:$Z35,$AF35)-SUM($CV$8:DC$8)*SUM($AA35:$AE35)-SUM($CV$9:DC$9)*$AG35 -> 22460 | DD35: =SUM($BE35,$BF35:BM35)-SUM($CV$1:DD$1)*SUM($P35:$Q35,$W35)-SUM($CV$2:DD$2)*SUM($R35:$V35)-SUM($CV$3:DD$3)*$X35-SUM($CV$4:DD$4)*SUM($K35:$L35)-SUM($CV$5:DD$5)*SUM($M35:$N35)-SUM($CV$6:DD$6)*$O35-SUM($CV$7:DD$7)*SUM($Y35:$Z35,$AF35)-SUM($CV$8:DD$8)*SUM($AA35:$AE35)-SUM($CV$9:DD$9)*$AG35 -> 20598 | ... EO35: =SUM($BE35,$BF35:CX35)-SUM($CV$1:EO$1)*SUM($P35:$Q35,$W35)-SUM($CV$2:EO$2)*SUM($R35:$V35)-SUM($CV$3:EO$3)*$X35-SUM($CV$4:EO$4)*SUM($K35:$L35)-SUM($CV$5:EO$5)*SUM($M35:$N35)-SUM($CV$6:EO$6)*$O35-SUM($CV$7:EO$7)*SUM($Y35:$Z35,$AF35)-SUM($CV$8:EO$8)*SUM($AA35:$AE35)-SUM($CV$9:EO$9)*$AG35 -> 94 | EP35: =AR35 -> WAVE | EQ35: =C35 -> 1094L925-001 | ER35: =AQ35 -> WAVE MECHANICS | ES35: =AU35 -> 1.7 | ET35: =AV35 -> USD | EU35: =_xlfn.XLOOKUP(ET35,ET$3:ET$6,EU$3:EU$6,0) -> #NAME? | EV35: =ES35*EU35 -> #NAME? | EW35: =AN35 -> 1 | EX35: =AN35 -> 1 | EZ35: =MAX(EX35,CEILING(AM35+EY35,EW35)) -> 141242 | FA35: =EZ35*EV35 -> #NAME? | FB35: =EZ35-AM35 -> 0 | FC35: =FB35*EV35 -> #NAME? | FD35: 45523 | FE35: Sagi | FF35: Ordered | FG35: Y | FH35: RNSE | FI35: {=SUMPRODUCT($AI35:$AL35,TRANSPOSE(FI$1:FI$4))} -> 12130 | FJ35: {=SUMPRODUCT($AI35:$AL35,TRANSPOSE(FJ$1:FJ$4))} -> 12130 | FK35: {=SUMPRODUCT($AI35:$AL35,TRANSPOSE(FK$1:FK$4))} -> 12130 | FL35: {=SUMPRODUCT($AI35:$AL35,TRANSPOSE(FL$1:FL$4))} -> 12130 | FM35: {=SUMPRODUCT($AI35:$AL35,TRANSPOSE(FM$1:FM$4))} -> 12130 | FN35: {=SUMPRODUCT($AI35:$AL35,TRANSPOSE(FN$1:FN$4))} -> 12130 | FO35: {=SUMPRODUCT($AI35:$AL35,TRANSPOSE(FO$1:FO$4))} -> 12130 | FP35: {=SUMPRODUCT($AI35:$AL35,TRANSPOSE(FP$1:FP$4))} -> 12130 | ... FU35: {=SUMPRODUCT($AI35:$AL35,TRANSPOSE(FU$1:FU$4))} -> 0 | FW35: =CEILING(FI35,$EW35) -> 12130 | FX35: =CEILING(SUM($FI35:FJ35)-SUM($FW35:FW35),$EW35) -> 12130 | FY35: =CEILING(SUM($FI35:FK35)-SUM($FW35:FX35),$EW35) -> 12130 | FZ35: =CEILING(SUM($FI35:FL35)-SUM($FW35:FY35),$EW35) -> 12130 | GA35: =CEILING(SUM($FI35:FM35)-SUM($FW35:FZ35),$EW35) -> 12130 | GB35: =CEILING(SUM($FI35:FN35)-SUM($FW35:GA35),$EW35) -> 12130 | GC35: =CEILING(SUM($FI35:FO35)-SUM($FW35:GB35),$EW35) -> 12130 | GD35: =CEILING(SUM($FI35:FP35)-SUM($FW35:GC35),$EW35) -> 12130 | GE35: =CEILING(SUM($FI35:FQ35)-SUM($FW35:GD35),$EW35) -> 12130 | ... GG35: =CEILING(SUM($FI35:FS35)-SUM($FW35:GF35),$EW35) -> 12000 | GH35: =EZ35-SUM(FW35:GG35) -> 7972 | GI35: =EZ35-SUM(FW35:GH35) -> 0 | GK35: =FW35*$EV35 -> #NAME? | GL35: =FX35*$EV35 -> #NAME? | GM35: =FY35*$EV35 -> #NAME? | GN35: =FZ35*$EV35 -> #NAME? | GO35: =GA35*$EV35 -> #NAME? | GP35: =GB35*$EV35 -> #NAME? | GQ35: =GC35*$EV35 -> #NAME? | GR35: =GD35*$EV35 -> #NAME? | ... GW35: =GI35*$EV35 -> #NAME? | GX35: =SUM(GK35:GW35) -> #NAME? | GY35: 6 | GZ35: =SUM(FW35:FX35) -> 24260 | HB35: =SUM(FY35:FZ35) -> 24260 | HD35: =SUM(GA35:GB35) -> 24260 | HF35: =SUM(GC35:GD35) -> 24260 | HH35: =SUM(GE35:GF35) -> 24230 | HJ35: =SUM(GG35:GI35) -> 19972 | HL35: =GI35 -> 0 | HN35: =GZ35*$EV35 -> #NAME? | HO35: =HA35*$EV35 -> #NAME? | HP35: =HB35*$EV35 -> #NAME? | HQ35: =HC35*$EV35 -> #NAME? | HR35: =HD35*$EV35 -> #NAME? | HS35: =HE35*$EV35 -> #NAME? | HT35: =HF35*$EV35 -> #NAME? | HU35: =HG35*$EV35 -> #NAME? | ... HZ35: =HL35*$EV35 -> #NAME? | IA35: =SUM(HN35:HZ35) -> #NAME? | IB35: LT01-023 | IC35: P0013 | ID35: 45525 | IE35: Yes | IG35: Yes
A36: 30 | B36: LT01-024 | C36: 1094L926-001 | D36: - | E36: 403581662 | F36: WEDGE A | H36: EA | I36: 1 | J36: 6 | K36: 0 | L36: 2 | M36: 0 | N36: 0 | O36: 0 | P36: 0 | Q36: 2 | R36: 0 | S36: 0 | T36: 0 | U36: 0 | V36: 0 | W36: 0 | X36: 0 | Y36: 0 | Z36: 2 | AA36: 0 | AB36: 0 | AC36: 0 | AD36: 0 | AE36: 0 | AF36: 0 | AG36: 0 | AH36: =SUM(K36:AB36) -> 6 | AI36: =SUMPRODUCT($K$1:$AG$1,$K36:$AG36) -> 2 | AJ36: =SUMPRODUCT($K$2:$AG$2,$K36:$AG36) -> 2 | AK36: =SUMPRODUCT($K$3:$AG$3,$K36:$AG36) -> 2 | AL36: =SUMPRODUCT($K$4:$AG$4,$K36:$AG36) -> 0 | AM36: =SUMPRODUCT(K36:AG36,$K$6:$AG$6) -> 141242 | AN36: 1 | AO36: =CEILING(AM36,AN36) -> 141242 | AQ36: WAVE MECHANICS | AR36: WAVE | AU36: 1.47 | AV36: USD | AW36: Sujith John | AX36: sujith.ninan@wm.kahm.co | AZ36: 91.973119 | BA36: =IC36 -> P0013 | BB36: =EV36 -> #NAME? | BD36: =EZ36 -> 141242 | BL36: 24260 | BR36: 24260 | BV36: 24260 | CB36: 24260 | CH36: 24260 | CN36: 19972 | CW36: =SUM($BE36,$BF36:BF36)-SUM($CV$1:CW$1)*SUM($P36:$Q36,$W36)-SUM($CV$2:CW$2)*SUM($R36:$V36)-SUM($CV$3:CW$3)*$X36-SUM($CV$4:CW$4)*SUM($K36:$L36)-SUM($CV$5:CW$5)*SUM($M36:$N36)-SUM($CV$6:CW$6)*$O36-SUM($CV$7:CW$7)*SUM($Y36:$Z36,$AF36)-SUM($CV$8:CW$8)*SUM($AA36:$AE36)-SUM($CV$9:CW$9)*$AG36 -> 0 | CX36: =SUM($BE36,$BF36:BG36)-SUM($CV$1:CX$1)*SUM($P36:$Q36,$W36)-SUM($CV$2:CX$2)*SUM($R36:$V36)-SUM($CV$3:CX$3)*$X36-SUM($CV$4:CX$4)*SUM($K36:$L36)-SUM($CV$5:CX$5)*SUM($M36:$N36)-SUM($CV$6:CX$6)*$O36-SUM($CV$7:CX$7)*SUM($Y36:$Z36,$AF36)-SUM($CV$8:CX$8)*SUM($AA36:$AE36)-SUM($CV$9:CX$9)*$AG36 -> 0 | CY36: =SUM($BE36,$BF36:BH36)-SUM($CV$1:CY$1)*SUM($P36:$Q36,$W36)-SUM($CV$2:CY$2)*SUM($R36:$V36)-SUM($CV$3:CY$3)*$X36-SUM($CV$4:CY$4)*SUM($K36:$L36)-SUM($CV$5:CY$5)*SUM($M36:$N36)-SUM($CV$6:CY$6)*$O36-SUM($CV$7:CY$7)*SUM($Y36:$Z36,$AF36)-SUM($CV$8:CY$8)*SUM($AA36:$AE36)-SUM($CV$9:CY$9)*$AG36 -> 0 | CZ36: =SUM($BE36,$BF36:BI36)-SUM($CV$1:CZ$1)*SUM($P36:$Q36,$W36)-SUM($CV$2:CZ$2)*SUM($R36:$V36)-SUM($CV$3:CZ$3)*$X36-SUM($CV$4:CZ$4)*SUM($K36:$L36)-SUM($CV$5:CZ$5)*SUM($M36:$N36)-SUM($CV$6:CZ$6)*$O36-SUM($CV$7:CZ$7)*SUM($Y36:$Z36,$AF36)-SUM($CV$8:CZ$8)*SUM($AA36:$AE36)-SUM($CV$9:CZ$9)*$AG36 -> 0 | DA36: =SUM($BE36,$BF36:BJ36)-SUM($CV$1:DA$1)*SUM($P36:$Q36,$W36)-SUM($CV$2:DA$2)*SUM($R36:$V36)-SUM($CV$3:DA$3)*$X36-SUM($CV$4:DA$4)*SUM($K36:$L36)-SUM($CV$5:DA$5)*SUM($M36:$N36)-SUM($CV$6:DA$6)*$O36-SUM($CV$7:DA$7)*SUM($Y36:$Z36,$AF36)-SUM($CV$8:DA$8)*SUM($AA36:$AE36)-SUM($CV$9:DA$9)*$AG36 -> 0 | DB36: =SUM($BE36,$BF36:BK36)-SUM($CV$1:DB$1)*SUM($P36:$Q36,$W36)-SUM($CV$2:DB$2)*SUM($R36:$V36)-SUM($CV$3:DB$3)*$X36-SUM($CV$4:DB$4)*SUM($K36:$L36)-SUM($CV$5:DB$5)*SUM($M36:$N36)-SUM($CV$6:DB$6)*$O36-SUM($CV$7:DB$7)*SUM($Y36:$Z36,$AF36)-SUM($CV$8:DB$8)*SUM($AA36:$AE36)-SUM($CV$9:DB$9)*$AG36 -> -600 | DC36: =SUM($BE36,$BF36:BL36)-SUM($CV$1:DC$1)*SUM($P36:$Q36,$W36)-SUM($CV$2:DC$2)*SUM($R36:$V36)-SUM($CV$3:DC$3)*$X36-SUM($CV$4:DC$4)*SUM($K36:$L36)-SUM($CV$5:DC$5)*SUM($M36:$N36)-SUM($CV$6:DC$6)*$O36-SUM($CV$7:DC$7)*SUM($Y36:$Z36,$AF36)-SUM($CV$8:DC$8)*SUM($AA36:$AE36)-SUM($CV$9:DC$9)*$AG36 -> 22460 | DD36: =SUM($BE36,$BF36:BM36)-SUM($CV$1:DD$1)*SUM($P36:$Q36,$W36)-SUM($CV$2:DD$2)*SUM($R36:$V36)-SUM($CV$3:DD$3)*$X36-SUM($CV$4:DD$4)*SUM($K36:$L36)-SUM($CV$5:DD$5)*SUM($M36:$N36)-SUM($CV$6:DD$6)*$O36-SUM($CV$7:DD$7)*SUM($Y36:$Z36,$AF36)-SUM($CV$8:DD$8)*SUM($AA36:$AE36)-SUM($CV$9:DD$9)*$AG36 -> 20598 | ... EO36: =SUM($BE36,$BF36:CX36)-SUM($CV$1:EO$1)*SUM($P36:$Q36,$W36)-SUM($CV$2:EO$2)*SUM($R36:$V36)-SUM($CV$3:EO$3)*$X36-SUM($CV$4:EO$4)*SUM($K36:$L36)-SUM($CV$5:EO$5)*SUM($M36:$N36)-SUM($CV$6:EO$6)*$O36-SUM($CV$7:EO$7)*SUM($Y36:$Z36,$AF36)-SUM($CV$8:EO$8)*SUM($AA36:$AE36)-SUM($CV$9:EO$9)*$AG36 -> 94 | EP36: =AR36 -> WAVE | EQ36: =C36 -> 1094L926-001 | ER36: =AQ36 -> WAVE MECHANICS | ES36: =AU36 -> 1.47 | ET36: =AV36 -> USD | EU36: =_xlfn.XLOOKUP(ET36,ET$3:ET$6,EU$3:EU$6,0) -> #NAME? | EV36: =ES36*EU36 -> #NAME? | EW36: =AN36 -> 1 | EX36: =AN36 -> 1 | EZ36: =MAX(EX36,CEILING(AM36+EY36,EW36)) -> 141242 | FA36: =EZ36*EV36 -> #NAME? | FB36: =EZ36-AM36 -> 0 | FC36: =FB36*EV36 -> #NAME? | FD36: 45523 | FE36: Sagi | FF36: Ordered | FG36: Y | FH36: RNSE | FI36: {=SUMPRODUCT($AI36:$AL36,TRANSPOSE(FI$1:FI$4))} -> 12130 | FJ36: {=SUMPRODUCT($AI36:$AL36,TRANSPOSE(FJ$1:FJ$4))} -> 12130 | FK36: {=SUMPRODUCT($AI36:$AL36,TRANSPOSE(FK$1:FK$4))} -> 12130 | FL36: {=SUMPRODUCT($AI36:$AL36,TRANSPOSE(FL$1:FL$4))} -> 12130 | FM36: {=SUMPRODUCT($AI36:$AL36,TRANSPOSE(FM$1:FM$4))} -> 12130 | FN36: {=SUMPRODUCT($AI36:$AL36,TRANSPOSE(FN$1:FN$4))} -> 12130 | FO36: {=SUMPRODUCT($AI36:$AL36,TRANSPOSE(FO$1:FO$4))} -> 12130 | FP36: {=SUMPRODUCT($AI36:$AL36,TRANSPOSE(FP$1:FP$4))} -> 12130 | ... FU36: {=SUMPRODUCT($AI36:$AL36,TRANSPOSE(FU$1:FU$4))} -> 0 | FW36: =CEILING(FI36,$EW36) -> 12130 | FX36: =CEILING(SUM($FI36:FJ36)-SUM($FW36:FW36),$EW36) -> 12130 | FY36: =CEILING(SUM($FI36:FK36)-SUM($FW36:FX36),$EW36) -> 12130 | FZ36: =CEILING(SUM($FI36:FL36)-SUM($FW36:FY36),$EW36) -> 12130 | GA36: =CEILING(SUM($FI36:FM36)-SUM($FW36:FZ36),$EW36) -> 12130 | GB36: =CEILING(SUM($FI36:FN36)-SUM($FW36:GA36),$EW36) -> 12130 | GC36: =CEILING(SUM($FI36:FO36)-SUM($FW36:GB36),$EW36) -> 12130 | GD36: =CEILING(SUM($FI36:FP36)-SUM($FW36:GC36),$EW36) -> 12130 | GE36: =CEILING(SUM($FI36:FQ36)-SUM($FW36:GD36),$EW36) -> 12130 | ... GG36: =CEILING(SUM($FI36:FS36)-SUM($FW36:GF36),$EW36) -> 12000 | GH36: =EZ36-SUM(FW36:GG36) -> 7972 | GI36: =EZ36-SUM(FW36:GH36) -> 0 | GK36: =FW36*$EV36 -> #NAME? | GL36: =FX36*$EV36 -> #NAME? | GM36: =FY36*$EV36 -> #NAME? | GN36: =FZ36*$EV36 -> #NAME? | GO36: =GA36*$EV36 -> #NAME? | GP36: =GB36*$EV36 -> #NAME? | GQ36: =GC36*$EV36 -> #NAME? | GR36: =GD36*$EV36 -> #NAME? | ... GW36: =GI36*$EV36 -> #NAME? | GX36: =SUM(GK36:GW36) -> #NAME? | GY36: 6 | GZ36: =SUM(FW36:FX36) -> 24260 | HB36: =SUM(FY36:FZ36) -> 24260 | HD36: =SUM(GA36:GB36) -> 24260 | HF36: =SUM(GC36:GD36) -> 24260 | HH36: =SUM(GE36:GF36) -> 24230 | HJ36: =SUM(GG36:GI36) -> 19972 | HL36: =GI36 -> 0 | HN36: =GZ36*$EV36 -> #NAME? | HO36: =HA36*$EV36 -> #NAME? | HP36: =HB36*$EV36 -> #NAME? | HQ36: =HC36*$EV36 -> #NAME? | HR36: =HD36*$EV36 -> #NAME? | HS36: =HE36*$EV36 -> #NAME? | HT36: =HF36*$EV36 -> #NAME? | HU36: =HG36*$EV36 -> #NAME? | ... HZ36: =HL36*$EV36 -> #NAME? | IA36: =SUM(HN36:HZ36) -> #NAME? | IB36: LT01-024 | IC36: P0013 | ID36: 45525 | IE36: Yes | IG36: Yes
A37: 31 | B37: LT01-025 | C37: 1094L935-001 | D37: - | E37: 403581656 | F37: SCREW 4-40 L150 | H37: EA | I37: 1 | J37: 6 | K37: 0 | L37: 2 | M37: 0 | N37: 0 | O37: 0 | P37: 0 | Q37: 2 | R37: 0 | S37: 0 | T37: 0 | U37: 0 | V37: 0 | W37: 0 | X37: 0 | Y37: 0 | Z37: 2 | AA37: 0 | AB37: 0 | AC37: 0 | AD37: 0 | AE37: 0 | AF37: 0 | AG37: 0 | AH37: =SUM(K37:AB37) -> 6 | AI37: =SUMPRODUCT($K$1:$AG$1,$K37:$AG37) -> 2 | AJ37: =SUMPRODUCT($K$2:$AG$2,$K37:$AG37) -> 2 | AK37: =SUMPRODUCT($K$3:$AG$3,$K37:$AG37) -> 2 | AL37: =SUMPRODUCT($K$4:$AG$4,$K37:$AG37) -> 0 | AM37: =SUMPRODUCT(K37:AG37,$K$6:$AG$6) -> 141242 | AN37: 1 | AO37: =CEILING(AM37,AN37) -> 141242 | AQ37: NIK MANUFACTURING CO. LTD. | AR37: WAVE | AU37: 3.3 | AV37: USD | AW37: Sujith John | AX37: sujith.ninan@wm.kahm.co | AZ37: 91.973119 | BA37: =IC37 -> P0013 | BB37: =EV37 -> #NAME? | BD37: =EZ37 -> 141242 | BL37: 24260 | BR37: 24260 | BV37: 24260 | CB37: 24260 | CH37: 24260 | CN37: 19972 | CW37: =SUM($BE37,$BF37:BF37)-SUM($CV$1:CW$1)*SUM($P37:$Q37,$W37)-SUM($CV$2:CW$2)*SUM($R37:$V37)-SUM($CV$3:CW$3)*$X37-SUM($CV$4:CW$4)*SUM($K37:$L37)-SUM($CV$5:CW$5)*SUM($M37:$N37)-SUM($CV$6:CW$6)*$O37-SUM($CV$7:CW$7)*SUM($Y37:$Z37,$AF37)-SUM($CV$8:CW$8)*SUM($AA37:$AE37)-SUM($CV$9:CW$9)*$AG37 -> 0 | CX37: =SUM($BE37,$BF37:BG37)-SUM($CV$1:CX$1)*SUM($P37:$Q37,$W37)-SUM($CV$2:CX$2)*SUM($R37:$V37)-SUM($CV$3:CX$3)*$X37-SUM($CV$4:CX$4)*SUM($K37:$L37)-SUM($CV$5:CX$5)*SUM($M37:$N37)-SUM($CV$6:CX$6)*$O37-SUM($CV$7:CX$7)*SUM($Y37:$Z37,$AF37)-SUM($CV$8:CX$8)*SUM($AA37:$AE37)-SUM($CV$9:CX$9)*$AG37 -> 0 | CY37: =SUM($BE37,$BF37:BH37)-SUM($CV$1:CY$1)*SUM($P37:$Q37,$W37)-SUM($CV$2:CY$2)*SUM($R37:$V37)-SUM($CV$3:CY$3)*$X37-SUM($CV$4:CY$4)*SUM($K37:$L37)-SUM($CV$5:CY$5)*SUM($M37:$N37)-SUM($CV$6:CY$6)*$O37-SUM($CV$7:CY$7)*SUM($Y37:$Z37,$AF37)-SUM($CV$8:CY$8)*SUM($AA37:$AE37)-SUM($CV$9:CY$9)*$AG37 -> 0 | CZ37: =SUM($BE37,$BF37:BI37)-SUM($CV$1:CZ$1)*SUM($P37:$Q37,$W37)-SUM($CV$2:CZ$2)*SUM($R37:$V37)-SUM($CV$3:CZ$3)*$X37-SUM($CV$4:CZ$4)*SUM($K37:$L37)-SUM($CV$5:CZ$5)*SUM($M37:$N37)-SUM($CV$6:CZ$6)*$O37-SUM($CV$7:CZ$7)*SUM($Y37:$Z37,$AF37)-SUM($CV$8:CZ$8)*SUM($AA37:$AE37)-SUM($CV$9:CZ$9)*$AG37 -> 0 | DA37: =SUM($BE37,$BF37:BJ37)-SUM($CV$1:DA$1)*SUM($P37:$Q37,$W37)-SUM($CV$2:DA$2)*SUM($R37:$V37)-SUM($CV$3:DA$3)*$X37-SUM($CV$4:DA$4)*SUM($K37:$L37)-SUM($CV$5:DA$5)*SUM($M37:$N37)-SUM($CV$6:DA$6)*$O37-SUM($CV$7:DA$7)*SUM($Y37:$Z37,$AF37)-SUM($CV$8:DA$8)*SUM($AA37:$AE37)-SUM($CV$9:DA$9)*$AG37 -> 0 | DB37: =SUM($BE37,$BF37:BK37)-SUM($CV$1:DB$1)*SUM($P37:$Q37,$W37)-SUM($CV$2:DB$2)*SUM($R37:$V37)-SUM($CV$3:DB$3)*$X37-SUM($CV$4:DB$4)*SUM($K37:$L37)-SUM($CV$5:DB$5)*SUM($M37:$N37)-SUM($CV$6:DB$6)*$O37-SUM($CV$7:DB$7)*SUM($Y37:$Z37,$AF37)-SUM($CV$8:DB$8)*SUM($AA37:$AE37)-SUM($CV$9:DB$9)*$AG37 -> -600 | DC37: =SUM($BE37,$BF37:BL37)-SUM($CV$1:DC$1)*SUM($P37:$Q37,$W37)-SUM($CV$2:DC$2)*SUM($R37:$V37)-SUM($CV$3:DC$3)*$X37-SUM($CV$4:DC$4)*SUM($K37:$L37)-SUM($CV$5:DC$5)*SUM($M37:$N37)-SUM($CV$6:DC$6)*$O37-SUM($CV$7:DC$7)*SUM($Y37:$Z37,$AF37)-SUM($CV$8:DC$8)*SUM($AA37:$AE37)-SUM($CV$9:DC$9)*$AG37 -> 22460 | DD37: =SUM($BE37,$BF37:BM37)-SUM($CV$1:DD$1)*SUM($P37:$Q37,$W37)-SUM($CV$2:DD$2)*SUM($R37:$V37)-SUM($CV$3:DD$3)*$X37-SUM($CV$4:DD$4)*SUM($K37:$L37)-SUM($CV$5:DD$5)*SUM($M37:$N37)-SUM($CV$6:DD$6)*$O37-SUM($CV$7:DD$7)*SUM($Y37:$Z37,$AF37)-SUM($CV$8:DD$8)*SUM($AA37:$AE37)-SUM($CV$9:DD$9)*$AG37 -> 20598 | ... EO37: =SUM($BE37,$BF37:CX37)-SUM($CV$1:EO$1)*SUM($P37:$Q37,$W37)-SUM($CV$2:EO$2)*SUM($R37:$V37)-SUM($CV$3:EO$3)*$X37-SUM($CV$4:EO$4)*SUM($K37:$L37)-SUM($CV$5:EO$5)*SUM($M37:$N37)-SUM($CV$6:EO$6)*$O37-SUM($CV$7:EO$7)*SUM($Y37:$Z37,$AF37)-SUM($CV$8:EO$8)*SUM($AA37:$AE37)-SUM($CV$9:EO$9)*$AG37 -> 94 | EP37: =AR37 -> WAVE | EQ37: =C37 -> 1094L935-001 | ER37: WAVE MECHANICS | ES37: =AU37 -> 3.3 | ET37: =AV37 -> USD | EU37: =_xlfn.XLOOKUP(ET37,ET$3:ET$6,EU$3:EU$6,0) -> #NAME? | EV37: =ES37*EU37 -> #NAME? | EW37: =AN37 -> 1 | EX37: =AN37 -> 1 | EZ37: =MAX(EX37,CEILING(AM37+EY37,EW37)) -> 141242 | FA37: =EZ37*EV37 -> #NAME? | FB37: =EZ37-AM37 -> 0 | FC37: =FB37*EV37 -> #NAME? | FD37: 45523 | FE37: Sagi | FF37: Ordered | FG37: Y | FH37: RNSE | FI37: {=SUMPRODUCT($AI37:$AL37,TRANSPOSE(FI$1:FI$4))} -> 12130 | FJ37: {=SUMPRODUCT($AI37:$AL37,TRANSPOSE(FJ$1:FJ$4))} -> 12130 | FK37: {=SUMPRODUCT($AI37:$AL37,TRANSPOSE(FK$1:FK$4))} -> 12130 | FL37: {=SUMPRODUCT($AI37:$AL37,TRANSPOSE(FL$1:FL$4))} -> 12130 | FM37: {=SUMPRODUCT($AI37:$AL37,TRANSPOSE(FM$1:FM$4))} -> 12130 | FN37: {=SUMPRODUCT($AI37:$AL37,TRANSPOSE(FN$1:FN$4))} -> 12130 | FO37: {=SUMPRODUCT($AI37:$AL37,TRANSPOSE(FO$1:FO$4))} -> 12130 | FP37: {=SUMPRODUCT($AI37:$AL37,TRANSPOSE(FP$1:FP$4))} -> 12130 | ... FU37: {=SUMPRODUCT($AI37:$AL37,TRANSPOSE(FU$1:FU$4))} -> 0 | FW37: =CEILING(FI37,$EW37) -> 12130 | FX37: =CEILING(SUM($FI37:FJ37)-SUM($FW37:FW37),$EW37) -> 12130 | FY37: =CEILING(SUM($FI37:FK37)-SUM($FW37:FX37),$EW37) -> 12130 | FZ37: =CEILING(SUM($FI37:FL37)-SUM($FW37:FY37),$EW37) -> 12130 | GA37: =CEILING(SUM($FI37:FM37)-SUM($FW37:FZ37),$EW37) -> 12130 | GB37: =CEILING(SUM($FI37:FN37)-SUM($FW37:GA37),$EW37) -> 12130 | GC37: =CEILING(SUM($FI37:FO37)-SUM($FW37:GB37),$EW37) -> 12130 | GD37: =CEILING(SUM($FI37:FP37)-SUM($FW37:GC37),$EW37) -> 12130 | GE37: =CEILING(SUM($FI37:FQ37)-SUM($FW37:GD37),$EW37) -> 12130 | ... GG37: =CEILING(SUM($FI37:FS37)-SUM($FW37:GF37),$EW37) -> 12000 | GH37: =EZ37-SUM(FW37:GG37) -> 7972 | GI37: =EZ37-SUM(FW37:GH37) -> 0 | GK37: =FW37*$EV37 -> #NAME? | GL37: =FX37*$EV37 -> #NAME? | GM37: =FY37*$EV37 -> #NAME? | GN37: =FZ37*$EV37 -> #NAME? | GO37: =GA37*$EV37 -> #NAME? | GP37: =GB37*$EV37 -> #NAME? | GQ37: =GC37*$EV37 -> #NAME? | GR37: =GD37*$EV37 -> #NAME? | ... GW37: =GI37*$EV37 -> #NAME? | GX37: =SUM(GK37:GW37) -> #NAME? | GY37: 6 | GZ37: =SUM(FW37:FX37) -> 24260 | HB37: =SUM(FY37:FZ37) -> 24260 | HD37: =SUM(GA37:GB37) -> 24260 | HF37: =SUM(GC37:GD37) -> 24260 | HH37: =SUM(GE37:GF37) -> 24230 | HJ37: =SUM(GG37:GI37) -> 19972 | HL37: =GI37 -> 0 | HN37: =GZ37*$EV37 -> #NAME? | HO37: =HA37*$EV37 -> #NAME? | HP37: =HB37*$EV37 -> #NAME? | HQ37: =HC37*$EV37 -> #NAME? | HR37: =HD37*$EV37 -> #NAME? | HS37: =HE37*$EV37 -> #NAME? | HT37: =HF37*$EV37 -> #NAME? | HU37: =HG37*$EV37 -> #NAME? | ... HZ37: =HL37*$EV37 -> #NAME? | IA37: =SUM(HN37:HZ37) -> #NAME? | IB37: LT01-025 | IC37: P0013 | ID37: 45525 | IE37: Yes | IG37: Yes
A38: 33 | B38: LT01-026 | C38: 1094N754-001 | D38: A | E38: 408272431 | F38: BEND OF TRANSISTOR | H38: EA | I38: 1 | J38: 2 | K38: 0 | L38: 0 | M38: 0 | N38: 0 | O38: 0 | P38: 0 | Q38: 0 | R38: 1 | S38: 0 | T38: 0 | U38: 0 | V38: 0 | W38: 0 | X38: 0 | Y38: 0 | Z38: 0 | AA38: 1 | AB38: 0 | AC38: 0 | AD38: 0 | AE38: 0 | AF38: 0 | AG38: 0 | AH38: =SUM(K38:AB38) -> 2 | AI38: =SUMPRODUCT($K$1:$AG$1,$K38:$AG38) -> 0 | AJ38: =SUMPRODUCT($K$2:$AG$2,$K38:$AG38) -> 1 | AK38: =SUMPRODUCT($K$3:$AG$3,$K38:$AG38) -> 1 | AL38: =SUMPRODUCT($K$4:$AG$4,$K38:$AG38) -> 1 | AM38: =SUMPRODUCT(K38:AG38,$K$6:$AG$6) -> 35453 | AN38: 1 | AO38: =CEILING(AM38,AN38) -> 35453 | AP38: ASSY | AQ38: ASSY | BA38: =IC38 -> 0 | BB38: =EV38 -> #NAME? | BD38: =EZ38 -> 35453 | CW38: =SUM($BE38,$BF38:BF38)-SUM($CV$1:CW$1)*SUM($P38:$Q38,$W38)-SUM($CV$2:CW$2)*SUM($R38:$V38)-SUM($CV$3:CW$3)*$X38-SUM($CV$4:CW$4)*SUM($K38:$L38)-SUM($CV$5:CW$5)*SUM($M38:$N38)-SUM($CV$6:CW$6)*$O38-SUM($CV$7:CW$7)*SUM($Y38:$Z38,$AF38)-SUM($CV$8:CW$8)*SUM($AA38:$AE38)-SUM($CV$9:CW$9)*$AG38 -> 0 | CX38: =SUM($BE38,$BF38:BG38)-SUM($CV$1:CX$1)*SUM($P38:$Q38,$W38)-SUM($CV$2:CX$2)*SUM($R38:$V38)-SUM($CV$3:CX$3)*$X38-SUM($CV$4:CX$4)*SUM($K38:$L38)-SUM($CV$5:CX$5)*SUM($M38:$N38)-SUM($CV$6:CX$6)*$O38-SUM($CV$7:CX$7)*SUM($Y38:$Z38,$AF38)-SUM($CV$8:CX$8)*SUM($AA38:$AE38)-SUM($CV$9:CX$9)*$AG38 -> 0 | CY38: =SUM($BE38,$BF38:BH38)-SUM($CV$1:CY$1)*SUM($P38:$Q38,$W38)-SUM($CV$2:CY$2)*SUM($R38:$V38)-SUM($CV$3:CY$3)*$X38-SUM($CV$4:CY$4)*SUM($K38:$L38)-SUM($CV$5:CY$5)*SUM($M38:$N38)-SUM($CV$6:CY$6)*$O38-SUM($CV$7:CY$7)*SUM($Y38:$Z38,$AF38)-SUM($CV$8:CY$8)*SUM($AA38:$AE38)-SUM($CV$9:CY$9)*$AG38 -> 0 | CZ38: =SUM($BE38,$BF38:BI38)-SUM($CV$1:CZ$1)*SUM($P38:$Q38,$W38)-SUM($CV$2:CZ$2)*SUM($R38:$V38)-SUM($CV$3:CZ$3)*$X38-SUM($CV$4:CZ$4)*SUM($K38:$L38)-SUM($CV$5:CZ$5)*SUM($M38:$N38)-SUM($CV$6:CZ$6)*$O38-SUM($CV$7:CZ$7)*SUM($Y38:$Z38,$AF38)-SUM($CV$8:CZ$8)*SUM($AA38:$AE38)-SUM($CV$9:CZ$9)*$AG38 -> 0 | DA38: =SUM($BE38,$BF38:BJ38)-SUM($CV$1:DA$1)*SUM($P38:$Q38,$W38)-SUM($CV$2:DA$2)*SUM($R38:$V38)-SUM($CV$3:DA$3)*$X38-SUM($CV$4:DA$4)*SUM($K38:$L38)-SUM($CV$5:DA$5)*SUM($M38:$N38)-SUM($CV$6:DA$6)*$O38-SUM($CV$7:DA$7)*SUM($Y38:$Z38,$AF38)-SUM($CV$8:DA$8)*SUM($AA38:$AE38)-SUM($CV$9:DA$9)*$AG38 -> 0 | DB38: =SUM($BE38,$BF38:BK38)-SUM($CV$1:DB$1)*SUM($P38:$Q38,$W38)-SUM($CV$2:DB$2)*SUM($R38:$V38)-SUM($CV$3:DB$3)*$X38-SUM($CV$4:DB$4)*SUM($K38:$L38)-SUM($CV$5:DB$5)*SUM($M38:$N38)-SUM($CV$6:DB$6)*$O38-SUM($CV$7:DB$7)*SUM($Y38:$Z38,$AF38)-SUM($CV$8:DB$8)*SUM($AA38:$AE38)-SUM($CV$9:DB$9)*$AG38 -> -200 | DC38: =SUM($BE38,$BF38:BL38)-SUM($CV$1:DC$1)*SUM($P38:$Q38,$W38)-SUM($CV$2:DC$2)*SUM($R38:$V38)-SUM($CV$3:DC$3)*$X38-SUM($CV$4:DC$4)*SUM($K38:$L38)-SUM($CV$5:DC$5)*SUM($M38:$N38)-SUM($CV$6:DC$6)*$O38-SUM($CV$7:DC$7)*SUM($Y38:$Z38,$AF38)-SUM($CV$8:DC$8)*SUM($AA38:$AE38)-SUM($CV$9:DC$9)*$AG38 -> -600 | DD38: =SUM($BE38,$BF38:BM38)-SUM($CV$1:DD$1)*SUM($P38:$Q38,$W38)-SUM($CV$2:DD$2)*SUM($R38:$V38)-SUM($CV$3:DD$3)*$X38-SUM($CV$4:DD$4)*SUM($K38:$L38)-SUM($CV$5:DD$5)*SUM($M38:$N38)-SUM($CV$6:DD$6)*$O38-SUM($CV$7:DD$7)*SUM($Y38:$Z38,$AF38)-SUM($CV$8:DD$8)*SUM($AA38:$AE38)-SUM($CV$9:DD$9)*$AG38 -> -1231 | ... EO38: =SUM($BE38,$BF38:CX38)-SUM($CV$1:EO$1)*SUM($P38:$Q38,$W38)-SUM($CV$2:EO$2)*SUM($R38:$V38)-SUM($CV$3:EO$3)*$X38-SUM($CV$4:EO$4)*SUM($K38:$L38)-SUM($CV$5:EO$5)*SUM($M38:$N38)-SUM($CV$6:EO$6)*$O38-SUM($CV$7:EO$7)*SUM($Y38:$Z38,$AF38)-SUM($CV$8:EO$8)*SUM($AA38:$AE38)-SUM($CV$9:EO$9)*$AG38 -> -35811 | EP38: ASSY | EQ38: =C38 -> 1094N754-001 | ER38: =AQ38 -> ASSY | ES38: =AU38 -> 0 | ET38: =AV38 -> 0 | EU38: =_xlfn.XLOOKUP(ET38,ET$3:ET$6,EU$3:EU$6,0) -> #NAME? | EV38: =ES38*EU38 -> #NAME? | EW38: =AN38 -> 1 | EX38: =AN38 -> 1 | EZ38: =MAX(EX38,CEILING(AM38+EY38,EW38)) -> 35453 | FA38: =EZ38*EV38 -> #NAME? | FB38: =EZ38-AM38 -> 0 | FC38: =FB38*EV38 -> #NAME? | FD38: 45523 | FE38: Sagi | FF38: ASSY | FI38: {=SUMPRODUCT($AI38:$AL38,TRANSPOSE(FI$1:FI$4))} -> 3065 | FJ38: {=SUMPRODUCT($AI38:$AL38,TRANSPOSE(FJ$1:FJ$4))} -> 3065 | FK38: {=SUMPRODUCT($AI38:$AL38,TRANSPOSE(FK$1:FK$4))} -> 3065 | FL38: {=SUMPRODUCT($AI38:$AL38,TRANSPOSE(FL$1:FL$4))} -> 3065 | FM38: {=SUMPRODUCT($AI38:$AL38,TRANSPOSE(FM$1:FM$4))} -> 3065 | FN38: {=SUMPRODUCT($AI38:$AL38,TRANSPOSE(FN$1:FN$4))} -> 3065 | FO38: {=SUMPRODUCT($AI38:$AL38,TRANSPOSE(FO$1:FO$4))} -> 3065 | FP38: {=SUMPRODUCT($AI38:$AL38,TRANSPOSE(FP$1:FP$4))} -> 3065 | ... FU38: {=SUMPRODUCT($AI38:$AL38,TRANSPOSE(FU$1:FU$4))} -> 0 | FW38: =CEILING(FI38,$EW38) -> 3065 | FX38: =CEILING(SUM($FI38:FJ38)-SUM($FW38:FW38),$EW38) -> 3065 | FY38: =CEILING(SUM($FI38:FK38)-SUM($FW38:FX38),$EW38) -> 3065 | FZ38: =CEILING(SUM($FI38:FL38)-SUM($FW38:FY38),$EW38) -> 3065 | GA38: =CEILING(SUM($FI38:FM38)-SUM($FW38:FZ38),$EW38) -> 3065 | GB38: =CEILING(SUM($FI38:FN38)-SUM($FW38:GA38),$EW38) -> 3065 | GC38: =CEILING(SUM($FI38:FO38)-SUM($FW38:GB38),$EW38) -> 3065 | GD38: =CEILING(SUM($FI38:FP38)-SUM($FW38:GC38),$EW38) -> 3065 | GE38: =CEILING(SUM($FI38:FQ38)-SUM($FW38:GD38),$EW38) -> 3065 | ... GG38: =CEILING(SUM($FI38:FS38)-SUM($FW38:GF38),$EW38) -> 3000 | GH38: =EZ38-SUM(FW38:GG38) -> 1818 | GI38: =EZ38-SUM(FW38:GH38) -> 0 | GK38: =FW38*$EV38 -> #NAME? | GL38: =FX38*$EV38 -> #NAME? | GM38: =FY38*$EV38 -> #NAME? | GN38: =FZ38*$EV38 -> #NAME? | GO38: =GA38*$EV38 -> #NAME? | GP38: =GB38*$EV38 -> #NAME? | GQ38: =GC38*$EV38 -> #NAME? | GR38: =GD38*$EV38 -> #NAME? | ... GW38: =GI38*$EV38 -> #NAME? | GX38: =SUM(GK38:GW38) -> #NAME? | HL38: =GI38 -> 0 | HN38: =GZ38*$EV38 -> #NAME? | HO38: =HA38*$EV38 -> #NAME? | HP38: =HB38*$EV38 -> #NAME? | HQ38: =HC38*$EV38 -> #NAME? | HR38: =HD38*$EV38 -> #NAME? | HS38: =HE38*$EV38 -> #NAME? | HT38: =HF38*$EV38 -> #NAME? | HU38: =HG38*$EV38 -> #NAME? | ... HZ38: =HL38*$EV38 -> #NAME? | IA38: =SUM(HN38:HZ38) -> #NAME? | IB38: LT01-026
A39: 35 | B39: LT01-027 | C39: 1094N759-001 | D39: A | E39: 408557951 | F39: LABLE MODULE DTRM | H39: EA | I39: 1 | J39: 2 | K39: 0 | L39: 0 | M39: 0 | N39: 0 | O39: 0 | P39: 0 | Q39: 1 | R39: 0 | S39: 0 | T39: 0 | U39: 0 | V39: 0 | W39: 0 | X39: 0 | Y39: 0 | Z39: 1 | AA39: 0 | AB39: 0 | AC39: 0 | AD39: 0 | AE39: 0 | AF39: 0 | AG39: 0 | AH39: =SUM(K39:AB39) -> 2 | AI39: =SUMPRODUCT($K$1:$AG$1,$K39:$AG39) -> 0 | AJ39: =SUMPRODUCT($K$2:$AG$2,$K39:$AG39) -> 1 | AK39: =SUMPRODUCT($K$3:$AG$3,$K39:$AG39) -> 1 | AL39: =SUMPRODUCT($K$4:$AG$4,$K39:$AG39) -> 0 | AM39: =SUMPRODUCT(K39:AG39,$K$6:$AG$6) -> 35423 | AN39: 1 | AO39: =CEILING(AM39,AN39) -> 35423 | AQ39: PHOTO METAL | AR39: Ackerman | AU39: 0.6 | AV39: USD | AW39: Ori Ackerman | AX39: ori@ackerman-printing.com | AZ39: 972.4.8222088 ext.7 | BA39: =IC39 -> P0044 | BB39: =EV39 -> #NAME? | BC39: TBC | BD39: =EZ39 -> 35423 | CW39: =SUM($BE39,$BF39:BF39)-SUM($CV$1:CW$1)*SUM($P39:$Q39,$W39)-SUM($CV$2:CW$2)*SUM($R39:$V39)-SUM($CV$3:CW$3)*$X39-SUM($CV$4:CW$4)*SUM($K39:$L39)-SUM($CV$5:CW$5)*SUM($M39:$N39)-SUM($CV$6:CW$6)*$O39-SUM($CV$7:CW$7)*SUM($Y39:$Z39,$AF39)-SUM($CV$8:CW$8)*SUM($AA39:$AE39)-SUM($CV$9:CW$9)*$AG39 -> 0 | CX39: =SUM($BE39,$BF39:BG39)-SUM($CV$1:CX$1)*SUM($P39:$Q39,$W39)-SUM($CV$2:CX$2)*SUM($R39:$V39)-SUM($CV$3:CX$3)*$X39-SUM($CV$4:CX$4)*SUM($K39:$L39)-SUM($CV$5:CX$5)*SUM($M39:$N39)-SUM($CV$6:CX$6)*$O39-SUM($CV$7:CX$7)*SUM($Y39:$Z39,$AF39)-SUM($CV$8:CX$8)*SUM($AA39:$AE39)-SUM($CV$9:CX$9)*$AG39 -> 0 | CY39: =SUM($BE39,$BF39:BH39)-SUM($CV$1:CY$1)*SUM($P39:$Q39,$W39)-SUM($CV$2:CY$2)*SUM($R39:$V39)-SUM($CV$3:CY$3)*$X39-SUM($CV$4:CY$4)*SUM($K39:$L39)-SUM($CV$5:CY$5)*SUM($M39:$N39)-SUM($CV$6:CY$6)*$O39-SUM($CV$7:CY$7)*SUM($Y39:$Z39,$AF39)-SUM($CV$8:CY$8)*SUM($AA39:$AE39)-SUM($CV$9:CY$9)*$AG39 -> 0 | CZ39: =SUM($BE39,$BF39:BI39)-SUM($CV$1:CZ$1)*SUM($P39:$Q39,$W39)-SUM($CV$2:CZ$2)*SUM($R39:$V39)-SUM($CV$3:CZ$3)*$X39-SUM($CV$4:CZ$4)*SUM($K39:$L39)-SUM($CV$5:CZ$5)*SUM($M39:$N39)-SUM($CV$6:CZ$6)*$O39-SUM($CV$7:CZ$7)*SUM($Y39:$Z39,$AF39)-SUM($CV$8:CZ$8)*SUM($AA39:$AE39)-SUM($CV$9:CZ$9)*$AG39 -> 0 | DA39: =SUM($BE39,$BF39:BJ39)-SUM($CV$1:DA$1)*SUM($P39:$Q39,$W39)-SUM($CV$2:DA$2)*SUM($R39:$V39)-SUM($CV$3:DA$3)*$X39-SUM($CV$4:DA$4)*SUM($K39:$L39)-SUM($CV$5:DA$5)*SUM($M39:$N39)-SUM($CV$6:DA$6)*$O39-SUM($CV$7:DA$7)*SUM($Y39:$Z39,$AF39)-SUM($CV$8:DA$8)*SUM($AA39:$AE39)-SUM($CV$9:DA$9)*$AG39 -> 0 | DB39: =SUM($BE39,$BF39:BK39)-SUM($CV$1:DB$1)*SUM($P39:$Q39,$W39)-SUM($CV$2:DB$2)*SUM($R39:$V39)-SUM($CV$3:DB$3)*$X39-SUM($CV$4:DB$4)*SUM($K39:$L39)-SUM($CV$5:DB$5)*SUM($M39:$N39)-SUM($CV$6:DB$6)*$O39-SUM($CV$7:DB$7)*SUM($Y39:$Z39,$AF39)-SUM($CV$8:DB$8)*SUM($AA39:$AE39)-SUM($CV$9:DB$9)*$AG39 -> -200 | DC39: =SUM($BE39,$BF39:BL39)-SUM($CV$1:DC$1)*SUM($P39:$Q39,$W39)-SUM($CV$2:DC$2)*SUM($R39:$V39)-SUM($CV$3:DC$3)*$X39-SUM($CV$4:DC$4)*SUM($K39:$L39)-SUM($CV$5:DC$5)*SUM($M39:$N39)-SUM($CV$6:DC$6)*$O39-SUM($CV$7:DC$7)*SUM($Y39:$Z39,$AF39)-SUM($CV$8:DC$8)*SUM($AA39:$AE39)-SUM($CV$9:DC$9)*$AG39 -> -600 | DD39: =SUM($BE39,$BF39:BM39)-SUM($CV$1:DD$1)*SUM($P39:$Q39,$W39)-SUM($CV$2:DD$2)*SUM($R39:$V39)-SUM($CV$3:DD$3)*$X39-SUM($CV$4:DD$4)*SUM($K39:$L39)-SUM($CV$5:DD$5)*SUM($M39:$N39)-SUM($CV$6:DD$6)*$O39-SUM($CV$7:DD$7)*SUM($Y39:$Z39,$AF39)-SUM($CV$8:DD$8)*SUM($AA39:$AE39)-SUM($CV$9:DD$9)*$AG39 -> -1231 | ... EO39: =SUM($BE39,$BF39:CX39)-SUM($CV$1:EO$1)*SUM($P39:$Q39,$W39)-SUM($CV$2:EO$2)*SUM($R39:$V39)-SUM($CV$3:EO$3)*$X39-SUM($CV$4:EO$4)*SUM($K39:$L39)-SUM($CV$5:EO$5)*SUM($M39:$N39)-SUM($CV$6:EO$6)*$O39-SUM($CV$7:EO$7)*SUM($Y39:$Z39,$AF39)-SUM($CV$8:EO$8)*SUM($AA39:$AE39)-SUM($CV$9:EO$9)*$AG39 -> -35811 | EP39: Ackerman | EQ39: =C39 -> 1094N759-001 | ER39: =AQ39 -> PHOTO METAL | ES39: =AU39 -> 0.6 | ET39: =AV39 -> USD | EU39: =_xlfn.XLOOKUP(ET39,ET$3:ET$6,EU$3:EU$6,0) -> #NAME? | EV39: =ES39*EU39 -> #NAME? | EW39: =AN39 -> 1 | EX39: =AN39 -> 1 | EZ39: =MAX(EX39,CEILING(AM39+EY39,EW39)) -> 35423 | FA39: =EZ39*EV39 -> #NAME? | FB39: =EZ39-AM39 -> 0 | FC39: =FB39*EV39 -> #NAME? | FF39: Ordered | FH39: RNSE | FI39: {=SUMPRODUCT($AI39:$AL39,TRANSPOSE(FI$1:FI$4))} -> 3065 | FJ39: {=SUMPRODUCT($AI39:$AL39,TRANSPOSE(FJ$1:FJ$4))} -> 3065 | FK39: {=SUMPRODUCT($AI39:$AL39,TRANSPOSE(FK$1:FK$4))} -> 3065 | FL39: {=SUMPRODUCT($AI39:$AL39,TRANSPOSE(FL$1:FL$4))} -> 3065 | FM39: {=SUMPRODUCT($AI39:$AL39,TRANSPOSE(FM$1:FM$4))} -> 3065 | FN39: {=SUMPRODUCT($AI39:$AL39,TRANSPOSE(FN$1:FN$4))} -> 3065 | FO39: {=SUMPRODUCT($AI39:$AL39,TRANSPOSE(FO$1:FO$4))} -> 3065 | FP39: {=SUMPRODUCT($AI39:$AL39,TRANSPOSE(FP$1:FP$4))} -> 3065 | ... FU39: {=SUMPRODUCT($AI39:$AL39,TRANSPOSE(FU$1:FU$4))} -> 0 | FW39: =CEILING(FI39,$EW39) -> 3065 | FX39: =CEILING(SUM($FI39:FJ39)-SUM($FW39:FW39),$EW39) -> 3065 | FY39: =CEILING(SUM($FI39:FK39)-SUM($FW39:FX39),$EW39) -> 3065 | FZ39: =CEILING(SUM($FI39:FL39)-SUM($FW39:FY39),$EW39) -> 3065 | GA39: =CEILING(SUM($FI39:FM39)-SUM($FW39:FZ39),$EW39) -> 3065 | GB39: =CEILING(SUM($FI39:FN39)-SUM($FW39:GA39),$EW39) -> 3065 | GC39: =CEILING(SUM($FI39:FO39)-SUM($FW39:GB39),$EW39) -> 3065 | GD39: =CEILING(SUM($FI39:FP39)-SUM($FW39:GC39),$EW39) -> 3065 | GE39: =CEILING(SUM($FI39:FQ39)-SUM($FW39:GD39),$EW39) -> 3065 | ... GG39: =CEILING(SUM($FI39:FS39)-SUM($FW39:GF39),$EW39) -> 3000 | GH39: =EZ39-SUM(FW39:GG39) -> 1788 | GI39: =EZ39-SUM(FW39:GH39) -> 0 | GK39: =FW39*$EV39 -> #NAME? | GL39: =FX39*$EV39 -> #NAME? | GM39: =FY39*$EV39 -> #NAME? | GN39: =FZ39*$EV39 -> #NAME? | GO39: =GA39*$EV39 -> #NAME? | GP39: =GB39*$EV39 -> #NAME? | GQ39: =GC39*$EV39 -> #NAME? | GR39: =GD39*$EV39 -> #NAME? | ... GW39: =GI39*$EV39 -> #NAME? | GX39: =SUM(GK39:GW39) -> #NAME? | GY39: 4 | GZ39: =SUM(FW39:FY39) -> 9195 | HC39: =SUM(FZ39:GB39) -> 9195 | HF39: =SUM(GC39:GE39) -> 9195 | HI39: =SUM(GF39:GI39) -> 7838 | HL39: =GI39 -> 0 | HN39: =GZ39*$EV39 -> #NAME? | HO39: =HA39*$EV39 -> #NAME? | HP39: =HB39*$EV39 -> #NAME? | HQ39: =HC39*$EV39 -> #NAME? | HR39: =HD39*$EV39 -> #NAME? | HS39: =HE39*$EV39 -> #NAME? | HT39: =HF39*$EV39 -> #NAME? | HU39: =HG39*$EV39 -> #NAME? | ... HZ39: =HL39*$EV39 -> #NAME? | IA39: =SUM(HN39:HZ39) -> #NAME? | IB39: LT01-027 | IC39: P0044 | ID39: 45544 | IE39: No | IG39: Clarification | IH39: ELTA to confirm Part Revision to Ackerman | II39: Israel
A40: 36 | B40: LT01-028 | C40: 1094N761-002 | D40: - | E40: 411160563 | F40: BOX MACHINING | H40: EA | I40: 1 | J40: 3 | K40: 0 | L40: 0 | M40: 1 | N40: 0 | O40: 0 | P40: 0 | Q40: 0 | R40: 1 | S40: 0 | T40: 0 | U40: 0 | V40: 0 | W40: 0 | X40: 0 | Y40: 0 | Z40: 0 | AA40: 1 | AB40: 0 | AC40: 0 | AD40: 0 | AE40: 0 | AF40: 0 | AG40: 0 | AH40: =SUM(K40:AB40) -> 3 | AI40: =SUMPRODUCT($K$1:$AG$1,$K40:$AG40) -> 1 | AJ40: =SUMPRODUCT($K$2:$AG$2,$K40:$AG40) -> 1 | AK40: =SUMPRODUCT($K$3:$AG$3,$K40:$AG40) -> 1 | AL40: =SUMPRODUCT($K$4:$AG$4,$K40:$AG40) -> 2 | AM40: =SUMPRODUCT(K40:AG40,$K$6:$AG$6) -> 70681 | AN40: 1 | AO40: =CEILING(AM40,AN40) -> 70681 | AQ40: WAVE MECHANICS | AR40: WAVE | AU40: 46 | AV40: USD | AW40: Sujith John | AX40: sujith.ninan@wm.kahm.co | AZ40: 91.973119 | BA40: =IC40 -> P0013 | BB40: =EV40 -> #NAME? | BD40: =EZ40 -> 70681 | BL40: 6065 | BO40: 6065 | BR40: 6065 | BT40: 6065 | BV40: 6065 | BY40: 6065 | CB40: 6065 | CE40: 6065 | CH40: 6065 | CK40: 6050 | CN40: 6000 | CQ40: 4046 | CW40: =SUM($BE40,$BF40:BF40)-SUM($CV$1:CW$1)*SUM($P40:$Q40,$W40)-SUM($CV$2:CW$2)*SUM($R40:$V40)-SUM($CV$3:CW$3)*$X40-SUM($CV$4:CW$4)*SUM($K40:$L40)-SUM($CV$5:CW$5)*SUM($M40:$N40)-SUM($CV$6:CW$6)*$O40-SUM($CV$7:CW$7)*SUM($Y40:$Z40,$AF40)-SUM($CV$8:CW$8)*SUM($AA40:$AE40)-SUM($CV$9:CW$9)*$AG40 -> 0 | CX40: =SUM($BE40,$BF40:BG40)-SUM($CV$1:CX$1)*SUM($P40:$Q40,$W40)-SUM($CV$2:CX$2)*SUM($R40:$V40)-SUM($CV$3:CX$3)*$X40-SUM($CV$4:CX$4)*SUM($K40:$L40)-SUM($CV$5:CX$5)*SUM($M40:$N40)-SUM($CV$6:CX$6)*$O40-SUM($CV$7:CX$7)*SUM($Y40:$Z40,$AF40)-SUM($CV$8:CX$8)*SUM($AA40:$AE40)-SUM($CV$9:CX$9)*$AG40 -> 0 | CY40: =SUM($BE40,$BF40:BH40)-SUM($CV$1:CY$1)*SUM($P40:$Q40,$W40)-SUM($CV$2:CY$2)*SUM($R40:$V40)-SUM($CV$3:CY$3)*$X40-SUM($CV$4:CY$4)*SUM($K40:$L40)-SUM($CV$5:CY$5)*SUM($M40:$N40)-SUM($CV$6:CY$6)*$O40-SUM($CV$7:CY$7)*SUM($Y40:$Z40,$AF40)-SUM($CV$8:CY$8)*SUM($AA40:$AE40)-SUM($CV$9:CY$9)*$AG40 -> 0 | CZ40: =SUM($BE40,$BF40:BI40)-SUM($CV$1:CZ$1)*SUM($P40:$Q40,$W40)-SUM($CV$2:CZ$2)*SUM($R40:$V40)-SUM($CV$3:CZ$3)*$X40-SUM($CV$4:CZ$4)*SUM($K40:$L40)-SUM($CV$5:CZ$5)*SUM($M40:$N40)-SUM($CV$6:CZ$6)*$O40-SUM($CV$7:CZ$7)*SUM($Y40:$Z40,$AF40)-SUM($CV$8:CZ$8)*SUM($AA40:$AE40)-SUM($CV$9:CZ$9)*$AG40 -> 0 | DA40: =SUM($BE40,$BF40:BJ40)-SUM($CV$1:DA$1)*SUM($P40:$Q40,$W40)-SUM($CV$2:DA$2)*SUM($R40:$V40)-SUM($CV$3:DA$3)*$X40-SUM($CV$4:DA$4)*SUM($K40:$L40)-SUM($CV$5:DA$5)*SUM($M40:$N40)-SUM($CV$6:DA$6)*$O40-SUM($CV$7:DA$7)*SUM($Y40:$Z40,$AF40)-SUM($CV$8:DA$8)*SUM($AA40:$AE40)-SUM($CV$9:DA$9)*$AG40 -> 0 | DB40: =SUM($BE40,$BF40:BK40)-SUM($CV$1:DB$1)*SUM($P40:$Q40,$W40)-SUM($CV$2:DB$2)*SUM($R40:$V40)-SUM($CV$3:DB$3)*$X40-SUM($CV$4:DB$4)*SUM($K40:$L40)-SUM($CV$5:DB$5)*SUM($M40:$N40)-SUM($CV$6:DB$6)*$O40-SUM($CV$7:DB$7)*SUM($Y40:$Z40,$AF40)-SUM($CV$8:DB$8)*SUM($AA40:$AE40)-SUM($CV$9:DB$9)*$AG40 -> -300 | DC40: =SUM($BE40,$BF40:BL40)-SUM($CV$1:DC$1)*SUM($P40:$Q40,$W40)-SUM($CV$2:DC$2)*SUM($R40:$V40)-SUM($CV$3:DC$3)*$X40-SUM($CV$4:DC$4)*SUM($K40:$L40)-SUM($CV$5:DC$5)*SUM($M40:$N40)-SUM($CV$6:DC$6)*$O40-SUM($CV$7:DC$7)*SUM($Y40:$Z40,$AF40)-SUM($CV$8:DC$8)*SUM($AA40:$AE40)-SUM($CV$9:DC$9)*$AG40 -> 5165 | DD40: =SUM($BE40,$BF40:BM40)-SUM($CV$1:DD$1)*SUM($P40:$Q40,$W40)-SUM($CV$2:DD$2)*SUM($R40:$V40)-SUM($CV$3:DD$3)*$X40-SUM($CV$4:DD$4)*SUM($K40:$L40)-SUM($CV$5:DD$5)*SUM($M40:$N40)-SUM($CV$6:DD$6)*$O40-SUM($CV$7:DD$7)*SUM($Y40:$Z40,$AF40)-SUM($CV$8:DD$8)*SUM($AA40:$AE40)-SUM($CV$9:DD$9)*$AG40 -> 4234 | ... EO40: =SUM($BE40,$BF40:CX40)-SUM($CV$1:EO$1)*SUM($P40:$Q40,$W40)-SUM($CV$2:EO$2)*SUM($R40:$V40)-SUM($CV$3:EO$3)*$X40-SUM($CV$4:EO$4)*SUM($K40:$L40)-SUM($CV$5:EO$5)*SUM($M40:$N40)-SUM($CV$6:EO$6)*$O40-SUM($CV$7:EO$7)*SUM($Y40:$Z40,$AF40)-SUM($CV$8:EO$8)*SUM($AA40:$AE40)-SUM($CV$9:EO$9)*$AG40 -> 92 | EP40: =AR40 -> WAVE | EQ40: =C40 -> 1094N761-002 | ER40: =AQ40 -> WAVE MECHANICS | ES40: =AU40 -> 46 | ET40: =AV40 -> USD | EU40: =_xlfn.XLOOKUP(ET40,ET$3:ET$6,EU$3:EU$6,0) -> #NAME? | EV40: =ES40*EU40 -> #NAME? | EW40: =AN40 -> 1 | EX40: =AN40 -> 1 | EZ40: =MAX(EX40,CEILING(AM40+EY40,EW40)) -> 70681 | FA40: =EZ40*EV40 -> #NAME? | FB40: =EZ40-AM40 -> 0 | FC40: =FB40*EV40 -> #NAME? | FD40: 45523 | FE40: Sagi | FF40: Ordered | FG40: Y | FH40: RNSE | FI40: {=SUMPRODUCT($AI40:$AL40,TRANSPOSE(FI$1:FI$4))} -> 6065 | FJ40: {=SUMPRODUCT($AI40:$AL40,TRANSPOSE(FJ$1:FJ$4))} -> 6065 | FK40: {=SUMPRODUCT($AI40:$AL40,TRANSPOSE(FK$1:FK$4))} -> 6065 | FL40: {=SUMPRODUCT($AI40:$AL40,TRANSPOSE(FL$1:FL$4))} -> 6065 | FM40: {=SUMPRODUCT($AI40:$AL40,TRANSPOSE(FM$1:FM$4))} -> 6065 | FN40: {=SUMPRODUCT($AI40:$AL40,TRANSPOSE(FN$1:FN$4))} -> 6065 | FO40: {=SUMPRODUCT($AI40:$AL40,TRANSPOSE(FO$1:FO$4))} -> 6065 | FP40: {=SUMPRODUCT($AI40:$AL40,TRANSPOSE(FP$1:FP$4))} -> 6065 | ... FU40: {=SUMPRODUCT($AI40:$AL40,TRANSPOSE(FU$1:FU$4))} -> 0 | FW40: =CEILING(FI40,$EW40) -> 6065 | FX40: =CEILING(SUM($FI40:FJ40)-SUM($FW40:FW40),$EW40) -> 6065 | FY40: =CEILING(SUM($FI40:FK40)-SUM($FW40:FX40),$EW40) -> 6065 | FZ40: =CEILING(SUM($FI40:FL40)-SUM($FW40:FY40),$EW40) -> 6065 | GA40: =CEILING(SUM($FI40:FM40)-SUM($FW40:FZ40),$EW40) -> 6065 | GB40: =CEILING(SUM($FI40:FN40)-SUM($FW40:GA40),$EW40) -> 6065 | GC40: =CEILING(SUM($FI40:FO40)-SUM($FW40:GB40),$EW40) -> 6065 | GD40: =CEILING(SUM($FI40:FP40)-SUM($FW40:GC40),$EW40) -> 6065 | GE40: =CEILING(SUM($FI40:FQ40)-SUM($FW40:GD40),$EW40) -> 6065 | ... GG40: =CEILING(SUM($FI40:FS40)-SUM($FW40:GF40),$EW40) -> 6000 | GH40: =EZ40-SUM(FW40:GG40) -> 4046 | GI40: =EZ40-SUM(FW40:GH40) -> 0 | GK40: =FW40*$EV40 -> #NAME? | GL40: =FX40*$EV40 -> #NAME? | GM40: =FY40*$EV40 -> #NAME? | GN40: =FZ40*$EV40 -> #NAME? | GO40: =GA40*$EV40 -> #NAME? | GP40: =GB40*$EV40 -> #NAME? | GQ40: =GC40*$EV40 -> #NAME? | GR40: =GD40*$EV40 -> #NAME? | ... GW40: =GI40*$EV40 -> #NAME? | GX40: =SUM(GK40:GW40) -> #NAME? | GY40: 12 | GZ40: =FW40 -> 6065 | HA40: =FX40 -> 6065 | HB40: =FY40 -> 6065 | HC40: =FZ40 -> 6065 | HD40: =GA40 -> 6065 | HE40: =GB40 -> 6065 | HF40: =GC40 -> 6065 | HG40: =GD40 -> 6065 | ... HL40: =GI40 -> 0 | HN40: =GZ40*$EV40 -> #NAME? | HO40: =HA40*$EV40 -> #NAME? | HP40: =HB40*$EV40 -> #NAME? | HQ40: =HC40*$EV40 -> #NAME? | HR40: =HD40*$EV40 -> #NAME? | HS40: =HE40*$EV40 -> #NAME? | HT40: =HF40*$EV40 -> #NAME? | HU40: =HG40*$EV40 -> #NAME? | ... HZ40: =HL40*$EV40 -> #NAME? | IA40: =SUM(HN40:HZ40) -> #NAME? | IB40: LT01-028 | IC40: P0013 | ID40: 45525 | IE40: Yes | IG40: Yes
