Workbook
Name TIER2: [1]TIER2!#REF!

Sheet avl 18.08.24
CU5: DRM F/ASSY | CV5: 0 | CW5: 1096M150-001 | DD5: 180 | DE5: 598 | DF5: 1000 | DG5: 1000 | DH5: 1000 | DI5: 1000 | DJ5: 1000 | DK5: 1000 | DL5: 1000 | DM5: 1000 | DN5: 1000 | DO5: 1000 | DP5: 1000 | DQ5: 1000 | DR5: 1000 | DS5: 1000 | DT5: 1000 | DU5: 1000 | DV5: 1000 | DW5: 1000 | DX5: 1000 | DY5: 1000 | DZ5: 1000 | EA5: 1000 | EB5: 1000 | EC5: 1000 | ED5: 1000 | EE5: 1000 | EF5: 1000 | EG5: 1000 | EH5: 1000 | EI5: 1000 | EJ5: 1000 | EK5: 1000 | EL5: 1000 | EM5: 1000 | ER5: DRM F/ASSY | ES5: 0 | ET5: 1096M150-001 | EU5: =CX5 -> 0 | EV5: =CY5 -> 0 | EW5: =CZ5 -> 0 | EX5: =DA5 -> 0 | EY5: =DB5 -> 0 | EZ5: =DC5 -> 0 | FA5: =DD5 -> 180 | FB5: =DE5 -> 598 | ... GJ5: =EM5 -> 1000 | IV5: ;
CU6: DRM ASSY | CV6: 1 | CW6: 1096M155-001 | DD6: 180 | DE6: 598 | DF6: 1000 | DG6: 1000 | DH6: 1000 | DI6: 1000 | DJ6: 1000 | DK6: 1000 | DL6: 1000 | DM6: 1000 | DN6: 1000 | DO6: 1000 | DP6: 1000 | DQ6: 1000 | DR6: 1000 | DS6: 1000 | DT6: 1000 | DU6: 1000 | DV6: 1000 | DW6: 1000 | DX6: 1000 | DY6: 1000 | DZ6: 1000 | EA6: 1000 | EB6: 1000 | EC6: 1000 | ED6: 1000 | EE6: 1000 | EF6: 1000 | EG6: 1000 | EH6: 1000 | EI6: 1000 | EJ6: 1000 | EK6: 1000 | EL6: 1000 | EM6: 1000 | ER6: DRM ASSY | ES6: 1 | ET6: 1096M155-001 | EU6: =CX6 -> 0 | EV6: =CY6 -> 0 | EW6: =CZ6 -> 0 | EX6: =DA6 -> 0 | EY6: =DB6 -> 0 | EZ6: =DC6 -> 0 | FA6: =DD6 -> 180 | FB6: =DE6 -> 598 | ... GJ6: =EM6 -> 1000
CU7: DRM PS ASSY RX | CV7: 2 | CW7: 1096M156-001 | DD7: 180 | DE7: 598 | DF7: 1000 | DG7: 1000 | DH7: 1000 | DI7: 1000 | DJ7: 1000 | DK7: 1000 | DL7: 1000 | DM7: 1000 | DN7: 1000 | DO7: 1000 | DP7: 1000 | DQ7: 1000 | DR7: 1000 | DS7: 1000 | DT7: 1000 | DU7: 1000 | DV7: 1000 | DW7: 1000 | DX7: 1000 | DY7: 1000 | DZ7: 1000 | EA7: 1000 | EB7: 1000 | EC7: 1000 | ED7: 1000 | EE7: 1000 | EF7: 1000 | EG7: 1000 | EH7: 1000 | EI7: 1000 | EJ7: 1000 | EK7: 1000 | EL7: 1000 | EM7: 1000 | ER7: DRM PS ASSY RX | ES7: 2 | ET7: 1096M156-001 | EU7: =CX7 -> 0 | EV7: =CY7 -> 0 | EW7: =CZ7 -> 0 | EX7: =DA7 -> 0 | EY7: =DB7 -> 0 | EZ7: =DC7 -> 0 | FA7: =DD7 -> 180 | FB7: =DE7 -> 598 | ... GJ7: =EM7 -> 1000
CU8: DRM RX ASSY | CV8: 3 | CW8: 1096M160-001 | DD8: 180 | DE8: 598 | DF8: 1000 | DG8: 1000 | DH8: 1000 | DI8: 1000 | DJ8: 1000 | DK8: 1000 | DL8: 1000 | DM8: 1000 | DN8: 1000 | DO8: 1000 | DP8: 1000 | DQ8: 1000 | DR8: 1000 | DS8: 1000 | DT8: 1000 | DU8: 1000 | DV8: 1000 | DW8: 1000 | DX8: 1000 | DY8: 1000 | DZ8: 1000 | EA8: 1000 | EB8: 1000 | EC8: 1000 | ED8: 1000 | EE8: 1000 | EF8: 1000 | EG8: 1000 | EH8: 1000 | EI8: 1000 | EJ8: 1000 | EK8: 1000 | EL8: 1000 | EM8: 1000 | ER8: DRM RX ASSY | ES8: 3 | ET8: 1096M160-001 | EU8: =CX8 -> 0 | EV8: =CY8 -> 0 | EW8: =CZ8 -> 0 | EX8: =DA8 -> 0 | EY8: =DB8 -> 0 | EZ8: =DC8 -> 0 | FA8: =DD8 -> 180 | FB8: =DE8 -> 598 | ... GJ8: =EM8 -> 1000
CU9: PC ASSY DRM CONTROLER NG 400 | CV9: 2 | CW9: 1094T037-001 | DD9: 180 | DE9: 598 | DF9: 1000 | DG9: 1000 | DH9: 1000 | DI9: 1000 | DJ9: 1000 | DK9: 1000 | DL9: 1000 | DM9: 1000 | DN9: 1000 | DO9: 1000 | DP9: 1000 | DQ9: 1000 | DR9: 1000 | DS9: 1000 | DT9: 1000 | DU9: 1000 | DV9: 1000 | DW9: 1000 | DX9: 1000 | DY9: 1000 | DZ9: 1000 | EA9: 1000 | EB9: 1000 | EC9: 1000 | ED9: 1000 | EE9: 1000 | EF9: 1000 | EG9: 1000 | EH9: 1000 | EI9: 1000 | EJ9: 1000 | EK9: 1000 | EL9: 1000 | EM9: 1000 | ER9: PC ASSY DRM CONTROLER NG 400 | ES9: 2 | ET9: 1094T037-001 | EU9: =CX9 -> 0 | EV9: =CY9 -> 0 | EW9: =CZ9 -> 0 | EX9: =DA9 -> 0 | EY9: =DB9 -> 0 | EZ9: =DC9 -> 0 | FA9: =DD9 -> 180 | FB9: =DE9 -> 598 | ... GJ9: =EM9 -> 1000
CU10: DTRM F/ASSY | CV10: 0 | CW10: 1096M130-001 | DD10: 180 | DE10: 1000 | DF10: 1000 | DG10: 1000 | DH10: 1000 | DI10: 1000 | DJ10: 1000 | DK10: 1000 | DL10: 1000 | DM10: 1000 | DN10: 1000 | DO10: 1000 | DP10: 1000 | DQ10: 1000 | DR10: 1000 | DS10: 1000 | DT10: 1000 | DU10: 1000 | DV10: 1000 | DW10: 1000 | DX10: 1000 | DY10: 1000 | DZ10: 1000 | EA10: 1000 | EB10: 1000 | EC10: 1000 | ED10: 1000 | EE10: 1000 | EF10: 1000 | EG10: 1000 | EH10: 1000 | EI10: 1000 | EJ10: 1000 | EK10: 1000 | EL10: 1000 | EM10: 1000 | ER10: DTRM F/ASSY | ES10: 0 | ET10: 1096M130-001 | EU10: =CX10 -> 0 | EV10: =CY10 -> 0 | EW10: =CZ10 -> 0 | EX10: =DA10 -> 0 | EY10: =DB10 -> 0 | EZ10: =DC10 -> 0 | FA10: =DD10 -> 180 | FB10: =DE10 -> 1000 | ... GJ10: =EM10 -> 1000
CU11: DTRM F/ASSY | CV11: 1 | CW11: 1096M135-001 | DD11: 180 | DE11: 1000 | DF11: 1000 | DG11: 1000 | DH11: 1000 | DI11: 1000 | DJ11: 1000 | DK11: 1000 | DL11: 1000 | DM11: 1000 | DN11: 1000 | DO11: 1000 | DP11: 1000 | DQ11: 1000 | DR11: 1000 | DS11: 1000 | DT11: 1000 | DU11: 1000 | DV11: 1000 | DW11: 1000 | DX11: 1000 | DY11: 1000 | DZ11: 1000 | EA11: 1000 | EB11: 1000 | EC11: 1000 | ED11: 1000 | EE11: 1000 | EF11: 1000 | EG11: 1000 | EH11: 1000 | EI11: 1000 | EJ11: 1000 | EK11: 1000 | EL11: 1000 | EM11: 1000 | ER11: DTRM F/ASSY | ES11: 1 | ET11: 1096M135-001 | EU11: =CX11 -> 0 | EV11: =CY11 -> 0 | EW11: =CZ11 -> 0 | EX11: =DA11 -> 0 | EY11: =DB11 -> 0 | EZ11: =DC11 -> 0 | FA11: =DD11 -> 180 | FB11: =DE11 -> 1000 | ... GJ11: =EM11 -> 1000
CU12: DTRM POWER AMP ASSY | CV12: 2 | CW12: 1096M136-001 | DD12: 180 | DE12: 1000 | DF12: 1000 | DG12: 1000 | DH12: 1000 | DI12: 1000 | DJ12: 1000 | DK12: 1000 | DL12: 1000 | DM12: 1000 | DN12: 1000 | DO12: 1000 | DP12: 1000 | DQ12: 1000 | DR12: 1000 | DS12: 1000 | DT12: 1000 | DU12: 1000 | DV12: 1000 | DW12: 1000 | DX12: 1000 | DY12: 1000 | DZ12: 1000 | EA12: 1000 | EB12: 1000 | EC12: 1000 | ED12: 1000 | EE12: 1000 | EF12: 1000 | EG12: 1000 | EH12: 1000 | EI12: 1000 | EJ12: 1000 | EK12: 1000 | EL12: 1000 | EM12: 1000 | ER12: DTRM POWER AMP ASSY | ES12: 2 | ET12: 1096M136-001 | EU12: =CX12 -> 0 | EV12: =CY12 -> 0 | EW12: =CZ12 -> 0 | EX12: =DA12 -> 0 | EY12: =DB12 -> 0 | EZ12: =DC12 -> 0 | FA12: =DD12 -> 180 | FB12: =DE12 -> 1000 | ... GJ12: =EM12 -> 1000
CU13: DTRM PC ASSY PA CR | CV13: 3 | CW13: 1096M140-001 | DD13: 180 | DE13: 1000 | DF13: 1000 | DG13: 1000 | DH13: 1000 | DI13: 1000 | DJ13: 1000 | DK13: 1000 | DL13: 1000 | DM13: 1000 | DN13: 1000 | DO13: 1000 | DP13: 1000 | DQ13: 1000 | DR13: 1000 | DS13: 1000 | DT13: 1000 | DU13: 1000 | DV13: 1000 | DW13: 1000 | DX13: 1000 | DY13: 1000 | DZ13: 1000 | EA13: 1000 | EB13: 1000 | EC13: 1000 | ED13: 1000 | EE13: 1000 | EF13: 1000 | EG13: 1000 | EH13: 1000 | EI13: 1000 | EJ13: 1000 | EK13: 1000 | EL13: 1000 | EM13: 1000 | ER13: DTRM PC ASSY PA CR | ES13: 3 | ET13: 1096M140-001 | EU13: =CX13 -> 0 | EV13: =CY13 -> 0 | EW13: =CZ13 -> 0 | EX13: =DA13 -> 0 | EY13: =DB13 -> 0 | EZ13: =DC13 -> 0 | FA13: =DD13 -> 180 | FB13: =DE13 -> 1000 | ... GJ13: =EM13 -> 1000
CU14: CAPASITORS CALIBRATION KIT | CV14: 4 | CW14: 1094Y038-001 | DD14: 180 | DE14: 1000 | DF14: 1000 | DG14: 1000 | DH14: 1000 | DI14: 1000 | DJ14: 1000 | DK14: 1000 | DL14: 1000 | DM14: 1000 | DN14: 1000 | DO14: 1000 | DP14: 1000 | DQ14: 1000 | DR14: 1000 | DS14: 1000 | DT14: 1000 | DU14: 1000 | DV14: 1000 | DW14: 1000 | DX14: 1000 | DY14: 1000 | DZ14: 1000 | EA14: 1000 | EB14: 1000 | EC14: 1000 | ED14: 1000 | EE14: 1000 | EF14: 1000 | EG14: 1000 | EH14: 1000 | EI14: 1000 | EJ14: 1000 | EK14: 1000 | EL14: 1000 | EM14: 1000 | ER14: CAPASITORS CALIBRATION KIT | ES14: 4 | ET14: 1094Y038-001 | EU14: =CX14 -> 0 | EV14: =CY14 -> 0 | EW14: =CZ14 -> 0 | EX14: =DA14 -> 0 | EY14: =DB14 -> 0 | EZ14: =DC14 -> 0 | FA14: =DD14 -> 180 | FB14: =DE14 -> 1000 | ... GJ14: =EM14 -> 1000
CU15: BEND OF TRANSISTOR | CV15: 3 | CW15: 1094N754-001 | DD15: 180 | DE15: 1000 | DF15: 1000 | DG15: 1000 | DH15: 1000 | DI15: 1000 | DJ15: 1000 | DK15: 1000 | DL15: 1000 | DM15: 1000 | DN15: 1000 | DO15: 1000 | DP15: 1000 | DQ15: 1000 | DR15: 1000 | DS15: 1000 | DT15: 1000 | DU15: 1000 | DV15: 1000 | DW15: 1000 | DX15: 1000 | DY15: 1000 | DZ15: 1000 | EA15: 1000 | EB15: 1000 | EC15: 1000 | ED15: 1000 | EE15: 1000 | EF15: 1000 | EG15: 1000 | EH15: 1000 | EI15: 1000 | EJ15: 1000 | EK15: 1000 | EL15: 1000 | EM15: 1000 | ER15: BEND OF TRANSISTOR | ES15: 3 | ET15: 1094N754-001 | EU15: =CX15 -> 0 | EV15: =CY15 -> 0 | EW15: =CZ15 -> 0 | EX15: =DA15 -> 0 | EY15: =DB15 -> 0 | EZ15: =DC15 -> 0 | FA15: =DD15 -> 180 | FB15: =DE15 -> 1000 | ... GJ15: =EM15 -> 1000
CU16: EV CAP WITH BRACKET | CV16: 3 | CW16: 1093G277-001 | DD16: 180 | DE16: 1000 | DF16: 1000 | DG16: 1000 | DH16: 1000 | DI16: 1000 | DJ16: 1000 | DK16: 1000 | DL16: 1000 | DM16: 1000 | DN16: 1000 | DO16: 1000 | DP16: 1000 | DQ16: 1000 | DR16: 1000 | DS16: 1000 | DT16: 1000 | DU16: 1000 | DV16: 1000 | DW16: 1000 | DX16: 1000 | DY16: 1000 | DZ16: 1000 | EA16: 1000 | EB16: 1000 | EC16: 1000 | ED16: 1000 | EE16: 1000 | EF16: 1000 | EG16: 1000 | EH16: 1000 | EI16: 1000 | EJ16: 1000 | EK16: 1000 | EL16: 1000 | EM16: 1000 | ER16: EV CAP WITH BRACKET | ES16: 3 | ET16: 1093G277-001 | EU16: =CX16 -> 0 | EV16: =CY16 -> 0 | EW16: =CZ16 -> 0 | EX16: =DA16 -> 0 | EY16: =DB16 -> 0 | EZ16: =DC16 -> 0 | FA16: =DD16 -> 180 | FB16: =DE16 -> 1000 | ... GJ16: =EM16 -> 1000
CU17: INSIDE COVER ASSY | CV17: 2 | CW17: 1093N746-001 | DD17: 180 | DE17: 1000 | DF17: 1000 | DG17: 1000 | DH17: 1000 | DI17: 1000 | DJ17: 1000 | DK17: 1000 | DL17: 1000 | DM17: 1000 | DN17: 1000 | DO17: 1000 | DP17: 1000 | DQ17: 1000 | DR17: 1000 | DS17: 1000 | DT17: 1000 | DU17: 1000 | DV17: 1000 | DW17: 1000 | DX17: 1000 | DY17: 1000 | DZ17: 1000 | EA17: 1000 | EB17: 1000 | EC17: 1000 | ED17: 1000 | EE17: 1000 | EF17: 1000 | EG17: 1000 | EH17: 1000 | EI17: 1000 | EJ17: 1000 | EK17: 1000 | EL17: 1000 | EM17: 1000 | ER17: INSIDE COVER ASSY | ES17: 2 | ET17: 1093N746-001 | EU17: =CX17 -> 0 | EV17: =CY17 -> 0 | EW17: =CZ17 -> 0 | EX17: =DA17 -> 0 | EY17: =DB17 -> 0 | EZ17: =DC17 -> 0 | FA17: =DD17 -> 180 | FB17: =DE17 -> 1000 | ... GJ17: =EM17 -> 1000
CU18: PC ASSY CONTROLLER 400 | CV18: 2 | CW18: 1094N790-003 | DD18: 180 | DE18: 1000 | DF18: 1000 | DG18: 1000 | DH18: 1000 | DI18: 1000 | DJ18: 1000 | DK18: 1000 | DL18: 1000 | DM18: 1000 | DN18: 1000 | DO18: 1000 | DP18: 1000 | DQ18: 1000 | DR18: 1000 | DS18: 1000 | DT18: 1000 | DU18: 1000 | DV18: 1000 | DW18: 1000 | DX18: 1000 | DY18: 1000 | DZ18: 1000 | EA18: 1000 | EB18: 1000 | EC18: 1000 | ED18: 1000 | EE18: 1000 | EF18: 1000 | EG18: 1000 | EH18: 1000 | EI18: 1000 | EJ18: 1000 | EK18: 1000 | EL18: 1000 | EM18: 1000 | ER18: PC ASSY CONTROLLER 400 | ES18: 2 | ET18: 1094N790-003 | EU18: =CX18 -> 0 | EV18: =CY18 -> 0 | EW18: =CZ18 -> 0 | EX18: =DA18 -> 0 | EY18: =DB18 -> 0 | EZ18: =DC18 -> 0 | FA18: =DD18 -> 180 | FB18: =DE18 -> 1000 | ... GJ18: =EM18 -> 1000
A19: DRM | K19: 1 | L19: 1 | M19: 1 | N19: 1 | O19: 1 | CU19: D.A.D. F/ASSY | CV19: 0 | CW19: 1096M170-001 | DD19: 100 | DE19: 200 | DF19: 331 | ER19: D.A.D. F/ASSY | ES19: 0 | ET19: 1096M170-001 | EU19: =CX19 -> 0 | EV19: =CY19 -> 0 | EW19: =CZ19 -> 0 | EX19: =DA19 -> 0 | EY19: =DB19 -> 0 | EZ19: =DC19 -> 0 | FA19: =DD19 -> 100 | FB19: =DE19 -> 200 | ... GJ19: =EM19 -> 0 | JG19: Total No of line items | JI19: 293 | JO19: =_xlfn.XLOOKUP(JO$27,'PO Delivery Schedule'!$A$3:$A$41,'PO Delivery Schedule'!$N$3:$N$41) -> #NAME? | JP19: =_xlfn.XLOOKUP(JP$27,'PO Delivery Schedule'!$A$3:$A$41,'PO Delivery Schedule'!$N$3:$N$41) -> #NAME? | JQ19: =_xlfn.XLOOKUP(JQ$27,'PO Delivery Schedule'!$A$3:$A$41,'PO Delivery Schedule'!$N$3:$N$41) -> #NAME? | JR19: =_xlfn.XLOOKUP(JR$27,'PO Delivery Schedule'!$A$3:$A$41,'PO Delivery Schedule'!$N$3:$N$41) -> #NAME? | JS19: =_xlfn.XLOOKUP(JS$27,'PO Delivery Schedule'!$A$3:$A$41,'PO Delivery Schedule'!$N$3:$N$41) -> #NAME? | JT19: =_xlfn.XLOOKUP(JT$27,'PO Delivery Schedule'!$A$3:$A$41,'PO Delivery Schedule'!$N$3:$N$41) -> #NAME? | JU19: =_xlfn.XLOOKUP(JU$27,'PO Delivery Schedule'!$A$3:$A$41,'PO Delivery Schedule'!$N$3:$N$41) -> #NAME? | JV19: =_xlfn.XLOOKUP(JV$27,'PO Delivery Schedule'!$A$3:$A$41,'PO Delivery Schedule'!$N$3:$N$41) -> #NAME? | ... KA19: =_xlfn.XLOOKUP(KA$27,'PO Delivery Schedule'!$A$3:$A$41,'PO Delivery Schedule'!$N$3:$N$41) -> #NAME? | KB19: =SUM(JO19:KA19) -> #NAME? | MP19: Final Supplier | MQ19: No of Line items
A20: DTRM | P20: 1 | Q20: 1 | R20: 1 | S20: 1 | T20: 1 | U20: 1 | V20: 1 | W20: 1 | X20: 1 | CU20: D.A.D. ASSY | CV20: 1 | CW20: 1096M175-001 | DD20: 100 | DE20: 200 | DF20: 331 | ER20: D.A.D. ASSY | ES20: 1 | ET20: 1096M175-001 | EU20: =CX20 -> 0 | EV20: =CY20 -> 0 | EW20: =CZ20 -> 0 | EX20: =DA20 -> 0 | EY20: =DB20 -> 0 | EZ20: =DC20 -> 0 | FA20: =DD20 -> 100 | FB20: =DE20 -> 200 | ... GJ20: =EM20 -> 0 | JG20: Assy | JI20: 18 | JO20: =_xlfn.XLOOKUP(JO$27,'PO Delivery Schedule'!$A$3:$A$41,'PO Delivery Schedule'!$O$3:$O$41) -> #NAME? | JP20: =_xlfn.XLOOKUP(JP$27,'PO Delivery Schedule'!$A$3:$A$41,'PO Delivery Schedule'!$O$3:$O$41) -> #NAME? | JQ20: =_xlfn.XLOOKUP(JQ$27,'PO Delivery Schedule'!$A$3:$A$41,'PO Delivery Schedule'!$O$3:$O$41) -> #NAME? | JR20: =_xlfn.XLOOKUP(JR$27,'PO Delivery Schedule'!$A$3:$A$41,'PO Delivery Schedule'!$O$3:$O$41) -> #NAME? | JS20: =_xlfn.XLOOKUP(JS$27,'PO Delivery Schedule'!$A$3:$A$41,'PO Delivery Schedule'!$O$3:$O$41) -> #NAME? | JT20: =_xlfn.XLOOKUP(JT$27,'PO Delivery Schedule'!$A$3:$A$41,'PO Delivery Schedule'!$O$3:$O$41) -> #NAME? | JU20: =_xlfn.XLOOKUP(JU$27,'PO Delivery Schedule'!$A$3:$A$41,'PO Delivery Schedule'!$O$3:$O$41) -> #NAME? | JV20: =_xlfn.XLOOKUP(JV$27,'PO Delivery Schedule'!$A$3:$A$41,'PO Delivery Schedule'!$O$3:$O$41) -> #NAME? | ... KA20: =_xlfn.XLOOKUP(KA$27,'PO Delivery Schedule'!$A$3:$A$41,'PO Delivery Schedule'!$O$3:$O$41) -> #NAME? | KB20: =SUM(JO20:KA20) -> #NAME? | MP20: PRONAT | MQ20: 1
A21: DAD | Y21: 1 | Z21: 1 | AA21: 1 | AB21: 1 | AC21: 1 | AD21: 1 | AE21: 1 | AF21: 1 | AG21: 1 | CU21: D.A.D. POWER AMP ASSY | CV21: 2 | CW21: 1096M176-001 | DD21: 100 | DE21: 200 | DF21: 331 | ER21: D.A.D. POWER AMP ASSY | ES21: 2 | ET21: 1096M176-001 | EU21: =CX21 -> 0 | EV21: =CY21 -> 0 | EW21: =CZ21 -> 0 | EX21: =DA21 -> 0 | EY21: =DB21 -> 0 | EZ21: =DC21 -> 0 | FA21: =DD21 -> 100 | FB21: =DE21 -> 200 | ... GJ21: =EM21 -> 0 | IZ21: USD | JA21: 1 | JG21: BFE | JI21: 10 | JO21: =_xlfn.XLOOKUP(JO$27,'PO Delivery Schedule'!$A$3:$A$41,'PO Delivery Schedule'!$P$3:$P$41) -> #NAME? | JP21: =_xlfn.XLOOKUP(JP$27,'PO Delivery Schedule'!$A$3:$A$41,'PO Delivery Schedule'!$P$3:$P$41) -> #NAME? | JQ21: =_xlfn.XLOOKUP(JQ$27,'PO Delivery Schedule'!$A$3:$A$41,'PO Delivery Schedule'!$P$3:$P$41) -> #NAME? | JR21: =_xlfn.XLOOKUP(JR$27,'PO Delivery Schedule'!$A$3:$A$41,'PO Delivery Schedule'!$P$3:$P$41) -> #NAME? | JS21: =_xlfn.XLOOKUP(JS$27,'PO Delivery Schedule'!$A$3:$A$41,'PO Delivery Schedule'!$P$3:$P$41) -> #NAME? | JT21: =_xlfn.XLOOKUP(JT$27,'PO Delivery Schedule'!$A$3:$A$41,'PO Delivery Schedule'!$P$3:$P$41) -> #NAME? | JU21: =_xlfn.XLOOKUP(JU$27,'PO Delivery Schedule'!$A$3:$A$41,'PO Delivery Schedule'!$P$3:$P$41) -> #NAME? | JV21: =_xlfn.XLOOKUP(JV$27,'PO Delivery Schedule'!$A$3:$A$41,'PO Delivery Schedule'!$P$3:$P$41) -> #NAME? | ... KA21: =_xlfn.XLOOKUP(KA$27,'PO Delivery Schedule'!$A$3:$A$41,'PO Delivery Schedule'!$P$3:$P$41) -> #NAME? | KB21: =SUM(JO21:KA21) -> #NAME? | MP21: ARROW RAPAC | MQ21: 2
A22: Spares | M22: 1 | N22: 1 | O22: 1 | R22: 1 | S22: 1 | T22: 1 | U22: 1 | V22: 1 | X22: 1 | CU22: D.A.D. PC ASSY PA CR | CV22: 3 | CW22: 1096M180-001 | DD22: 100 | DE22: 200 | DF22: 331 | ER22: D.A.D. PC ASSY PA CR | ES22: 3 | ET22: 1096M180-001 | EU22: =CX22 -> 0 | EV22: =CY22 -> 0 | EW22: =CZ22 -> 0 | EX22: =DA22 -> 0 | EY22: =DB22 -> 0 | EZ22: =DC22 -> 0 | FA22: =DD22 -> 100 | FB22: =DE22 -> 200 | ... GJ22: =EM22 -> 0 | IZ22: GBP | JA22: 1.3 | JG22: DNP | JI22: 8 | JK22: DD Received | JL22: Payment | JM22: Clarifications | JN22: DD yet to receive | JO22: =_xlfn.XLOOKUP(JO$27,'PO Delivery Schedule'!$A$3:$A$41,'PO Delivery Schedule'!$Q$3:$Q$41) -> #NAME? | JP22: =_xlfn.XLOOKUP(JP$27,'PO Delivery Schedule'!$A$3:$A$41,'PO Delivery Schedule'!$Q$3:$Q$41) -> #NAME? | JQ22: =_xlfn.XLOOKUP(JQ$27,'PO Delivery Schedule'!$A$3:$A$41,'PO Delivery Schedule'!$Q$3:$Q$41) -> #NAME? | JR22: =_xlfn.XLOOKUP(JR$27,'PO Delivery Schedule'!$A$3:$A$41,'PO Delivery Schedule'!$Q$3:$Q$41) -> #NAME? | JS22: =_xlfn.XLOOKUP(JS$27,'PO Delivery Schedule'!$A$3:$A$41,'PO Delivery Schedule'!$Q$3:$Q$41) -> #NAME? | JT22: =_xlfn.XLOOKUP(JT$27,'PO Delivery Schedule'!$A$3:$A$41,'PO Delivery Schedule'!$Q$3:$Q$41) -> #NAME? | JU22: =_xlfn.XLOOKUP(JU$27,'PO Delivery Schedule'!$A$3:$A$41,'PO Delivery Schedule'!$Q$3:$Q$41) -> #NAME? | JV22: =_xlfn.XLOOKUP(JV$27,'PO Delivery Schedule'!$A$3:$A$41,'PO Delivery Schedule'!$Q$3:$Q$41) -> #NAME? | ... KA22: =_xlfn.XLOOKUP(KA$27,'PO Delivery Schedule'!$A$3:$A$41,'PO Delivery Schedule'!$Q$3:$Q$41) -> #NAME? | KB22: =SUM(JO22:KA22) -> #NAME? | MI22: Total | MP22: Kemograph | MQ22: 1
CU23: CAPASITORS CALIBRATION KIT | CV23: 4 | CW23: 1094Y038-001 | DD23: 100 | DE23: 200 | DF23: 331 | ER23: CAPASITORS CALIBRATION KIT | ES23: 4 | ET23: 1094Y038-001 | EU23: =CX23 -> 0 | EV23: =CY23 -> 0 | EW23: =CZ23 -> 0 | EX23: =DA23 -> 0 | EY23: =DB23 -> 0 | EZ23: =DC23 -> 0 | FA23: =DD23 -> 100 | FB23: =DE23 -> 200 | ... GJ23: =EM23 -> 0 | IZ23: EUR | JA23: 1.12 | JG23: Ordered | JI23: 232 | JJ23: Components | JK23: 204 | JL23: 10 | JM23: 15 | JN23: =JI23-JK23-JL23-JM23 -> 3 | MI23: =SUM(JK23:JN23) -> 232
A24: 42 | J24: QTY | K24: 34778 | L24: 34778 | M24: 34778 | N24: 34778 | O24: 34778 | P24: 35180 | Q24: 35180 | R24: 35180 | S24: 35180 | T24: 35180 | U24: 35180 | V24: 35180 | W24: 35180 | X24: 35180 | Y24: 631 | Z24: 631 | AA24: 631 | AB24: 631 | AC24: 631 | AD24: 631 | AE24: 631 | AF24: 631 | AG24: 631 | CU24: BEND OF TRANSISTOR | CV24: 3 | CW24: 1094N754-001 | DD24: 100 | DE24: 200 | DF24: 331 | ER24: BEND OF TRANSISTOR | ES24: 3 | ET24: 1094N754-001 | EU24: =CX24 -> 0 | EV24: =CY24 -> 0 | EW24: =CZ24 -> 0 | EX24: =DA24 -> 0 | EY24: =DB24 -> 0 | EZ24: =DC24 -> 0 | FA24: =DD24 -> 100 | FB24: =DE24 -> 200 | ... GJ24: =EM24 -> 0 | IZ24: INR | JA24: =1/83 -> 0.012048193 | JG24: Ordered-Partially | JI24: 10 | JJ24: Consumable | JK24: 7 | JN24: =JI24-JK24-JL24-JM24 -> 3 | MI24: =SUM(JK24:JN24) -> 10
A25: 1 | J25: COUNT | K25: =COUNTIF(K29:K322,">0") -> 4 | L25: =COUNTIF(L29:L322,">0") -> 33 | M25: =COUNTIF(M29:M322,">0") -> 13 | N25: =COUNTIF(N29:N322,">0") -> 47 | O25: =COUNTIF(O29:O322,">0") -> 100 | P25: =COUNTIF(P29:P322,">0") -> 4 | Q25: =COUNTIF(Q29:Q322,">0") -> 33 | R25: =COUNTIF(R29:R322,">0") -> 30 | ... AG25: =COUNTIF(AG29:AG322,">0") -> 101 | CU25: EV CAP WITH BRACKET | CV25: 3 | CW25: 1093G277-001 | DD25: 100 | DE25: 200 | DF25: 331 | ER25: EV CAP WITH BRACKET | ES25: 3 | ET25: 1093G277-001 | EU25: =CX25 -> 0 | EV25: =CY25 -> 0 | EW25: =CZ25 -> 0 | EX25: =DA25 -> 0 | EY25: =DB25 -> 0 | EZ25: =DC25 -> 0 | FA25: =DD25 -> 100 | FB25: =DE25 -> 200 | ... GJ25: =EM25 -> 0 | JG25: Ordered-clarifications | JI25: 5 | JJ25: Price clarifications
J26: DESC | K26: =VLOOKUP(K28,$C$29:$F$321,4,) -> DRM F/ASSY | L26: =VLOOKUP(L28,$C$29:$F$321,4,) -> DRM ASSY | M26: =VLOOKUP(M28,$C$29:$F$321,4,) -> DRM PS ASSY RX | N26: =VLOOKUP(N28,$C$29:$F$321,4,) -> DRM RX ASSY | O26: =VLOOKUP(O28,$C$29:$F$321,4,) -> PC ASSY DRM CONTROLER NG 400 | P26: =VLOOKUP(P28,$C$29:$F$321,4,) -> DTRM F/ASSY | Q26: =VLOOKUP(Q28,$C$29:$F$321,4,) -> DTRM F/ASSY | R26: =VLOOKUP(R28,$C$29:$F$321,4,) -> DTRM POWER AMP ASSY | ... AG26: =VLOOKUP(AG28,$C$29:$F$321,4,) -> PC ASSY CONTROLLER 400 | BA26: ETA | CU26: INSIDE COVER ASSY | CV26: 2 | CW26: 1093N746-001 | DD26: 100 | DE26: 200 | DF26: 331 | ER26: INSIDE COVER ASSY | ES26: 2 | ET26: 1093N746-001 | EU26: =CX26 -> 0 | EV26: =CY26 -> 0 | EW26: =CZ26 -> 0 | EX26: =DA26 -> 0 | EY26: =DB26 -> 0 | EZ26: =DC26 -> 0 | FA26: =DD26 -> 100 | FB26: =DE26 -> 200 | ... GJ26: =EM26 -> 0 | JG26: TBD | JI26: 10 | JO26: Required | KC26: Considering SPQ | KQ26: Amount Considering SPQ | LF26: Final Ordering | LT26: Final Ordering Amount
J27: BOM LEVAL | K27: 0 | L27: 1 | M27: 2 | N27: 3 | O27: 2 | P27: 0 | Q27: 1 | R27: 2 | S27: 3 | T27: 4 | U27: 3 | V27: 3 | W27: 2 | X27: 2 | Y27: 0 | Z27: 1 | AA27: 2 | AB27: 3 | AC27: 4 | AD27: 3 | AE27: 3 | AF27: 2 | AG27: 2 | AV27: DCX DEATAILS | CU27: PC ASSY CONTROLLER 400 | CV27: 2 | CW27: 1094N790-003 | DD27: 100 | DE27: 200 | DF27: 331 | ER27: PC ASSY CONTROLLER 400 | ES27: 2 | ET27: 1094N790-003 | EU27: =CX27 -> 0 | EV27: =CY27 -> 0 | EW27: =CZ27 -> 0 | EX27: =DA27 -> 0 | EY27: =DB27 -> 0 | EZ27: =DC27 -> 0 | FA27: =DD27 -> 100 | FB27: =DE27 -> 200 | ... GJ27: =EM27 -> 0 | JG27: Total | JI27: =SUM(JI20:JI26) -> 293 | JO27: 45566 | JP27: 45717 | JQ27: =EDATE(JP27,3) -> 45809 | JR27: =EDATE(JQ27,3) -> 45901 | JS27: =EDATE(JR27,3) -> 45992 | JT27: =EDATE(JS27,3) -> 46082 | JU27: =EDATE(JT27,3) -> 46174 | JV27: =EDATE(JU27,3) -> 46266 | JW27: =EDATE(JV27,3) -> 46357 | JX27: =EDATE(JW27,3) -> 46447 | ... KA27: =EDATE(JZ27,3) -> 46722 | KC27: 45566 | KD27: 45717 | KE27: =EDATE(KD27,3) -> 45809 | KF27: =EDATE(KE27,3) -> 45901 | KG27: =EDATE(KF27,3) -> 45992 | KH27: =EDATE(KG27,3) -> 46082 | KI27: =EDATE(KH27,3) -> 46174 | KJ27: =EDATE(KI27,3) -> 46266 | KK27: =EDATE(KJ27,3) -> 46357 | KL27: =EDATE(KK27,3) -> 46447 | ... KO27: =EDATE(KN27,3) -> 46722 | KQ27: 45566 | KR27: 45717 | KS27: =EDATE(KR27,3) -> 45809 | KT27: =EDATE(KS27,3) -> 45901 | KU27: =EDATE(KT27,3) -> 45992 | KV27: =EDATE(KU27,3) -> 46082 | KW27: =EDATE(KV27,3) -> 46174 | KX27: =EDATE(KW27,3) -> 46266 | KY27: =EDATE(KX27,3) -> 46357 | KZ27: =EDATE(KY27,3) -> 46447 | ... LC27: =EDATE(LB27,3) -> 46722 | LF27: 45566 | LG27: 45717 | LH27: =EDATE(LG27,3) -> 45809 | LI27: =EDATE(LH27,3) -> 45901 | LJ27: =EDATE(LI27,3) -> 45992 | LK27: =EDATE(LJ27,3) -> 46082 | LL27: =EDATE(LK27,3) -> 46174 | LM27: =EDATE(LL27,3) -> 46266 | LN27: =EDATE(LM27,3) -> 46357 | LO27: =EDATE(LN27,3) -> 46447 | ... LR27: =EDATE(LQ27,3) -> 46722 | LT27: 45566 | LU27: 45717 | LV27: =EDATE(LU27,3) -> 45809 | LW27: =EDATE(LV27,3) -> 45901 | LX27: =EDATE(LW27,3) -> 45992 | LY27: =EDATE(LX27,3) -> 46082 | LZ27: =EDATE(LY27,3) -> 46174 | MA27: =EDATE(LZ27,3) -> 46266 | MB27: =EDATE(MA27,3) -> 46357 | MC27: =EDATE(MB27,3) -> 46447 | ... MF27: =EDATE(ME27,3) -> 46722
A28: # | C28: PN_ID | D28: REV | E28: CATALOG | F28: DESCRIPTION | G28: FFF CLASS | H28: UOM | I28: SUG_MLAI | J28: ORIG_QTY | K28: 1096M150-001 | L28: 1096M155-001 | M28: 1096M156-001 | N28: 1096M160-001 | O28: 1094T037-001 | P28: 1096M130-001 | Q28: 1096M135-001 | R28: 1096M136-001 | S28: 1096M140-001 | T28: 1094Y038-001 | U28: 1094N754-001 | V28: 1093G277-001 | W28: 1093N746-001 | X28: 1094N790-003 | Y28: 1096M170-001 | Z28: 1096M175-001 | AA28: 1096M176-001 | AB28: 1096M180-001 | AC28: 1094Y038-001 | AD28: 1094N754-001 | AE28: 1093G277-001 | AF28: 1093N746-001 | AG28: 1094N790-003 | AH28: SUM | AI28: Total QTY | AJ28: MPQ | AK28: NOTES | AL28: MFG | AM28: SUPPLIER | AN28: DCX Remarks | AO28: Indian Supllier | AP28: FINAL PRICE | AQ28: CUR | AR28: POC/NAME | AS28: E-MAIL | AT28: E-MAIL | AU28: PHONE # | AV28: PO # | AW28: ACTUAL PRICE | AX28: L.T in Wks | AY28: QTY # | AZ28: STOCK | BA28: 45474 | BB28: 45505 | BC28: 45536 | BD28: 45566 | BE28: 45597 | BF28: 45627 | BG28: 45658 | BH28: 45689 | BI28: 45717 | BJ28: 45748 | BK28: 45778 | BL28: 45809 | BM28: 45839 | BN28: 45870 | BO28: 45901 | BP28: 45931 | BQ28: 45962 | BR28: 45992 | BS28: 46023 | BT28: 46054 | BU28: 46082 | BV28: 46113 | BW28: 46143 | BX28: 46174 | BY28: 46204 | BZ28: 46235 | CA28: 46266 | CB28: 46296 | CC28: 46327 | CD28: 46357 | CE28: 46388 | CF28: 46419 | CG28: 46447 | CH28: 46478 | CI28: 46508 | CJ28: 46539 | CK28: 46569 | CL28: 46600 | CM28: 46631 | CN28: 46661 | CO28: 46692 | CP28: 46722 | CQ28: 46753 | CR28: 46784 | CS28: 46813 | CT28: 46844 | CU28: DESC | CV28: LEVEL | CW28: PN | CX28: 45474 | CY28: 45505 | CZ28: 45536 | DA28: 45566 | DB28: 45597 | DC28: 45627 | DD28: 45658 | DE28: 45689 | DF28: 45717 | DG28: 45748 | DH28: 45778 | DI28: 45809 | DJ28: 45839 | DK28: 45870 | DL28: 45901 | DM28: 45931 | DN28: 45962 | DO28: 45992 | DP28: 46023 | DQ28: 46054 | DR28: 46082 | DS28: 46113 | DT28: 46143 | DU28: 46174 | DV28: 46204 | DW28: 46235 | DX28: 46266 | DY28: 46296 | DZ28: 46327 | EA28: 46357 | EB28: 46388 | EC28: 46419 | ED28: 46447 | EE28: 46478 | EF28: 46508 | EG28: 46539 | EH28: 46569 | EI28: 46600 | EJ28: 46631 | EK28: 46661 | EL28: 46692 | EM28: 46722 | EN28: 46753 | EO28: 46784 | EP28: 46813 | EQ28: 46844 | ER28: DESC | ES28: LEVEL | ET28: PN | EU28: 45474 | EV28: 45505 | EW28: 45536 | EX28: 45566 | EY28: 45597 | EZ28: 45627 | FA28: 45658 | FB28: 45689 | FC28: 45717 | FD28: 45748 | FE28: 45778 | FF28: 45809 | FG28: 45839 | FH28: 45870 | FI28: 45901 | FJ28: 45931 | FK28: 45962 | FL28: 45992 | FM28: 46023 | FN28: 46054 | FO28: 46082 | FP28: 46113 | FQ28: 46143 | FR28: 46174 | FS28: 46204 | FT28: 46235 | FU28: 46266 | FV28: 46296 | FW28: 46327 | FX28: 46357 | FY28: 46388 | FZ28: 46419 | GA28: 46447 | GB28: 46478 | GC28: 46508 | GD28: 46539 | GE28: 46569 | GF28: 46600 | GG28: 46631 | GH28: 46661 | GI28: 46692 | GJ28: 46722 | GK28: 46753 | GL28: 46784 | GM28: 46813 | GN28: 46844 | IV28: Final Supplier | IW28: Final P/N | IX28: Final Make | IY28: Final Price | IZ28: Final CNY | JA28: CCR to USD | JB28: Final Price in USD | JC28: SPQ | JD28: MOQ | JE28: Additional QTY to Order | JF28: Total Order QTY | JG28: Total Order Amount $ | JH28: Surplus QTY | JI28: Amount for Surplus QTY $ | JJ28: Approval Date | JK28: Approved By | JL28: Remarks | JM28: Finalised | JN28: Order to be placed by | JO28: 1 | JP28: 2 | JQ28: =JP28+1 -> 3 | JR28: =JQ28+1 -> 4 | JS28: =JR28+1 -> 5 | JT28: =JS28+1 -> 6 | JU28: =JT28+1 -> 7 | JV28: =JU28+1 -> 8 | JW28: =JV28+1 -> 9 | JX28: =JW28+1 -> 10 | ... KA28: =JZ28+1 -> 13 | KB28: X | KC28: 1 | KD28: 2 | KE28: =KD28+1 -> 3 | KF28: =KE28+1 -> 4 | KG28: =KF28+1 -> 5 | KH28: =KG28+1 -> 6 | KI28: =KH28+1 -> 7 | KJ28: =KI28+1 -> 8 | KK28: =KJ28+1 -> 9 | KL28: =KK28+1 -> 10 | ... KO28: =KN28+1 -> 13 | KP28: X | KQ28: 1 | KR28: 2 | KS28: =KR28+1 -> 3 | KT28: =KS28+1 -> 4 | KU28: =KT28+1 -> 5 | KV28: =KU28+1 -> 6 | KW28: =KV28+1 -> 7 | KX28: =KW28+1 -> 8 | KY28: =KX28+1 -> 9 | KZ28: =KY28+1 -> 10 | ... LC28: =LB28+1 -> 13 | LD28: Total | LE28: Split Lot | LF28: 1 | LG28: 2 | LH28: =LG28+1 -> 3 | LI28: =LH28+1 -> 4 | LJ28: =LI28+1 -> 5 | LK28: =LJ28+1 -> 6 | LL28: =LK28+1 -> 7 | LM28: =LL28+1 -> 8 | LN28: =LM28+1 -> 9 | LO28: =LN28+1 -> 10 | ... LR28: =LQ28+1 -> 13 | LS28: X | LT28: 1 | LU28: 2 | LV28: =LU28+1 -> 3 | LW28: =LV28+1 -> 4 | LX28: =LW28+1 -> 5 | LY28: =LX28+1 -> 6 | LZ28: =LY28+1 -> 7 | MA28: =LZ28+1 -> 8 | MB28: =MA28+1 -> 9 | MC28: =MB28+1 -> 10 | ... MF28: =ME28+1 -> 13 | MG28: Total | MI28: PO number | MJ28: PO Date | MK28: OA | ML28: Payment | MM28: DD | MN28: Remarks | MO28: COO
A29: 1 | B29: LT01-289 | C29: 1096M130-001 | D29: - | E29: 410977392 | F29: DTRM F/ASSY | H29: EA | I29: 1 | J29: 1 | K29: 0 | L29: 0 | M29: 0 | N29: 0 | O29: 0 | P29: 1 | Q29: 0 | R29: 0 | S29: 0 | T29: 0 | U29: 0 | V29: 0 | W29: 0 | X29: 0 | Y29: 0 | Z29: 0 | AA29: 0 | AB29: 0 | AC29: 0 | AD29: 0 | AE29: 0 | AF29: 0 | AG29: 0 | AH29: =SUM(K29:AB29) -> 1 | AI29: =SUMPRODUCT(K29:AG29,$K$24:$AG$24) -> 35180 | AJ29: 1 | AK29: ASSY | AL29: ASSY | AV29: =MI29 -> 0 | AW29: =JB29 -> #NAME? | AY29: =JF29 -> #REF! | DD29: =SUM($AZ29,$BA29:BF29)-SUM($EU29:FA29) -> -180 | DE29: =SUM($AZ29,$BA29:BG29)-SUM($EU29:FB29) -> -1180 | DF29: =SUM($AZ29,$BA29:BH29)-SUM($EU29:FC29) -> -2180 | DG29: =SUM($AZ29,$BA29:BI29)-SUM($EU29:FD29) -> -3180 | DH29: =SUM($AZ29,$BA29:BJ29)-SUM($EU29:FE29) -> -4180 | DI29: =SUM($AZ29,$BA29:BK29)-SUM($EU29:FF29) -> -5180 | DJ29: =SUM($AZ29,$BA29:BL29)-SUM($EU29:FG29) -> -6180 | DK29: =SUM($AZ29,$BA29:BM29)-SUM($EU29:FH29) -> -7180 | ... EQ29: =SUM($AZ29,$BA29:CS29)-SUM($EU29:GN29) -> -35180 | EU29: {=SUMPRODUCT($K29:$AG29,TRANSPOSE(EU$5:EU$27))} -> 0 | EV29: {=SUMPRODUCT($K29:$AG29,TRANSPOSE(EV$5:EV$27))} -> 0 | EW29: {=SUMPRODUCT($K29:$AG29,TRANSPOSE(EW$5:EW$27))} -> 0 | EX29: {=SUMPRODUCT($K29:$AG29,TRANSPOSE(EX$5:EX$27))} -> 0 | EY29: {=SUMPRODUCT($K29:$AG29,TRANSPOSE(EY$5:EY$27))} -> 0 | EZ29: {=SUMPRODUCT($K29:$AG29,TRANSPOSE(EZ$5:EZ$27))} -> 0 | FA29: {=SUMPRODUCT($K29:$AG29,TRANSPOSE(FA$5:FA$27))} -> 180 | FB29: {=SUMPRODUCT($K29:$AG29,TRANSPOSE(FB$5:FB$27))} -> 1000 | ... GN29: {=SUMPRODUCT($K29:$AG29,TRANSPOSE(GN$5:GN$27))} -> 0 | IV29: ASSY | IW29: =C29 -> 1096M130-001 | IX29: =AL29 -> ASSY | IY29: =AP29 -> 0 | IZ29: =AQ29 -> 0 | JA29: =_xlfn.XLOOKUP(IZ29,IZ$21:IZ$24,JA$21:JA$24,0) -> #NAME? | JB29: =IY29*JA29 -> #NAME? | JC29: =AJ29 -> 1 | JD29: =AJ29 -> 1 | JF29: =MAX(JD29,CEILING(#REF!+JE29,JC29)) -> #REF! | JG29: =JF29*JB29 -> #REF! | JH29: =JF29-#REF! -> #REF! | JI29: =JH29*JB29 -> #REF! | JJ29: 45523 | JK29: Sagi | JL29: ASSY | JO29: {=SUMPRODUCT(#REF!,TRANSPOSE(JO$19:JO$22))} -> #REF! | JP29: {=SUMPRODUCT(#REF!,TRANSPOSE(JP$19:JP$22))} -> #REF! | JQ29: {=SUMPRODUCT(#REF!,TRANSPOSE(JQ$19:JQ$22))} -> #REF! | JR29: {=SUMPRODUCT(#REF!,TRANSPOSE(JR$19:JR$22))} -> #REF! | JS29: {=SUMPRODUCT(#REF!,TRANSPOSE(JS$19:JS$22))} -> #REF! | JT29: {=SUMPRODUCT(#REF!,TRANSPOSE(JT$19:JT$22))} -> #REF! | JU29: {=SUMPRODUCT(#REF!,TRANSPOSE(JU$19:JU$22))} -> #REF! | JV29: {=SUMPRODUCT(#REF!,TRANSPOSE(JV$19:JV$22))} -> #REF! | ... KA29: {=SUMPRODUCT(#REF!,TRANSPOSE(KA$19:KA$22))} -> #REF! | KC29: =CEILING(JO29,$JC29) -> #REF! | KD29: =CEILING(SUM($JO29:JP29)-SUM($KC29:KC29),$JC29) -> #REF! | KE29: =CEILING(SUM($JO29:JQ29)-SUM($KC29:KD29),$JC29) -> #REF! | KF29: =CEILING(SUM($JO29:JR29)-SUM($KC29:KE29),$JC29) -> #REF! | KG29: =CEILING(SUM($JO29:JS29)-SUM($KC29:KF29),$JC29) -> #REF! | KH29: =CEILING(SUM($JO29:JT29)-SUM($KC29:KG29),$JC29) -> #REF! | KI29: =CEILING(SUM($JO29:JU29)-SUM($KC29:KH29),$JC29) -> #REF! | KJ29: =CEILING(SUM($JO29:JV29)-SUM($KC29:KI29),$JC29) -> #REF! | KK29: =CEILING(SUM($JO29:JW29)-SUM($KC29:KJ29),$JC29) -> #REF! | ... KM29: =CEILING(SUM($JO29:JY29)-SUM($KC29:KL29),$JC29) -> #REF! | KN29: =JF29-SUM(KC29:KM29) -> #REF! | KO29: =JF29-SUM(KC29:KN29) -> #REF! | KQ29: =KC29*$JB29 -> #REF! | KR29: =KD29*$JB29 -> #REF! | KS29: =KE29*$JB29 -> #REF! | KT29: =KF29*$JB29 -> #REF! | KU29: =KG29*$JB29 -> #REF! | KV29: =KH29*$JB29 -> #REF! | KW29: =KI29*$JB29 -> #REF! | KX29: =KJ29*$JB29 -> #REF! | ... LC29: =KO29*$JB29 -> #REF! | LD29: =SUM(KQ29:LC29) -> #REF! | LR29: =KO29 -> #REF! | LT29: =LF29*$JB29 -> #NAME? | LU29: =LG29*$JB29 -> #NAME? | LV29: =LH29*$JB29 -> #NAME? | LW29: =LI29*$JB29 -> #NAME? | LX29: =LJ29*$JB29 -> #NAME? | LY29: =LK29*$JB29 -> #NAME? | LZ29: =LL29*$JB29 -> #NAME? | MA29: =LM29*$JB29 -> #NAME? | ... MF29: =LR29*$JB29 -> #REF! | MG29: =SUM(LT29:MF29) -> #NAME? | MH29: LT01-289
A30: 2 | B30: LT01-290 | C30: 1096M150-001 | D30: - | E30: 410977469 | F30: DRM F/ASSY | H30: EA | I30: 1 | J30: 1 | K30: 1 | L30: 0 | M30: 0 | N30: 0 | O30: 0 | P30: 0 | Q30: 0 | R30: 0 | S30: 0 | T30: 0 | U30: 0 | V30: 0 | W30: 0 | X30: 0 | Y30: 0 | Z30: 0 | AA30: 0 | AB30: 0 | AC30: 0 | AD30: 0 | AE30: 0 | AF30: 0 | AG30: 0 | AH30: =SUM(K30:AB30) -> 1 | AI30: =SUMPRODUCT(K30:AG30,$K$24:$AG$24) -> 34778 | AJ30: 1 | AK30: ASSY | AL30: ASSY | AV30: =MI30 -> 0 | AW30: =JB30 -> #NAME? | AY30: =JF30 -> #REF! | DD30: =SUM($AZ30,$BA30:BF30)-SUM($EU30:FA30) -> -180 | DE30: =SUM($AZ30,$BA30:BG30)-SUM($EU30:FB30) -> -778 | DF30: =SUM($AZ30,$BA30:BH30)-SUM($EU30:FC30) -> -1778 | DG30: =SUM($AZ30,$BA30:BI30)-SUM($EU30:FD30) -> -2778 | DH30: =SUM($AZ30,$BA30:BJ30)-SUM($EU30:FE30) -> -3778 | DI30: =SUM($AZ30,$BA30:BK30)-SUM($EU30:FF30) -> -4778 | DJ30: =SUM($AZ30,$BA30:BL30)-SUM($EU30:FG30) -> -5778 | DK30: =SUM($AZ30,$BA30:BM30)-SUM($EU30:FH30) -> -6778 | ... EQ30: =SUM($AZ30,$BA30:CS30)-SUM($EU30:GN30) -> -34778 | FA30: {=SUMPRODUCT($K30:$AG30,TRANSPOSE(FA$5:FA$27))} -> 180 | FB30: {=SUMPRODUCT($K30:$AG30,TRANSPOSE(FB$5:FB$27))} -> 598 | FC30: {=SUMPRODUCT($K30:$AG30,TRANSPOSE(FC$5:FC$27))} -> 1000 | FD30: {=SUMPRODUCT($K30:$AG30,TRANSPOSE(FD$5:FD$27))} -> 1000 | FE30: {=SUMPRODUCT($K30:$AG30,TRANSPOSE(FE$5:FE$27))} -> 1000 | FF30: {=SUMPRODUCT($K30:$AG30,TRANSPOSE(FF$5:FF$27))} -> 1000 | FG30: {=SUMPRODUCT($K30:$AG30,TRANSPOSE(FG$5:FG$27))} -> 1000 | FH30: {=SUMPRODUCT($K30:$AG30,TRANSPOSE(FH$5:FH$27))} -> 1000 | ... GN30: {=SUMPRODUCT($K30:$AG30,TRANSPOSE(GN$5:GN$27))} -> 0 | IV30: ASSY | IW30: =C30 -> 1096M150-001 | IX30: =AL30 -> ASSY | IY30: =AP30 -> 0 | IZ30: =AQ30 -> 0 | JA30: =_xlfn.XLOOKUP(IZ30,IZ$21:IZ$24,JA$21:JA$24,0) -> #NAME? | JB30: =IY30*JA30 -> #NAME? | JC30: =AJ30 -> 1 | JD30: =AJ30 -> 1 | JF30: =MAX(JD30,CEILING(#REF!+JE30,JC30)) -> #REF! | JG30: =JF30*JB30 -> #REF! | JH30: =JF30-#REF! -> #REF! | JI30: =JH30*JB30 -> #REF! | JJ30: 45523 | JK30: Sagi | JL30: ASSY | JO30: {=SUMPRODUCT(#REF!,TRANSPOSE(JO$19:JO$22))} -> #REF! | JP30: {=SUMPRODUCT(#REF!,TRANSPOSE(JP$19:JP$22))} -> #REF! | JQ30: {=SUMPRODUCT(#REF!,TRANSPOSE(JQ$19:JQ$22))} -> #REF! | JR30: {=SUMPRODUCT(#REF!,TRANSPOSE(JR$19:JR$22))} -> #REF! | JS30: {=SUMPRODUCT(#REF!,TRANSPOSE(JS$19:JS$22))} -> #REF! | JT30: {=SUMPRODUCT(#REF!,TRANSPOSE(JT$19:JT$22))} -> #REF! | JU30: {=SUMPRODUCT(#REF!,TRANSPOSE(JU$19:JU$22))} -> #REF! | JV30: {=SUMPRODUCT(#REF!,TRANSPOSE(JV$19:JV$22))} -> #REF! | ... KA30: {=SUMPRODUCT(#REF!,TRANSPOSE(KA$19:KA$22))} -> #REF! | KC30: =CEILING(JO30,$JC30) -> #REF! | KD30: =CEILING(SUM($JO30:JP30)-SUM($KC30:KC30),$JC30) -> #REF! | KE30: =CEILING(SUM($JO30:JQ30)-SUM($KC30:KD30),$JC30) -> #REF! | KF30: =CEILING(SUM($JO30:JR30)-SUM($KC30:KE30),$JC30) -> #REF! | KG30: =CEILING(SUM($JO30:JS30)-SUM($KC30:KF30),$JC30) -> #REF! | KH30: =CEILING(SUM($JO30:JT30)-SUM($KC30:KG30),$JC30) -> #REF! | KI30: =CEILING(SUM($JO30:JU30)-SUM($KC30:KH30),$JC30) -> #REF! | KJ30: =CEILING(SUM($JO30:JV30)-SUM($KC30:KI30),$JC30) -> #REF! | KK30: =CEILING(SUM($JO30:JW30)-SUM($KC30:KJ30),$JC30) -> #REF! | ... KM30: =CEILING(SUM($JO30:JY30)-SUM($KC30:KL30),$JC30) -> #REF! | KN30: =JF30-SUM(KC30:KM30) -> #REF! | KO30: =JF30-SUM(KC30:KN30) -> #REF! | KQ30: =KC30*$JB30 -> #REF! | KR30: =KD30*$JB30 -> #REF! | KS30: =KE30*$JB30 -> #REF! | KT30: =KF30*$JB30 -> #REF! | KU30: =KG30*$JB30 -> #REF! | KV30: =KH30*$JB30 -> #REF! | KW30: =KI30*$JB30 -> #REF! | KX30: =KJ30*$JB30 -> #REF! | ... LC30: =KO30*$JB30 -> #REF! | LD30: =SUM(KQ30:LC30) -> #REF! | LR30: =KO30 -> #REF! | LT30: =LF30*$JB30 -> #NAME? | LU30: =LG30*$JB30 -> #NAME? | LV30: =LH30*$JB30 -> #NAME? | LW30: =LI30*$JB30 -> #NAME? | LX30: =LJ30*$JB30 -> #NAME? | LY30: =LK30*$JB30 -> #NAME? | LZ30: =LL30*$JB30 -> #NAME? | MA30: =LM30*$JB30 -> #NAME? | ... MF30: =LR30*$JB30 -> #REF! | MG30: =SUM(LT30:MF30) -> #NAME? | MH30: LT01-290
A31: 3 | B31: LT01-274 | C31: 1096M170-001 | D31: - | E31: 410977542 | F31: D.A.D. F/ASSY | H31: EA | I31: 1 | J31: 1 | K31: 0 | L31: 0 | M31: 0 | N31: 0 | O31: 0 | P31: 0 | Q31: 0 | R31: 0 | S31: 0 | T31: 0 | U31: 0 | V31: 0 | W31: 0 | X31: 0 | Y31: 1 | Z31: 0 | AA31: 0 | AB31: 0 | AC31: 0 | AD31: 0 | AE31: 0 | AF31: 0 | AG31: 0 | AH31: =SUM(K31:AB31) -> 1 | AI31: =SUMPRODUCT(K31:AG31,$K$24:$AG$24) -> 631 | AJ31: 1 | AK31: ASSY | AL31: ASSY | AV31: =MI31 -> 0 | AW31: =JB31 -> #NAME? | AY31: =JF31 -> #REF! | DD31: =SUM($AZ31,$BA31:BF31)-SUM($EU31:FA31) -> -100 | DE31: =SUM($AZ31,$BA31:BG31)-SUM($EU31:FB31) -> -300 | DF31: =SUM($AZ31,$BA31:BH31)-SUM($EU31:FC31) -> -631 | DG31: =SUM($AZ31,$BA31:BI31)-SUM($EU31:FD31) -> -631 | DH31: =SUM($AZ31,$BA31:BJ31)-SUM($EU31:FE31) -> -631 | DI31: =SUM($AZ31,$BA31:BK31)-SUM($EU31:FF31) -> -631 | DJ31: =SUM($AZ31,$BA31:BL31)-SUM($EU31:FG31) -> -631 | DK31: =SUM($AZ31,$BA31:BM31)-SUM($EU31:FH31) -> -631 | ... EQ31: =SUM($AZ31,$BA31:CS31)-SUM($EU31:GN31) -> -631 | FA31: {=SUMPRODUCT($K31:$AG31,TRANSPOSE(FA$5:FA$27))} -> 100 | FB31: {=SUMPRODUCT($K31:$AG31,TRANSPOSE(FB$5:FB$27))} -> 200 | FC31: {=SUMPRODUCT($K31:$AG31,TRANSPOSE(FC$5:FC$27))} -> 331 | FD31: {=SUMPRODUCT($K31:$AG31,TRANSPOSE(FD$5:FD$27))} -> 0 | FE31: {=SUMPRODUCT($K31:$AG31,TRANSPOSE(FE$5:FE$27))} -> 0 | FF31: {=SUMPRODUCT($K31:$AG31,TRANSPOSE(FF$5:FF$27))} -> 0 | FG31: {=SUMPRODUCT($K31:$AG31,TRANSPOSE(FG$5:FG$27))} -> 0 | FH31: {=SUMPRODUCT($K31:$AG31,TRANSPOSE(FH$5:FH$27))} -> 0 | ... GN31: {=SUMPRODUCT($K31:$AG31,TRANSPOSE(GN$5:GN$27))} -> 0 | IV31: ASSY | IW31: =C31 -> 1096M170-001 | IX31: =AL31 -> ASSY | IY31: =AP31 -> 0 | IZ31: =AQ31 -> 0 | JA31: =_xlfn.XLOOKUP(IZ31,IZ$21:IZ$24,JA$21:JA$24,0) -> #NAME? | JB31: =IY31*JA31 -> #NAME? | JC31: =AJ31 -> 1 | JD31: =AJ31 -> 1 | JF31: =MAX(JD31,CEILING(#REF!+JE31,JC31)) -> #REF! | JG31: =JF31*JB31 -> #REF! | JH31: =JF31-#REF! -> #REF! | JI31: =JH31*JB31 -> #REF! | JJ31: 45523 | JK31: Sagi | JL31: ASSY | JO31: {=SUMPRODUCT(#REF!,TRANSPOSE(JO$19:JO$22))} -> #REF! | JP31: {=SUMPRODUCT(#REF!,TRANSPOSE(JP$19:JP$22))} -> #REF! | JQ31: {=SUMPRODUCT(#REF!,TRANSPOSE(JQ$19:JQ$22))} -> #REF! | JR31: {=SUMPRODUCT(#REF!,TRANSPOSE(JR$19:JR$22))} -> #REF! | JS31: {=SUMPRODUCT(#REF!,TRANSPOSE(JS$19:JS$22))} -> #REF! | JT31: {=SUMPRODUCT(#REF!,TRANSPOSE(JT$19:JT$22))} -> #REF! | JU31: {=SUMPRODUCT(#REF!,TRANSPOSE(JU$19:JU$22))} -> #REF! | JV31: {=SUMPRODUCT(#REF!,TRANSPOSE(JV$19:JV$22))} -> #REF! | ... KA31: {=SUMPRODUCT(#REF!,TRANSPOSE(KA$19:KA$22))} -> #REF! | KC31: =CEILING(JO31,$JC31) -> #REF! | KD31: =CEILING(SUM($JO31:JP31)-SUM($KC31:KC31),$JC31) -> #REF! | KE31: =CEILING(SUM($JO31:JQ31)-SUM($KC31:KD31),$JC31) -> #REF! | KF31: =CEILING(SUM($JO31:JR31)-SUM($KC31:KE31),$JC31) -> #REF! | KG31: =CEILING(SUM($JO31:JS31)-SUM($KC31:KF31),$JC31) -> #REF! | KH31: =CEILING(SUM($JO31:JT31)-SUM($KC31:KG31),$JC31) -> #REF! | KI31: =CEILING(SUM($JO31:JU31)-SUM($KC31:KH31),$JC31) -> #REF! | KJ31: =CEILING(SUM($JO31:JV31)-SUM($KC31:KI31),$JC31) -> #REF! | KK31: =CEILING(SUM($JO31:JW31)-SUM($KC31:KJ31),$JC31) -> #REF! | ... KM31: =CEILING(SUM($JO31:JY31)-SUM($KC31:KL31),$JC31) -> #REF! | KN31: =JF31-SUM(KC31:KM31) -> #REF! | KO31: =JF31-SUM(KC31:KN31) -> #REF! | KQ31: =KC31*$JB31 -> #REF! | KR31: =KD31*$JB31 -> #REF! | KS31: =KE31*$JB31 -> #REF! | KT31: =KF31*$JB31 -> #REF! | KU31: =KG31*$JB31 -> #REF! | KV31: =KH31*$JB31 -> #REF! | KW31: =KI31*$JB31 -> #REF! | KX31: =KJ31*$JB31 -> #REF! | ... LC31: =KO31*$JB31 -> #REF! | LD31: =SUM(KQ31:LC31) -> #REF! | LR31: =KO31 -> #REF! | LT31: =LF31*$JB31 -> #NAME? | LU31: =LG31*$JB31 -> #NAME? | LV31: =LH31*$JB31 -> #NAME? | LW31: =LI31*$JB31 -> #NAME? | LX31: =LJ31*$JB31 -> #NAME? | LY31: =LK31*$JB31 -> #NAME? | LZ31: =LL31*$JB31 -> #NAME? | MA31: =LM31*$JB31 -> #NAME? | ... MF31: =LR31*$JB31 -> #REF! | MG31: =SUM(LT31:MF31) -> #NAME? | MH31: LT01-274
A32: 4 | B32: LT01-003 | C32: 000800-0826 | D32: BUY1 | E32: 400550300 | F32: CONN RECT PCB R/A PLUG 42 BLADES 3 ROWS, | G32: 404421765 | H32: EA | I32: 2 | J32: 3 | K32: 0 | L32: 0 | M32: 0 | N32: 0 | O32: 1 | P32: 0 | Q32: 0 | R32: 0 | S32: 0 | T32: 0 | U32: 0 | V32: 0 | W32: 0 | X32: 1 | Y32: 0 | Z32: 0 | AA32: 0 | AB32: 0 | AC32: 0 | AD32: 0 | AE32: 0 | AF32: 0 | AG32: 1 | AH32: =SUM(K32:AB32) -> 2 | AI32: =SUMPRODUCT(K32:AG32,$K$24:$AG$24) -> 70589 | AJ32: 1 | AL32: DCX-CHOL Entr. Inc | AM32: Masterite | AP32: 23 | AQ32: USD | AR32: Elad Zafrir | AS32: elad.zafrir@emet.co.il | AU32: 972-54-302-7334 | AV32: =MI32 -> P0011 | AW32: =JB32 -> #NAME? | AY32: =JF32 -> #REF! | BG32: 3000 | DD32: =SUM($AZ32,$BA32:BF32)-SUM($EU32:FA32) -> -460 | DE32: =SUM($AZ32,$BA32:BG32)-SUM($EU32:FB32) -> 742 | DF32: =SUM($AZ32,$BA32:BH32)-SUM($EU32:FC32) -> -1589 | DG32: =SUM($AZ32,$BA32:BI32)-SUM($EU32:FD32) -> -3589 | DH32: =SUM($AZ32,$BA32:BJ32)-SUM($EU32:FE32) -> -5589 | DI32: =SUM($AZ32,$BA32:BK32)-SUM($EU32:FF32) -> -7589 | DJ32: =SUM($AZ32,$BA32:BL32)-SUM($EU32:FG32) -> -9589 | DK32: =SUM($AZ32,$BA32:BM32)-SUM($EU32:FH32) -> -11589 | ... EQ32: =SUM($AZ32,$BA32:CS32)-SUM($EU32:GN32) -> -67589 | FA32: {=SUMPRODUCT($K32:$AG32,TRANSPOSE(FA$5:FA$27))} -> 460 | FB32: {=SUMPRODUCT($K32:$AG32,TRANSPOSE(FB$5:FB$27))} -> 1798 | FC32: {=SUMPRODUCT($K32:$AG32,TRANSPOSE(FC$5:FC$27))} -> 2331 | FD32: {=SUMPRODUCT($K32:$AG32,TRANSPOSE(FD$5:FD$27))} -> 2000 | FE32: {=SUMPRODUCT($K32:$AG32,TRANSPOSE(FE$5:FE$27))} -> 2000 | FF32: {=SUMPRODUCT($K32:$AG32,TRANSPOSE(FF$5:FF$27))} -> 2000 | FG32: {=SUMPRODUCT($K32:$AG32,TRANSPOSE(FG$5:FG$27))} -> 2000 | FH32: {=SUMPRODUCT($K32:$AG32,TRANSPOSE(FH$5:FH$27))} -> 2000 | ... GN32: {=SUMPRODUCT($K32:$AG32,TRANSPOSE(GN$5:GN$27))} -> 0 | IV32: =AM32 -> Masterite | IW32: =C32 -> 000800-0826 | IX32: =AL32 -> DCX-CHOL Entr. Inc | IY32: =AP32 -> 23 | IZ32: =AQ32 -> USD | JA32: =_xlfn.XLOOKUP(IZ32,IZ$21:IZ$24,JA$21:JA$24,0) -> #NAME? | JB32: =IY32*JA32 -> #NAME? | JC32: =AJ32 -> 1 | JD32: =AJ32 -> 1 | JE32: 50 | JF32: =MAX(JD32,CEILING(#REF!+JE32,JC32)) -> #REF! | JG32: =JF32*JB32 -> #REF! | JH32: =JF32-#REF! -> #REF! | JI32: =JH32*JB32 -> #REF! | JJ32: 45523 | JK32: Sagi | JL32: Ordered | JM32: Y | JN32: RNSE | JO32: {=SUMPRODUCT(#REF!,TRANSPOSE(JO$19:JO$22))} -> #REF! | JP32: {=SUMPRODUCT(#REF!,TRANSPOSE(JP$19:JP$22))} -> #REF! | JQ32: {=SUMPRODUCT(#REF!,TRANSPOSE(JQ$19:JQ$22))} -> #REF! | JR32: {=SUMPRODUCT(#REF!,TRANSPOSE(JR$19:JR$22))} -> #REF! | JS32: {=SUMPRODUCT(#REF!,TRANSPOSE(JS$19:JS$22))} -> #REF! | JT32: {=SUMPRODUCT(#REF!,TRANSPOSE(JT$19:JT$22))} -> #REF! | JU32: {=SUMPRODUCT(#REF!,TRANSPOSE(JU$19:JU$22))} -> #REF! | JV32: {=SUMPRODUCT(#REF!,TRANSPOSE(JV$19:JV$22))} -> #REF! | ... KA32: {=SUMPRODUCT(#REF!,TRANSPOSE(KA$19:KA$22))} -> #REF! | KC32: =CEILING(JO32,$JC32) -> #REF! | KD32: =CEILING(SUM($JO32:JP32)-SUM($KC32:KC32),$JC32) -> #REF! | KE32: =CEILING(SUM($JO32:JQ32)-SUM($KC32:KD32),$JC32) -> #REF! | KF32: =CEILING(SUM($JO32:JR32)-SUM($KC32:KE32),$JC32) -> #REF! | KG32: =CEILING(SUM($JO32:JS32)-SUM($KC32:KF32),$JC32) -> #REF! | KH32: =CEILING(SUM($JO32:JT32)-SUM($KC32:KG32),$JC32) -> #REF! | KI32: =CEILING(SUM($JO32:JU32)-SUM($KC32:KH32),$JC32) -> #REF! | KJ32: =CEILING(SUM($JO32:JV32)-SUM($KC32:KI32),$JC32) -> #REF! | KK32: =CEILING(SUM($JO32:JW32)-SUM($KC32:KJ32),$JC32) -> #REF! | ... KM32: =CEILING(SUM($JO32:JY32)-SUM($KC32:KL32),$JC32) -> #REF! | KN32: =JF32-SUM(KC32:KM32) -> #REF! | KO32: =JF32-SUM(KC32:KN32) -> #REF! | KQ32: =KC32*$JB32 -> #REF! | KR32: =KD32*$JB32 -> #REF! | KS32: =KE32*$JB32 -> #REF! | KT32: =KF32*$JB32 -> #REF! | KU32: =KG32*$JB32 -> #REF! | KV32: =KH32*$JB32 -> #REF! | KW32: =KI32*$JB32 -> #REF! | KX32: =KJ32*$JB32 -> #REF! | ... LC32: =KO32*$JB32 -> #REF! | LD32: =SUM(KQ32:LC32) -> #REF! | LE32: 12 | LF32: =KC32 -> #REF! | LG32: =KD32 -> #REF! | LH32: =KE32 -> #REF! | LI32: =KF32 -> #REF! | LJ32: =KG32 -> #REF! | LK32: =KH32 -> #REF! | LL32: =KI32 -> #REF! | LM32: =KJ32 -> #REF! | ... LR32: =KO32 -> #REF! | LT32: =LF32*$JB32 -> #REF! | LU32: =LG32*$JB32 -> #REF! | LV32: =LH32*$JB32 -> #REF! | LW32: =LI32*$JB32 -> #REF! | LX32: =LJ32*$JB32 -> #REF! | LY32: =LK32*$JB32 -> #REF! | LZ32: =LL32*$JB32 -> #REF! | MA32: =LM32*$JB32 -> #REF! | ... MF32: =LR32*$JB32 -> #REF! | MG32: =SUM(LT32:MF32) -> #REF! | MH32: LT01-003 | MI32: P0011 | MJ32: 45523 | MK32: Yes | ML32: Yes | MM32: Yes
A33: 5 | B33: LT01-004 | C33: 04021J0R3PBSTR | D33: BUY1 | E33: 401238835 | F33: CHIP CAP 0.3PF +-.02PF 100V T&R | H33: EA | I33: 2 | J33: 6 | K33: 0 | L33: 0 | M33: 0 | N33: 2 | O33: 0 | P33: 0 | Q33: 0 | R33: 0 | S33: 2 | T33: 0 | U33: 0 | V33: 0 | W33: 0 | X33: 0 | Y33: 0 | Z33: 0 | AA33: 0 | AB33: 2 | AC33: 0 | AD33: 0 | AE33: 0 | AF33: 0 | AG33: 0 | AH33: =SUM(K33:AB33) -> 6 | AI33: =SUMPRODUCT(K33:AG33,$K$24:$AG$24) -> 141178 | AJ33: 10000 | AL33: AVX | AM33: SHIRTECH | AP33: 0.18 | AQ33: USD | AR33: LIZA COHEN | AS33: LIZA@SHIRTECH.CO.IL | AU33: 972-3-9516495 | AV33: =MI33 -> P0037 | AW33: =JB33 -> #NAME? | AX33: 14 | AY33: =JF33 -> #REF! | BF33: 80000 | BL33: 70000 | DD33: =SUM($AZ33,$BA33:BF33)-SUM($EU33:FA33) -> 79080 | DE33: =SUM($AZ33,$BA33:BG33)-SUM($EU33:FB33) -> 75484 | DF33: =SUM($AZ33,$BA33:BH33)-SUM($EU33:FC33) -> 70822 | DG33: =SUM($AZ33,$BA33:BI33)-SUM($EU33:FD33) -> 66822 | DH33: =SUM($AZ33,$BA33:BJ33)-SUM($EU33:FE33) -> 62822 | DI33: =SUM($AZ33,$BA33:BK33)-SUM($EU33:FF33) -> 58822 | DJ33: =SUM($AZ33,$BA33:BL33)-SUM($EU33:FG33) -> 124822 | DK33: =SUM($AZ33,$BA33:BM33)-SUM($EU33:FH33) -> 120822 | ... EQ33: =SUM($AZ33,$BA33:CS33)-SUM($EU33:GN33) -> 8822 | FA33: {=SUMPRODUCT($K33:$AG33,TRANSPOSE(FA$5:FA$27))} -> 920 | FB33: {=SUMPRODUCT($K33:$AG33,TRANSPOSE(FB$5:FB$27))} -> 3596 | FC33: {=SUMPRODUCT($K33:$AG33,TRANSPOSE(FC$5:FC$27))} -> 4662 | FD33: {=SUMPRODUCT($K33:$AG33,TRANSPOSE(FD$5:FD$27))} -> 4000 | FE33: {=SUMPRODUCT($K33:$AG33,TRANSPOSE(FE$5:FE$27))} -> 4000 | FF33: {=SUMPRODUCT($K33:$AG33,TRANSPOSE(FF$5:FF$27))} -> 4000 | FG33: {=SUMPRODUCT($K33:$AG33,TRANSPOSE(FG$5:FG$27))} -> 4000 | FH33: {=SUMPRODUCT($K33:$AG33,TRANSPOSE(FH$5:FH$27))} -> 4000 | ... GN33: {=SUMPRODUCT($K33:$AG33,TRANSPOSE(GN$5:GN$27))} -> 0 | IV33: PHONIX TECHNOLOGIES | IW33: =C33 -> 04021J0R3PBSTR | IX33: =AL33 -> AVX | IY33: 0.175 | IZ33: =AQ33 -> USD | JA33: =_xlfn.XLOOKUP(IZ33,IZ$21:IZ$24,JA$21:JA$24,0) -> #NAME? | JB33: =IY33*JA33 -> #NAME? | JC33: =AJ33 -> 10000 | JD33: =AJ33 -> 10000 | JF33: =MAX(JD33,CEILING(#REF!+JE33,JC33)) -> #REF! | JG33: =JF33*JB33 -> #REF! | JH33: =JF33-#REF! -> #REF! | JI33: =JH33*JB33 -> #REF! | JJ33: 45523 | JK33: Sagi | JL33: Ordered | JM33: Y | JN33: RNSE | JO33: {=SUMPRODUCT(#REF!,TRANSPOSE(JO$19:JO$22))} -> #REF! | JP33: {=SUMPRODUCT(#REF!,TRANSPOSE(JP$19:JP$22))} -> #REF! | JQ33: {=SUMPRODUCT(#REF!,TRANSPOSE(JQ$19:JQ$22))} -> #REF! | JR33: {=SUMPRODUCT(#REF!,TRANSPOSE(JR$19:JR$22))} -> #REF! | JS33: {=SUMPRODUCT(#REF!,TRANSPOSE(JS$19:JS$22))} -> #REF! | JT33: {=SUMPRODUCT(#REF!,TRANSPOSE(JT$19:JT$22))} -> #REF! | JU33: {=SUMPRODUCT(#REF!,TRANSPOSE(JU$19:JU$22))} -> #REF! | JV33: {=SUMPRODUCT(#REF!,TRANSPOSE(JV$19:JV$22))} -> #REF! | ... KA33: {=SUMPRODUCT(#REF!,TRANSPOSE(KA$19:KA$22))} -> #REF! | KC33: =CEILING(JO33,$JC33) -> #REF! | KD33: =CEILING(SUM($JO33:JP33)-SUM($KC33:KC33),$JC33) -> #REF! | KE33: =CEILING(SUM($JO33:JQ33)-SUM($KC33:KD33),$JC33) -> #REF! | KF33: =CEILING(SUM($JO33:JR33)-SUM($KC33:KE33),$JC33) -> #REF! | KG33: =CEILING(SUM($JO33:JS33)-SUM($KC33:KF33),$JC33) -> #REF! | KH33: =CEILING(SUM($JO33:JT33)-SUM($KC33:KG33),$JC33) -> #REF! | KI33: =CEILING(SUM($JO33:JU33)-SUM($KC33:KH33),$JC33) -> #REF! | KJ33: =CEILING(SUM($JO33:JV33)-SUM($KC33:KI33),$JC33) -> #REF! | KK33: =CEILING(SUM($JO33:JW33)-SUM($KC33:KJ33),$JC33) -> #REF! | ... KM33: =CEILING(SUM($JO33:JY33)-SUM($KC33:KL33),$JC33) -> #REF! | KN33: =JF33-SUM(KC33:KM33) -> #REF! | KO33: =JF33-SUM(KC33:KN33) -> #REF! | KQ33: =KC33*$JB33 -> #REF! | KR33: =KD33*$JB33 -> #REF! | KS33: =KE33*$JB33 -> #REF! | KT33: =KF33*$JB33 -> #REF! | KU33: =KG33*$JB33 -> #REF! | KV33: =KH33*$JB33 -> #REF! | KW33: =KI33*$JB33 -> #REF! | KX33: =KJ33*$JB33 -> #REF! | ... LC33: =KO33*$JB33 -> #REF! | LD33: =SUM(KQ33:LC33) -> #REF! | LE33: 2 | LF33: =SUM(KC33:KH33) -> #REF! | LL33: =SUM(KI33:KO33) -> #REF! | LT33: =LF33*$JB33 -> #REF! | LU33: =LG33*$JB33 -> #NAME? | LV33: =LH33*$JB33 -> #NAME? | LW33: =LI33*$JB33 -> #NAME? | LX33: =LJ33*$JB33 -> #NAME? | LY33: =LK33*$JB33 -> #NAME? | LZ33: =LL33*$JB33 -> #REF! | MA33: =LM33*$JB33 -> #NAME? | ... MF33: =LR33*$JB33 -> #NAME? | MG33: =SUM(LT33:MF33) -> #REF! | MH33: LT01-004 | MI33: P0037 | MJ33: 45526 | MK33: Yes | MM33: Yes | MO33: Israel
A34: 6 | B34: LT01-005 | C34: 0402CS-5N6XGRW | D34: BUY1 | E34: 408260904 | F34: INDUCTOR CHIP 5.6NH 2^ 0.76A 0402 T&R | H34: EA | I34: 1 | J34: 6 | K34: 0 | L34: 0 | M34: 0 | N34: 2 | O34: 0 | P34: 0 | Q34: 0 | R34: 0 | S34: 2 | T34: 0 | U34: 0 | V34: 0 | W34: 0 | X34: 0 | Y34: 0 | Z34: 0 | AA34: 0 | AB34: 2 | AC34: 0 | AD34: 0 | AE34: 0 | AF34: 0 | AG34: 0 | AH34: =SUM(K34:AB34) -> 6 | AI34: =SUMPRODUCT(K34:AG34,$K$24:$AG$24) -> 141178 | AJ34: 2000 | AL34: COILCRAFT INC. | AM34: ELINA | AP34: 0.072 | AQ34: USD | AR34: Avi Elia | AS34: avi@elina.co.il | AU34: 972.73.2224830 | AV34: =MI34 -> P0025 | AW34: =JB34 -> #NAME? | AX34: 7 | AY34: =JF34 -> #REF! | BE34: 142000 | DD34: =SUM($AZ34,$BA34:BF34)-SUM($EU34:FA34) -> 141080 | DE34: =SUM($AZ34,$BA34:BG34)-SUM($EU34:FB34) -> 137484 | DF34: =SUM($AZ34,$BA34:BH34)-SUM($EU34:FC34) -> 132822 | DG34: =SUM($AZ34,$BA34:BI34)-SUM($EU34:FD34) -> 128822 | DH34: =SUM($AZ34,$BA34:BJ34)-SUM($EU34:FE34) -> 124822 | DI34: =SUM($AZ34,$BA34:BK34)-SUM($EU34:FF34) -> 120822 | DJ34: =SUM($AZ34,$BA34:BL34)-SUM($EU34:FG34) -> 116822 | DK34: =SUM($AZ34,$BA34:BM34)-SUM($EU34:FH34) -> 112822 | ... EQ34: =SUM($AZ34,$BA34:CS34)-SUM($EU34:GN34) -> 822 | FA34: {=SUMPRODUCT($K34:$AG34,TRANSPOSE(FA$5:FA$27))} -> 920 | FB34: {=SUMPRODUCT($K34:$AG34,TRANSPOSE(FB$5:FB$27))} -> 3596 | FC34: {=SUMPRODUCT($K34:$AG34,TRANSPOSE(FC$5:FC$27))} -> 4662 | FD34: {=SUMPRODUCT($K34:$AG34,TRANSPOSE(FD$5:FD$27))} -> 4000 | FE34: {=SUMPRODUCT($K34:$AG34,TRANSPOSE(FE$5:FE$27))} -> 4000 | FF34: {=SUMPRODUCT($K34:$AG34,TRANSPOSE(FF$5:FF$27))} -> 4000 | FG34: {=SUMPRODUCT($K34:$AG34,TRANSPOSE(FG$5:FG$27))} -> 4000 | FH34: {=SUMPRODUCT($K34:$AG34,TRANSPOSE(FH$5:FH$27))} -> 4000 | ... GN34: {=SUMPRODUCT($K34:$AG34,TRANSPOSE(GN$5:GN$27))} -> 0 | IV34: coilcraft | IW34: =C34 -> 0402CS-5N6XGRW | IX34: =AL34 -> COILCRAFT INC. | IY34: =AP34 -> 0.072 | IZ34: =AQ34 -> USD | JA34: =_xlfn.XLOOKUP(IZ34,IZ$21:IZ$24,JA$21:JA$24,0) -> #NAME? | JB34: =IY34*JA34 -> #NAME? | JC34: =AJ34 -> 2000 | JD34: 10000 | JF34: =MAX(JD34,CEILING(#REF!+JE34,JC34)) -> #REF! | JG34: =JF34*JB34 -> #REF! | JH34: =JF34-#REF! -> #REF! | JI34: =JH34*JB34 -> #REF! | JJ34: 45523 | JK34: Sagi | JL34: Ordered | JM34: Y | JN34: RNSE | JO34: {=SUMPRODUCT(#REF!,TRANSPOSE(JO$19:JO$22))} -> #REF! | JP34: {=SUMPRODUCT(#REF!,TRANSPOSE(JP$19:JP$22))} -> #REF! | JQ34: {=SUMPRODUCT(#REF!,TRANSPOSE(JQ$19:JQ$22))} -> #REF! | JR34: {=SUMPRODUCT(#REF!,TRANSPOSE(JR$19:JR$22))} -> #REF! | JS34: {=SUMPRODUCT(#REF!,TRANSPOSE(JS$19:JS$22))} -> #REF! | JT34: {=SUMPRODUCT(#REF!,TRANSPOSE(JT$19:JT$22))} -> #REF! | JU34: {=SUMPRODUCT(#REF!,TRANSPOSE(JU$19:JU$22))} -> #REF! | JV34: {=SUMPRODUCT(#REF!,TRANSPOSE(JV$19:JV$22))} -> #REF! | ... KA34: {=SUMPRODUCT(#REF!,TRANSPOSE(KA$19:KA$22))} -> #REF! | KC34: =CEILING(JO34,$JC34) -> #REF! | KD34: =CEILING(SUM($JO34:JP34)-SUM($KC34:KC34),$JC34) -> #REF! | KE34: =CEILING(SUM($JO34:JQ34)-SUM($KC34:KD34),$JC34) -> #REF! | KF34: =CEILING(SUM($JO34:JR34)-SUM($KC34:KE34),$JC34) -> #REF! | KG34: =CEILING(SUM($JO34:JS34)-SUM($KC34:KF34),$JC34) -> #REF! | KH34: =CEILING(SUM($JO34:JT34)-SUM($KC34:KG34),$JC34) -> #REF! | KI34: =CEILING(SUM($JO34:JU34)-SUM($KC34:KH34),$JC34) -> #REF! | KJ34: =CEILING(SUM($JO34:JV34)-SUM($KC34:KI34),$JC34) -> #REF! | KK34: =CEILING(SUM($JO34:JW34)-SUM($KC34:KJ34),$JC34) -> #REF! | ... KM34: =CEILING(SUM($JO34:JY34)-SUM($KC34:KL34),$JC34) -> #REF! | KN34: =JF34-SUM(KC34:KM34) -> #REF! | KO34: =JF34-SUM(KC34:KN34) -> #REF! | KQ34: =KC34*$JB34 -> #REF! | KR34: =KD34*$JB34 -> #REF! | KS34: =KE34*$JB34 -> #REF! | KT34: =KF34*$JB34 -> #REF! | KU34: =KG34*$JB34 -> #REF! | KV34: =KH34*$JB34 -> #REF! | KW34: =KI34*$JB34 -> #REF! | KX34: =KJ34*$JB34 -> #REF! | ... LC34: =KO34*$JB34 -> #REF! | LD34: =SUM(KQ34:LC34) -> #REF! | LE34: 1 | LF34: =SUM(KC34:KO34) -> #REF! | LR34: =KO34 -> #REF! | LT34: =LF34*$JB34 -> #REF! | LU34: =LG34*$JB34 -> #NAME? | LV34: =LH34*$JB34 -> #NAME? | LW34: =LI34*$JB34 -> #NAME? | LX34: =LJ34*$JB34 -> #NAME? | LY34: =LK34*$JB34 -> #NAME? | LZ34: =LL34*$JB34 -> #NAME? | MA34: =LM34*$JB34 -> #NAME? | ... MF34: =LR34*$JB34 -> #REF! | MG34: =SUM(LT34:MF34) -> #REF! | MH34: LT01-005 | MI34: P0025 | MJ34: 45526 | MK34: Yes | ML34: Yes | MM34: Yes | MO34: Indonesia / Malaysia / Vietnam
A35: 7 | B35: LT01-006 | C35: 0603CS-15NXGRW | D35: BUY1 | E35: 407184523 | F35: CHIP INDUCTOR 15NH 2^ T&R | H35: EA | I35: 1 | J35: 16 | K35: 0 | L35: 0 | M35: 0 | N35: 4 | O35: 0 | P35: 0 | Q35: 0 | R35: 0 | S35: 6 | T35: 0 | U35: 0 | V35: 0 | W35: 0 | X35: 0 | Y35: 0 | Z35: 0 | AA35: 0 | AB35: 6 | AC35: 0 | AD35: 0 | AE35: 0 | AF35: 0 | AG35: 0 | AH35: =SUM(K35:AB35) -> 16 | AI35: =SUMPRODUCT(K35:AG35,$K$24:$AG$24) -> 353978 | AJ35: 2000 | AL35: COILCRAFT INC. | AM35: ELINA | AP35: 0.065 | AQ35: USD | AR35: Avi Elia | AS35: avi@elina.co.il | AU35: 972.73.2224830 | AV35: =MI35 -> P0025 | AW35: =JB35 -> #NAME? | AX35: 7 | AY35: =JF35 -> #REF! | BE35: 354000 | DD35: =SUM($AZ35,$BA35:BF35)-SUM($EU35:FA35) -> 351600 | DE35: =SUM($AZ35,$BA35:BG35)-SUM($EU35:FB35) -> 342008 | DF35: =SUM($AZ35,$BA35:BH35)-SUM($EU35:FC35) -> 330022 | DG35: =SUM($AZ35,$BA35:BI35)-SUM($EU35:FD35) -> 320022 | DH35: =SUM($AZ35,$BA35:BJ35)-SUM($EU35:FE35) -> 310022 | DI35: =SUM($AZ35,$BA35:BK35)-SUM($EU35:FF35) -> 300022 | DJ35: =SUM($AZ35,$BA35:BL35)-SUM($EU35:FG35) -> 290022 | DK35: =SUM($AZ35,$BA35:BM35)-SUM($EU35:FH35) -> 280022 | ... EQ35: =SUM($AZ35,$BA35:CS35)-SUM($EU35:GN35) -> 22 | FA35: {=SUMPRODUCT($K35:$AG35,TRANSPOSE(FA$5:FA$27))} -> 2400 | FB35: {=SUMPRODUCT($K35:$AG35,TRANSPOSE(FB$5:FB$27))} -> 9592 | FC35: {=SUMPRODUCT($K35:$AG35,TRANSPOSE(FC$5:FC$27))} -> 11986 | FD35: {=SUMPRODUCT($K35:$AG35,TRANSPOSE(FD$5:FD$27))} -> 10000 | FE35: {=SUMPRODUCT($K35:$AG35,TRANSPOSE(FE$5:FE$27))} -> 10000 | FF35: {=SUMPRODUCT($K35:$AG35,TRANSPOSE(FF$5:FF$27))} -> 10000 | FG35: {=SUMPRODUCT($K35:$AG35,TRANSPOSE(FG$5:FG$27))} -> 10000 | FH35: {=SUMPRODUCT($K35:$AG35,TRANSPOSE(FH$5:FH$27))} -> 10000 | ... GN35: {=SUMPRODUCT($K35:$AG35,TRANSPOSE(GN$5:GN$27))} -> 0 | IV35: coilcraft | IW35: =C35 -> 0603CS-15NXGRW | IX35: =AL35 -> COILCRAFT INC. | IY35: =AP35 -> 0.065 | IZ35: =AQ35 -> USD | JA35: =_xlfn.XLOOKUP(IZ35,IZ$21:IZ$24,JA$21:JA$24,0) -> #NAME? | JB35: =IY35*JA35 -> #NAME? | JC35: =AJ35 -> 2000 | JD35: 26000 | JF35: =MAX(JD35,CEILING(#REF!+JE35,JC35)) -> #REF! | JG35: =JF35*JB35 -> #REF! | JH35: =JF35-#REF! -> #REF! | JI35: =JH35*JB35 -> #REF! | JJ35: 45523 | JK35: Sagi | JL35: Ordered | JM35: Y | JN35: RNSE | JO35: {=SUMPRODUCT(#REF!,TRANSPOSE(JO$19:JO$22))} -> #REF! | JP35: {=SUMPRODUCT(#REF!,TRANSPOSE(JP$19:JP$22))} -> #REF! | JQ35: {=SUMPRODUCT(#REF!,TRANSPOSE(JQ$19:JQ$22))} -> #REF! | JR35: {=SUMPRODUCT(#REF!,TRANSPOSE(JR$19:JR$22))} -> #REF! | JS35: {=SUMPRODUCT(#REF!,TRANSPOSE(JS$19:JS$22))} -> #REF! | JT35: {=SUMPRODUCT(#REF!,TRANSPOSE(JT$19:JT$22))} -> #REF! | JU35: {=SUMPRODUCT(#REF!,TRANSPOSE(JU$19:JU$22))} -> #REF! | JV35: {=SUMPRODUCT(#REF!,TRANSPOSE(JV$19:JV$22))} -> #REF! | ... KA35: {=SUMPRODUCT(#REF!,TRANSPOSE(KA$19:KA$22))} -> #REF! | KC35: =CEILING(JO35,$JC35) -> #REF! | KD35: =CEILING(SUM($JO35:JP35)-SUM($KC35:KC35),$JC35) -> #REF! | KE35: =CEILING(SUM($JO35:JQ35)-SUM($KC35:KD35),$JC35) -> #REF! | KF35: =CEILING(SUM($JO35:JR35)-SUM($KC35:KE35),$JC35) -> #REF! | KG35: =CEILING(SUM($JO35:JS35)-SUM($KC35:KF35),$JC35) -> #REF! | KH35: =CEILING(SUM($JO35:JT35)-SUM($KC35:KG35),$JC35) -> #REF! | KI35: =CEILING(SUM($JO35:JU35)-SUM($KC35:KH35),$JC35) -> #REF! | KJ35: =CEILING(SUM($JO35:JV35)-SUM($KC35:KI35),$JC35) -> #REF! | KK35: =CEILING(SUM($JO35:JW35)-SUM($KC35:KJ35),$JC35) -> #REF! | ... KM35: =CEILING(SUM($JO35:JY35)-SUM($KC35:KL35),$JC35) -> #REF! | KN35: =JF35-SUM(KC35:KM35) -> #REF! | KO35: =JF35-SUM(KC35:KN35) -> #REF! | KQ35: =KC35*$JB35 -> #REF! | KR35: =KD35*$JB35 -> #REF! | KS35: =KE35*$JB35 -> #REF! | KT35: =KF35*$JB35 -> #REF! | KU35: =KG35*$JB35 -> #REF! | KV35: =KH35*$JB35 -> #REF! | KW35: =KI35*$JB35 -> #REF! | KX35: =KJ35*$JB35 -> #REF! | ... LC35: =KO35*$JB35 -> #REF! | LD35: =SUM(KQ35:LC35) -> #REF! | LE35: 2 | LF35: =SUM(KC35:KH35) -> #REF! | LL35: =SUM(KI35:KO35) -> #REF! | LT35: =LF35*$JB35 -> #REF! | LU35: =LG35*$JB35 -> #NAME? | LV35: =LH35*$JB35 -> #NAME? | LW35: =LI35*$JB35 -> #NAME? | LX35: =LJ35*$JB35 -> #NAME? | LY35: =LK35*$JB35 -> #NAME? | LZ35: =LL35*$JB35 -> #REF! | MA35: =LM35*$JB35 -> #NAME? | ... MF35: =LR35*$JB35 -> #NAME? | MG35: =SUM(LT35:MF35) -> #REF! | MH35: LT01-006 | MI35: P0025 | MJ35: 45526 | MK35: Yes | ML35: Yes | MM35: Yes | MO35: Indonesia / Malaysia / Vietnam
A36: 8 | B36: LT01-007 | C36: 0603CS-8N7XGLW | D36: BUY1 | E36: 400236023 | F36: CHIP INDUCTOR 8.7NH 2% T&R | H36: EA | I36: 2 | J36: 4 | K36: 0 | L36: 0 | M36: 0 | N36: 0 | O36: 0 | P36: 0 | Q36: 0 | R36: 0 | S36: 2 | T36: 0 | U36: 0 | V36: 0 | W36: 0 | X36: 0 | Y36: 0 | Z36: 0 | AA36: 0 | AB36: 2 | AC36: 0 | AD36: 0 | AE36: 0 | AF36: 0 | AG36: 0 | AH36: =SUM(K36:AB36) -> 4 | AI36: =SUMPRODUCT(K36:AG36,$K$24:$AG$24) -> 71622 | AJ36: 2000 | AL36: COILCRAFT INC. | AM36: ELINA | AP36: 0.072 | AQ36: USD | AR36: Avi Elia | AS36: avi@elina.co.il | AU36: 972.73.2224830 | AV36: =MI36 -> P0025 | AW36: =JB36 -> #NAME? | AX36: 7 | AY36: =JF36 -> #REF! | BE36: 72000 | DD36: =SUM($AZ36,$BA36:BF36)-SUM($EU36:FA36) -> 71440 | DE36: =SUM($AZ36,$BA36:BG36)-SUM($EU36:FB36) -> 69040 | DF36: =SUM($AZ36,$BA36:BH36)-SUM($EU36:FC36) -> 66378 | DG36: =SUM($AZ36,$BA36:BI36)-SUM($EU36:FD36) -> 64378 | DH36: =SUM($AZ36,$BA36:BJ36)-SUM($EU36:FE36) -> 62378 | DI36: =SUM($AZ36,$BA36:BK36)-SUM($EU36:FF36) -> 60378 | DJ36: =SUM($AZ36,$BA36:BL36)-SUM($EU36:FG36) -> 58378 | DK36: =SUM($AZ36,$BA36:BM36)-SUM($EU36:FH36) -> 56378 | ... EQ36: =SUM($AZ36,$BA36:CS36)-SUM($EU36:GN36) -> 378 | FA36: {=SUMPRODUCT($K36:$AG36,TRANSPOSE(FA$5:FA$27))} -> 560 | FB36: {=SUMPRODUCT($K36:$AG36,TRANSPOSE(FB$5:FB$27))} -> 2400 | FC36: {=SUMPRODUCT($K36:$AG36,TRANSPOSE(FC$5:FC$27))} -> 2662 | FD36: {=SUMPRODUCT($K36:$AG36,TRANSPOSE(FD$5:FD$27))} -> 2000 | FE36: {=SUMPRODUCT($K36:$AG36,TRANSPOSE(FE$5:FE$27))} -> 2000 | FF36: {=SUMPRODUCT($K36:$AG36,TRANSPOSE(FF$5:FF$27))} -> 2000 | FG36: {=SUMPRODUCT($K36:$AG36,TRANSPOSE(FG$5:FG$27))} -> 2000 | FH36: {=SUMPRODUCT($K36:$AG36,TRANSPOSE(FH$5:FH$27))} -> 2000 | ... GN36: {=SUMPRODUCT($K36:$AG36,TRANSPOSE(GN$5:GN$27))} -> 0 | IV36: coilcraft | IW36: =C36 -> 0603CS-8N7XGLW | IX36: =AL36 -> COILCRAFT INC. | IY36: =AP36 -> 0.072 | IZ36: =AQ36 -> USD | JA36: =_xlfn.XLOOKUP(IZ36,IZ$21:IZ$24,JA$21:JA$24,0) -> #NAME? | JB36: =IY36*JA36 -> #NAME? | JC36: =AJ36 -> 2000 | JD36: 6000 | JF36: =MAX(JD36,CEILING(#REF!+JE36,JC36)) -> #REF! | JG36: =JF36*JB36 -> #REF! | JH36: =JF36-#REF! -> #REF! | JI36: =JH36*JB36 -> #REF! | JJ36: 45523 | JK36: Sagi | JL36: Ordered | JM36: Y | JN36: RNSE | JO36: {=SUMPRODUCT(#REF!,TRANSPOSE(JO$19:JO$22))} -> #REF! | JP36: {=SUMPRODUCT(#REF!,TRANSPOSE(JP$19:JP$22))} -> #REF! | JQ36: {=SUMPRODUCT(#REF!,TRANSPOSE(JQ$19:JQ$22))} -> #REF! | JR36: {=SUMPRODUCT(#REF!,TRANSPOSE(JR$19:JR$22))} -> #REF! | JS36: {=SUMPRODUCT(#REF!,TRANSPOSE(JS$19:JS$22))} -> #REF! | JT36: {=SUMPRODUCT(#REF!,TRANSPOSE(JT$19:JT$22))} -> #REF! | JU36: {=SUMPRODUCT(#REF!,TRANSPOSE(JU$19:JU$22))} -> #REF! | JV36: {=SUMPRODUCT(#REF!,TRANSPOSE(JV$19:JV$22))} -> #REF! | ... KA36: {=SUMPRODUCT(#REF!,TRANSPOSE(KA$19:KA$22))} -> #REF! | KC36: =CEILING(JO36,$JC36) -> #REF! | KD36: =CEILING(SUM($JO36:JP36)-SUM($KC36:KC36),$JC36) -> #REF! | KE36: =CEILING(SUM($JO36:JQ36)-SUM($KC36:KD36),$JC36) -> #REF! | KF36: =CEILING(SUM($JO36:JR36)-SUM($KC36:KE36),$JC36) -> #REF! | KG36: =CEILING(SUM($JO36:JS36)-SUM($KC36:KF36),$JC36) -> #REF! | KH36: =CEILING(SUM($JO36:JT36)-SUM($KC36:KG36),$JC36) -> #REF! | KI36: =CEILING(SUM($JO36:JU36)-SUM($KC36:KH36),$JC36) -> #REF! | KJ36: =CEILING(SUM($JO36:JV36)-SUM($KC36:KI36),$JC36) -> #REF! | KK36: =CEILING(SUM($JO36:JW36)-SUM($KC36:KJ36),$JC36) -> #REF! | ... KM36: =CEILING(SUM($JO36:JY36)-SUM($KC36:KL36),$JC36) -> #REF! | KN36: =JF36-SUM(KC36:KM36) -> #REF! | KO36: =JF36-SUM(KC36:KN36) -> #REF! | KQ36: =KC36*$JB36 -> #REF! | KR36: =KD36*$JB36 -> #REF! | KS36: =KE36*$JB36 -> #REF! | KT36: =KF36*$JB36 -> #REF! | KU36: =KG36*$JB36 -> #REF! | KV36: =KH36*$JB36 -> #REF! | KW36: =KI36*$JB36 -> #REF! | KX36: =KJ36*$JB36 -> #REF! | ... LC36: =KO36*$JB36 -> #REF! | LD36: =SUM(KQ36:LC36) -> #REF! | LE36: 1 | LF36: =SUM(KC36:KO36) -> #REF! | LR36: =KO36 -> #REF! | LT36: =LF36*$JB36 -> #REF! | LU36: =LG36*$JB36 -> #NAME? | LV36: =LH36*$JB36 -> #NAME? | LW36: =LI36*$JB36 -> #NAME? | LX36: =LJ36*$JB36 -> #NAME? | LY36: =LK36*$JB36 -> #NAME? | LZ36: =LL36*$JB36 -> #NAME? | MA36: =LM36*$JB36 -> #NAME? | ... MF36: =LR36*$JB36 -> #REF! | MG36: =SUM(LT36:MF36) -> #REF! | MH36: LT01-007 | MI36: P0025 | MJ36: 45526 | MK36: Yes | ML36: Yes | MM36: Yes | MO36: Indonesia / Malaysia / Vietnam
A37: 9 | B37: LT01-008 | C37: 0805ZC106KAT2A | D37: BUY1 | E37: 414202262 | F37: CHIP CAP 10UF 10^ 10V X7R T&R | G37: 401502387 | H37: EA | I37: 2 | J37: 57 | K37: 0 | L37: 0 | M37: 0 | N37: 0 | O37: 19 | P37: 0 | Q37: 0 | R37: 0 | S37: 0 | T37: 0 | U37: 0 | V37: 0 | W37: 0 | X37: 19 | Y37: 0 | Z37: 0 | AA37: 0 | AB37: 0 | AC37: 0 | AD37: 0 | AE37: 0 | AF37: 0 | AG37: 19 | AH37: =SUM(K37:AB37) -> 38 | AI37: =SUMPRODUCT(K37:AG37,$K$24:$AG$24) -> 1341191 | AJ37: 10000 | AL37: AVX | AM37: PHONIX TECHNOLOGIES | AO37: V | AP37: 0.029 | AQ37: USD | AT37: Phoenix Technologies | AV37: =MI37 -> P0037 | AW37: =JB37 -> #NAME? | AX37: 15 | AY37: =JF37 -> #REF! | BG37: 702000 | BL37: 648000 | DD37: =SUM($AZ37,$BA37:BF37)-SUM($EU37:FA37) -> -8740 | DE37: =SUM($AZ37,$BA37:BG37)-SUM($EU37:FB37) -> 659098 | DF37: =SUM($AZ37,$BA37:BH37)-SUM($EU37:FC37) -> 614809 | DG37: =SUM($AZ37,$BA37:BI37)-SUM($EU37:FD37) -> 576809 | DH37: =SUM($AZ37,$BA37:BJ37)-SUM($EU37:FE37) -> 538809 | DI37: =SUM($AZ37,$BA37:BK37)-SUM($EU37:FF37) -> 500809 | DJ37: =SUM($AZ37,$BA37:BL37)-SUM($EU37:FG37) -> 1110809 | DK37: =SUM($AZ37,$BA37:BM37)-SUM($EU37:FH37) -> 1072809 | ... EQ37: =SUM($AZ37,$BA37:CS37)-SUM($EU37:GN37) -> 8809 | FA37: {=SUMPRODUCT($K37:$AG37,TRANSPOSE(FA$5:FA$27))} -> 8740 | FB37: {=SUMPRODUCT($K37:$AG37,TRANSPOSE(FB$5:FB$27))} -> 34162 | FC37: {=SUMPRODUCT($K37:$AG37,TRANSPOSE(FC$5:FC$27))} -> 44289 | FD37: {=SUMPRODUCT($K37:$AG37,TRANSPOSE(FD$5:FD$27))} -> 38000 | FE37: {=SUMPRODUCT($K37:$AG37,TRANSPOSE(FE$5:FE$27))} -> 38000 | FF37: {=SUMPRODUCT($K37:$AG37,TRANSPOSE(FF$5:FF$27))} -> 38000 | FG37: {=SUMPRODUCT($K37:$AG37,TRANSPOSE(FG$5:FG$27))} -> 38000 | FH37: {=SUMPRODUCT($K37:$AG37,TRANSPOSE(FH$5:FH$27))} -> 38000 | ... GN37: {=SUMPRODUCT($K37:$AG37,TRANSPOSE(GN$5:GN$27))} -> 0 | IV37: =AM37 -> PHONIX TECHNOLOGIES | IW37: =C37 -> 0805ZC106KAT2A | IX37: =AL37 -> AVX | IY37: 0.0285 | IZ37: =AQ37 -> USD | JA37: =_xlfn.XLOOKUP(IZ37,IZ$21:IZ$24,JA$21:JA$24,0) -> #NAME? | JB37: =IY37*JA37 -> #NAME? | JC37: =AJ37 -> 10000 | JD37: =AJ37 -> 10000 | JF37: =MAX(JD37,CEILING(#REF!+JE37,JC37)) -> #REF! | JG37: =JF37*JB37 -> #REF! | JH37: =JF37-#REF! -> #REF! | JI37: =JH37*JB37 -> #REF! | JJ37: 45523 | JK37: Sagi | JL37: Ordered | JM37: Y | JN37: RNSE | JO37: {=SUMPRODUCT(#REF!,TRANSPOSE(JO$19:JO$22))} -> #REF! | JP37: {=SUMPRODUCT(#REF!,TRANSPOSE(JP$19:JP$22))} -> #REF! | JQ37: {=SUMPRODUCT(#REF!,TRANSPOSE(JQ$19:JQ$22))} -> #REF! | JR37: {=SUMPRODUCT(#REF!,TRANSPOSE(JR$19:JR$22))} -> #REF! | JS37: {=SUMPRODUCT(#REF!,TRANSPOSE(JS$19:JS$22))} -> #REF! | JT37: {=SUMPRODUCT(#REF!,TRANSPOSE(JT$19:JT$22))} -> #REF! | JU37: {=SUMPRODUCT(#REF!,TRANSPOSE(JU$19:JU$22))} -> #REF! | JV37: {=SUMPRODUCT(#REF!,TRANSPOSE(JV$19:JV$22))} -> #REF! | ... KA37: {=SUMPRODUCT(#REF!,TRANSPOSE(KA$19:KA$22))} -> #REF! | KC37: =CEILING(JO37,$JC37) -> #REF! | KD37: =CEILING(SUM($JO37:JP37)-SUM($KC37:KC37),$JC37) -> #REF! | KE37: =CEILING(SUM($JO37:JQ37)-SUM($KC37:KD37),$JC37) -> #REF! | KF37: =CEILING(SUM($JO37:JR37)-SUM($KC37:KE37),$JC37) -> #REF! | KG37: =CEILING(SUM($JO37:JS37)-SUM($KC37:KF37),$JC37) -> #REF! | KH37: =CEILING(SUM($JO37:JT37)-SUM($KC37:KG37),$JC37) -> #REF! | KI37: =CEILING(SUM($JO37:JU37)-SUM($KC37:KH37),$JC37) -> #REF! | KJ37: =CEILING(SUM($JO37:JV37)-SUM($KC37:KI37),$JC37) -> #REF! | KK37: =CEILING(SUM($JO37:JW37)-SUM($KC37:KJ37),$JC37) -> #REF! | ... KM37: =CEILING(SUM($JO37:JY37)-SUM($KC37:KL37),$JC37) -> #REF! | KN37: =JF37-SUM(KC37:KM37) -> #REF! | KO37: =JF37-SUM(KC37:KN37) -> #REF! | KQ37: =KC37*$JB37 -> #REF! | KR37: =KD37*$JB37 -> #REF! | KS37: =KE37*$JB37 -> #REF! | KT37: =KF37*$JB37 -> #REF! | KU37: =KG37*$JB37 -> #REF! | KV37: =KH37*$JB37 -> #REF! | KW37: =KI37*$JB37 -> #REF! | KX37: =KJ37*$JB37 -> #REF! | ... LC37: =KO37*$JB37 -> #REF! | LD37: =SUM(KQ37:LC37) -> #REF! | LE37: 2 | LF37: =SUM(KC37:KH37) -> #REF! | LL37: =SUM(KI37:KO37) -> #REF! | LT37: =LF37*$JB37 -> #REF! | LU37: =LG37*$JB37 -> #NAME? | LV37: =LH37*$JB37 -> #NAME? | LW37: =LI37*$JB37 -> #NAME? | LX37: =LJ37*$JB37 -> #NAME? | LY37: =LK37*$JB37 -> #NAME? | LZ37: =LL37*$JB37 -> #REF! | MA37: =LM37*$JB37 -> #NAME? | ... MF37: =LR37*$JB37 -> #NAME? | MG37: =SUM(LT37:MF37) -> #REF! | MH37: LT01-008 | MI37: P0037 | MJ37: 45526 | MK37: Yes | MM37: Yes | MO37: Japan
A38: 10 | B38: LT01-009 | C38: 097-0227-893 | D38: BUY1 | E38: 400469285 | F38: GUIDE PIN,THREADED 4-40UNC 3A,60 DEG.CON | H38: EA | I38: 2 | J38: 6 | K38: 0 | L38: 2 | M38: 0 | N38: 0 | O38: 0 | P38: 0 | Q38: 2 | R38: 0 | S38: 0 | T38: 0 | U38: 0 | V38: 0 | W38: 0 | X38: 0 | Y38: 0 | Z38: 2 | AA38: 0 | AB38: 0 | AC38: 0 | AD38: 0 | AE38: 0 | AF38: 0 | AG38: 0 | AH38: =SUM(K38:AB38) -> 6 | AI38: =SUMPRODUCT(K38:AG38,$K$24:$AG$24) -> 141178 | AJ38: 1 | AL38: DCX-CHOL Entr. Inc | AM38: Masterite | AP38: 1 | AQ38: USD | AR38: Elad Zafrir | AS38: elad.zafrir@emet.co.il | AU38: 972-54-302-7334 | AV38: =MI38 -> P0011 | AW38: =JB38 -> #NAME? | AY38: =JF38 -> #REF! | BG38: 3000 | DD38: =SUM($AZ38,$BA38:BF38)-SUM($EU38:FA38) -> -920 | DE38: =SUM($AZ38,$BA38:BG38)-SUM($EU38:FB38) -> -1516 | DF38: =SUM($AZ38,$BA38:BH38)-SUM($EU38:FC38) -> -6178 | DG38: =SUM($AZ38,$BA38:BI38)-SUM($EU38:FD38) -> -10178 | DH38: =SUM($AZ38,$BA38:BJ38)-SUM($EU38:FE38) -> -14178 | DI38: =SUM($AZ38,$BA38:BK38)-SUM($EU38:FF38) -> -18178 | DJ38: =SUM($AZ38,$BA38:BL38)-SUM($EU38:FG38) -> -22178 | DK38: =SUM($AZ38,$BA38:BM38)-SUM($EU38:FH38) -> -26178 | ... EQ38: =SUM($AZ38,$BA38:CS38)-SUM($EU38:GN38) -> -138178 | FA38: {=SUMPRODUCT($K38:$AG38,TRANSPOSE(FA$5:FA$27))} -> 920 | FB38: {=SUMPRODUCT($K38:$AG38,TRANSPOSE(FB$5:FB$27))} -> 3596 | FC38: {=SUMPRODUCT($K38:$AG38,TRANSPOSE(FC$5:FC$27))} -> 4662 | FD38: {=SUMPRODUCT($K38:$AG38,TRANSPOSE(FD$5:FD$27))} -> 4000 | FE38: {=SUMPRODUCT($K38:$AG38,TRANSPOSE(FE$5:FE$27))} -> 4000 | FF38: {=SUMPRODUCT($K38:$AG38,TRANSPOSE(FF$5:FF$27))} -> 4000 | FG38: {=SUMPRODUCT($K38:$AG38,TRANSPOSE(FG$5:FG$27))} -> 4000 | FH38: {=SUMPRODUCT($K38:$AG38,TRANSPOSE(FH$5:FH$27))} -> 4000 | ... GN38: {=SUMPRODUCT($K38:$AG38,TRANSPOSE(GN$5:GN$27))} -> 0 | IV38: =AM38 -> Masterite | IW38: =C38 -> 097-0227-893 | IX38: =AL38 -> DCX-CHOL Entr. Inc | IY38: =AP38 -> 1 | IZ38: =AQ38 -> USD | JA38: =_xlfn.XLOOKUP(IZ38,IZ$21:IZ$24,JA$21:JA$24,0) -> #NAME? | JB38: =IY38*JA38 -> #NAME? | JC38: =AJ38 -> 1 | JD38: =AJ38 -> 1 | JE38: 100 | JF38: =MAX(JD38,CEILING(#REF!+JE38,JC38)) -> #REF! | JG38: =JF38*JB38 -> #REF! | JH38: =JF38-#REF! -> #REF! | JI38: =JH38*JB38 -> #REF! | JJ38: 45523 | JK38: Sagi | JL38: Ordered | JM38: Y | JN38: RNSE | JO38: {=SUMPRODUCT(#REF!,TRANSPOSE(JO$19:JO$22))} -> #REF! | JP38: {=SUMPRODUCT(#REF!,TRANSPOSE(JP$19:JP$22))} -> #REF! | JQ38: {=SUMPRODUCT(#REF!,TRANSPOSE(JQ$19:JQ$22))} -> #REF! | JR38: {=SUMPRODUCT(#REF!,TRANSPOSE(JR$19:JR$22))} -> #REF! | JS38: {=SUMPRODUCT(#REF!,TRANSPOSE(JS$19:JS$22))} -> #REF! | JT38: {=SUMPRODUCT(#REF!,TRANSPOSE(JT$19:JT$22))} -> #REF! | JU38: {=SUMPRODUCT(#REF!,TRANSPOSE(JU$19:JU$22))} -> #REF! | JV38: {=SUMPRODUCT(#REF!,TRANSPOSE(JV$19:JV$22))} -> #REF! | ... KA38: {=SUMPRODUCT(#REF!,TRANSPOSE(KA$19:KA$22))} -> #REF! | KC38: =CEILING(JO38,$JC38) -> #REF! | KD38: =CEILING(SUM($JO38:JP38)-SUM($KC38:KC38),$JC38) -> #REF! | KE38: =CEILING(SUM($JO38:JQ38)-SUM($KC38:KD38),$JC38) -> #REF! | KF38: =CEILING(SUM($JO38:JR38)-SUM($KC38:KE38),$JC38) -> #REF! | KG38: =CEILING(SUM($JO38:JS38)-SUM($KC38:KF38),$JC38) -> #REF! | KH38: =CEILING(SUM($JO38:JT38)-SUM($KC38:KG38),$JC38) -> #REF! | KI38: =CEILING(SUM($JO38:JU38)-SUM($KC38:KH38),$JC38) -> #REF! | KJ38: =CEILING(SUM($JO38:JV38)-SUM($KC38:KI38),$JC38) -> #REF! | KK38: =CEILING(SUM($JO38:JW38)-SUM($KC38:KJ38),$JC38) -> #REF! | ... KM38: =CEILING(SUM($JO38:JY38)-SUM($KC38:KL38),$JC38) -> #REF! | KN38: =JF38-SUM(KC38:KM38) -> #REF! | KO38: =JF38-SUM(KC38:KN38) -> #REF! | KQ38: =KC38*$JB38 -> #REF! | KR38: =KD38*$JB38 -> #REF! | KS38: =KE38*$JB38 -> #REF! | KT38: =KF38*$JB38 -> #REF! | KU38: =KG38*$JB38 -> #REF! | KV38: =KH38*$JB38 -> #REF! | KW38: =KI38*$JB38 -> #REF! | KX38: =KJ38*$JB38 -> #REF! | ... LC38: =KO38*$JB38 -> #REF! | LD38: =SUM(KQ38:LC38) -> #REF! | LE38: 4 | LF38: =SUM(KC38:KE38) -> #REF! | LI38: =SUM(KF38:KH38) -> #REF! | LL38: =SUM(KI38:KK38) -> #REF! | LO38: =SUM(KL38:KO38) -> #REF! | LR38: =KO38 -> #REF! | LT38: =LF38*$JB38 -> #REF! | LU38: =LG38*$JB38 -> #NAME? | LV38: =LH38*$JB38 -> #NAME? | LW38: =LI38*$JB38 -> #REF! | LX38: =LJ38*$JB38 -> #NAME? | LY38: =LK38*$JB38 -> #NAME? | LZ38: =LL38*$JB38 -> #REF! | MA38: =LM38*$JB38 -> #NAME? | ... MF38: =LR38*$JB38 -> #REF! | MG38: =SUM(LT38:MF38) -> #REF! | MH38: LT01-009 | MI38: P0011 | MJ38: 45523 | MK38: Yes | ML38: Yes | MM38: Yes
A39: 11 | B39: LT01-010 | C39: 100A1R1BT150XTV | D39: BUY1 | E39: 424270787 | F39: CHIP CAP 1.1PF +/-0.1PF 150VOLT 55X5 | H39: EA | I39: 2 | J39: 8 | K39: 0 | L39: 0 | M39: 0 | N39: 0 | O39: 0 | P39: 0 | Q39: 0 | R39: 0 | S39: 4 | T39: 0 | U39: 0 | V39: 0 | W39: 0 | X39: 0 | Y39: 0 | Z39: 0 | AA39: 0 | AB39: 4 | AC39: 0 | AD39: 0 | AE39: 0 | AF39: 0 | AG39: 0 | AH39: =SUM(K39:AB39) -> 8 | AI39: =SUMPRODUCT(K39:AG39,$K$24:$AG$24) -> 143244 | AJ39: 500 | AL39: AMERICAN TECHNICAL CERAMICS DIV. OF | AM39: SHIRTECH | AP39: 0.33 | AQ39: USD | AR39: LIZA COHEN | AS39: LIZA@SHIRTECH.CO.IL | AU39: 972-3-9516495 | AV39: =MI39 -> P0023 | AW39: =JB39 -> #NAME? | AX39: 20 | AY39: =JF39 -> #REF! | BF39: 68000 | DD39: =SUM($AZ39,$BA39:BF39)-SUM($EU39:FA39) -> 66880 | DE39: =SUM($AZ39,$BA39:BG39)-SUM($EU39:FB39) -> 62080 | DF39: =SUM($AZ39,$BA39:BH39)-SUM($EU39:FC39) -> 56756 | DG39: =SUM($AZ39,$BA39:BI39)-SUM($EU39:FD39) -> 52756 | DH39: =SUM($AZ39,$BA39:BJ39)-SUM($EU39:FE39) -> 48756 | DI39: =SUM($AZ39,$BA39:BK39)-SUM($EU39:FF39) -> 44756 | DJ39: =SUM($AZ39,$BA39:BL39)-SUM($EU39:FG39) -> 40756 | DK39: =SUM($AZ39,$BA39:BM39)-SUM($EU39:FH39) -> 36756 | ... EQ39: =SUM($AZ39,$BA39:CS39)-SUM($EU39:GN39) -> -75244 | FA39: {=SUMPRODUCT($K39:$AG39,TRANSPOSE(FA$5:FA$27))} -> 1120 | FB39: {=SUMPRODUCT($K39:$AG39,TRANSPOSE(FB$5:FB$27))} -> 4800 | FC39: {=SUMPRODUCT($K39:$AG39,TRANSPOSE(FC$5:FC$27))} -> 5324 | FD39: {=SUMPRODUCT($K39:$AG39,TRANSPOSE(FD$5:FD$27))} -> 4000 | FE39: {=SUMPRODUCT($K39:$AG39,TRANSPOSE(FE$5:FE$27))} -> 4000 | FF39: {=SUMPRODUCT($K39:$AG39,TRANSPOSE(FF$5:FF$27))} -> 4000 | FG39: {=SUMPRODUCT($K39:$AG39,TRANSPOSE(FG$5:FG$27))} -> 4000 | FH39: {=SUMPRODUCT($K39:$AG39,TRANSPOSE(FH$5:FH$27))} -> 4000 | ... GN39: {=SUMPRODUCT($K39:$AG39,TRANSPOSE(GN$5:GN$27))} -> 0 | IV39: =AM39 -> SHIRTECH | IW39: =C39 -> 100A1R1BT150XTV | IX39: =AL39 -> AMERICAN TECHNICAL CERAMICS DIV. OF | IY39: =AP39 -> 0.33 | IZ39: =AQ39 -> USD | JA39: =_xlfn.XLOOKUP(IZ39,IZ$21:IZ$24,JA$21:JA$24,0) -> #NAME? | JB39: =IY39*JA39 -> #NAME? | JC39: =AJ39 -> 500 | JD39: =AJ39 -> 500 | JF39: =MAX(JD39,CEILING(#REF!+JE39,JC39)) -> #REF! | JG39: =JF39*JB39 -> #REF! | JH39: =JF39-#REF! -> #REF! | JI39: =JH39*JB39 -> #REF! | JJ39: 45523 | JK39: Sagi | JL39: Ordered | JM39: Y | JN39: RNSE | JO39: {=SUMPRODUCT(#REF!,TRANSPOSE(JO$19:JO$22))} -> #REF! | JP39: {=SUMPRODUCT(#REF!,TRANSPOSE(JP$19:JP$22))} -> #REF! | JQ39: {=SUMPRODUCT(#REF!,TRANSPOSE(JQ$19:JQ$22))} -> #REF! | JR39: {=SUMPRODUCT(#REF!,TRANSPOSE(JR$19:JR$22))} -> #REF! | JS39: {=SUMPRODUCT(#REF!,TRANSPOSE(JS$19:JS$22))} -> #REF! | JT39: {=SUMPRODUCT(#REF!,TRANSPOSE(JT$19:JT$22))} -> #REF! | JU39: {=SUMPRODUCT(#REF!,TRANSPOSE(JU$19:JU$22))} -> #REF! | JV39: {=SUMPRODUCT(#REF!,TRANSPOSE(JV$19:JV$22))} -> #REF! | ... KA39: {=SUMPRODUCT(#REF!,TRANSPOSE(KA$19:KA$22))} -> #REF! | KC39: =CEILING(JO39,$JC39) -> #REF! | KD39: =CEILING(SUM($JO39:JP39)-SUM($KC39:KC39),$JC39) -> #REF! | KE39: =CEILING(SUM($JO39:JQ39)-SUM($KC39:KD39),$JC39) -> #REF! | KF39: =CEILING(SUM($JO39:JR39)-SUM($KC39:KE39),$JC39) -> #REF! | KG39: =CEILING(SUM($JO39:JS39)-SUM($KC39:KF39),$JC39) -> #REF! | KH39: =CEILING(SUM($JO39:JT39)-SUM($KC39:KG39),$JC39) -> #REF! | KI39: =CEILING(SUM($JO39:JU39)-SUM($KC39:KH39),$JC39) -> #REF! | KJ39: =CEILING(SUM($JO39:JV39)-SUM($KC39:KI39),$JC39) -> #REF! | KK39: =CEILING(SUM($JO39:JW39)-SUM($KC39:KJ39),$JC39) -> #REF! | ... KM39: =CEILING(SUM($JO39:JY39)-SUM($KC39:KL39),$JC39) -> #REF! | KN39: =JF39-SUM(KC39:KM39) -> #REF! | KO39: =JF39-SUM(KC39:KN39) -> #REF! | KQ39: =KC39*$JB39 -> #REF! | KR39: =KD39*$JB39 -> #REF! | KS39: =KE39*$JB39 -> #REF! | KT39: =KF39*$JB39 -> #REF! | KU39: =KG39*$JB39 -> #REF! | KV39: =KH39*$JB39 -> #REF! | KW39: =KI39*$JB39 -> #REF! | KX39: =KJ39*$JB39 -> #REF! | ... LC39: =KO39*$JB39 -> #REF! | LD39: =SUM(KQ39:LC39) -> #REF! | LE39: 2 | LF39: =SUM(KC39:KH39) -> #REF! | LL39: =SUM(KI39:KO39) -> #REF! | LT39: =LF39*$JB39 -> #REF! | LU39: =LG39*$JB39 -> #NAME? | LV39: =LH39*$JB39 -> #NAME? | LW39: =LI39*$JB39 -> #NAME? | LX39: =LJ39*$JB39 -> #NAME? | LY39: =LK39*$JB39 -> #NAME? | LZ39: =LL39*$JB39 -> #REF! | MA39: =LM39*$JB39 -> #NAME? | ... MF39: =LR39*$JB39 -> #NAME? | MG39: =SUM(LT39:MF39) -> #REF! | MH39: LT01-010 | MI39: P0023 | MJ39: 45526 | MK39: Yes | MM39: Yes | MN39: New price 74k @ $0.61 For 2025 schedule, ELTA to confirm | MO39: USA
A40: 12 | B40: LT01-011 | C40: 100A4R7BT150XTV | D40: BUY1 | E40: 417983168 | F40: CHIP CAP 4.7PF +/-0.1PF 150VOLT 55X5 | G40: 403846606 | H40: EA | I40: 2 | J40: 43 | K40: 0 | L40: 0 | M40: 0 | N40: 10 | O40: 3 | P40: 0 | Q40: 0 | R40: 0 | S40: 12 | T40: 0 | U40: 0 | V40: 0 | W40: 0 | X40: 3 | Y40: 0 | Z40: 0 | AA40: 0 | AB40: 12 | AC40: 0 | AD40: 0 | AE40: 0 | AF40: 0 | AG40: 3 | AH40: =SUM(K40:AB40) -> 40 | AI40: =SUMPRODUCT(K40:AG40,$K$24:$AG$24) -> 989279 | AJ40: 500 | AL40: AMERICAN TECHNICAL CERAMICS DIV. OF | AM40: SHIRTECH | AP40: 0.32 | AQ40: USD | AR40: LIZA COHEN | AS40: LIZA@SHIRTECH.CO.IL | AT40: Phoenix Technologies | AU40: 972-3-9516495 | AV40: =MI40 -> P0023 | AW40: =JB40 -> #NAME? | AX40: 20 | AY40: =JF40 -> #REF! | BF40: 245000 | DD40: =SUM($AZ40,$BA40:BF40)-SUM($EU40:FA40) -> 238460 | DE40: =SUM($AZ40,$BA40:BG40)-SUM($EU40:FB40) -> 212686 | DF40: =SUM($AZ40,$BA40:BH40)-SUM($EU40:FC40) -> 179721 | DG40: =SUM($AZ40,$BA40:BI40)-SUM($EU40:FD40) -> 151721 | DH40: =SUM($AZ40,$BA40:BJ40)-SUM($EU40:FE40) -> 123721 | DI40: =SUM($AZ40,$BA40:BK40)-SUM($EU40:FF40) -> 95721 | DJ40: =SUM($AZ40,$BA40:BL40)-SUM($EU40:FG40) -> 67721 | DK40: =SUM($AZ40,$BA40:BM40)-SUM($EU40:FH40) -> 39721 | ... EQ40: =SUM($AZ40,$BA40:CS40)-SUM($EU40:GN40) -> -744279 | FA40: {=SUMPRODUCT($K40:$AG40,TRANSPOSE(FA$5:FA$27))} -> 6540 | FB40: {=SUMPRODUCT($K40:$AG40,TRANSPOSE(FB$5:FB$27))} -> 25774 | FC40: {=SUMPRODUCT($K40:$AG40,TRANSPOSE(FC$5:FC$27))} -> 32965 | FD40: {=SUMPRODUCT($K40:$AG40,TRANSPOSE(FD$5:FD$27))} -> 28000 | FE40: {=SUMPRODUCT($K40:$AG40,TRANSPOSE(FE$5:FE$27))} -> 28000 | FF40: {=SUMPRODUCT($K40:$AG40,TRANSPOSE(FF$5:FF$27))} -> 28000 | FG40: {=SUMPRODUCT($K40:$AG40,TRANSPOSE(FG$5:FG$27))} -> 28000 | FH40: {=SUMPRODUCT($K40:$AG40,TRANSPOSE(FH$5:FH$27))} -> 28000 | ... GN40: {=SUMPRODUCT($K40:$AG40,TRANSPOSE(GN$5:GN$27))} -> 0 | IV40: =AM40 -> SHIRTECH | IW40: =C40 -> 100A4R7BT150XTV | IX40: =AL40 -> AMERICAN TECHNICAL CERAMICS DIV. OF | IY40: =AP40 -> 0.32 | IZ40: =AQ40 -> USD | JA40: =_xlfn.XLOOKUP(IZ40,IZ$21:IZ$24,JA$21:JA$24,0) -> #NAME? | JB40: =IY40*JA40 -> #NAME? | JC40: =AJ40 -> 500 | JD40: =AJ40 -> 500 | JF40: =MAX(JD40,CEILING(#REF!+JE40,JC40)) -> #REF! | JG40: =JF40*JB40 -> #REF! | JH40: =JF40-#REF! -> #REF! | JI40: =JH40*JB40 -> #REF! | JL40: Ordered | JN40: RNSE | JO40: {=SUMPRODUCT(#REF!,TRANSPOSE(JO$19:JO$22))} -> #REF! | JP40: {=SUMPRODUCT(#REF!,TRANSPOSE(JP$19:JP$22))} -> #REF! | JQ40: {=SUMPRODUCT(#REF!,TRANSPOSE(JQ$19:JQ$22))} -> #REF! | JR40: {=SUMPRODUCT(#REF!,TRANSPOSE(JR$19:JR$22))} -> #REF! | JS40: {=SUMPRODUCT(#REF!,TRANSPOSE(JS$19:JS$22))} -> #REF! | JT40: {=SUMPRODUCT(#REF!,TRANSPOSE(JT$19:JT$22))} -> #REF! | JU40: {=SUMPRODUCT(#REF!,TRANSPOSE(JU$19:JU$22))} -> #REF! | JV40: {=SUMPRODUCT(#REF!,TRANSPOSE(JV$19:JV$22))} -> #REF! | ... KA40: {=SUMPRODUCT(#REF!,TRANSPOSE(KA$19:KA$22))} -> #REF! | KC40: =CEILING(JO40,$JC40) -> #REF! | KD40: =CEILING(SUM($JO40:JP40)-SUM($KC40:KC40),$JC40) -> #REF! | KE40: =CEILING(SUM($JO40:JQ40)-SUM($KC40:KD40),$JC40) -> #REF! | KF40: =CEILING(SUM($JO40:JR40)-SUM($KC40:KE40),$JC40) -> #REF! | KG40: =CEILING(SUM($JO40:JS40)-SUM($KC40:KF40),$JC40) -> #REF! | KH40: =CEILING(SUM($JO40:JT40)-SUM($KC40:KG40),$JC40) -> #REF! | KI40: =CEILING(SUM($JO40:JU40)-SUM($KC40:KH40),$JC40) -> #REF! | KJ40: =CEILING(SUM($JO40:JV40)-SUM($KC40:KI40),$JC40) -> #REF! | KK40: =CEILING(SUM($JO40:JW40)-SUM($KC40:KJ40),$JC40) -> #REF! | ... KM40: =CEILING(SUM($JO40:JY40)-SUM($KC40:KL40),$JC40) -> #REF! | KN40: =JF40-SUM(KC40:KM40) -> #REF! | KO40: =JF40-SUM(KC40:KN40) -> #REF! | KQ40: =KC40*$JB40 -> #REF! | KR40: =KD40*$JB40 -> #REF! | KS40: =KE40*$JB40 -> #REF! | KT40: =KF40*$JB40 -> #REF! | KU40: =KG40*$JB40 -> #REF! | KV40: =KH40*$JB40 -> #REF! | KW40: =KI40*$JB40 -> #REF! | KX40: =KJ40*$JB40 -> #REF! | ... LC40: =KO40*$JB40 -> #REF! | LD40: =SUM(KQ40:LC40) -> #REF! | LE40: 12 | LF40: =KC40 -> #REF! | LG40: =KD40 -> #REF! | LH40: =KE40 -> #REF! | LI40: =KF40 -> #REF! | LJ40: =KG40 -> #REF! | LK40: =KH40 -> #REF! | LL40: =KI40 -> #REF! | LM40: =KJ40 -> #REF! | ... LR40: =KO40 -> #REF! | LT40: =LF40*$JB40 -> #REF! | LU40: =LG40*$JB40 -> #REF! | LV40: =LH40*$JB40 -> #REF! | LW40: =LI40*$JB40 -> #REF! | LX40: =LJ40*$JB40 -> #REF! | LY40: =LK40*$JB40 -> #REF! | LZ40: =LL40*$JB40 -> #REF! | MA40: =LM40*$JB40 -> #REF! | ... MF40: =LR40*$JB40 -> #REF! | MG40: =SUM(LT40:MF40) -> #REF! | MH40: LT01-011 | MI40: P0023 | MJ40: 45526 | MK40: Yes | MM40: Yes | MN40: New price 745k @ $0.61 For 2025 schedule, ELTA to confirm | MO40: USA
A41: 13 | B41: LT01-012 | C41: 1092L481-001 | D41: - | E41: 401548139 | F41: CERAMIC FILTER S BAND | H41: EA | I41: 1 | J41: 4 | K41: 0 | L41: 0 | M41: 0 | N41: 2 | O41: 0 | P41: 0 | Q41: 0 | R41: 0 | S41: 2 | T41: 0 | U41: 0 | V41: 0 | W41: 0 | X41: 0 | Y41: 0 | Z41: 0 | AA41: 0 | AB41: 0 | AC41: 0 | AD41: 0 | AE41: 0 | AF41: 0 | AG41: 0 | AH41: =SUM(K41:AB41) -> 4 | AI41: =SUMPRODUCT(K41:AG41,$K$24:$AG$24) -> 139916 | AJ41: 1 | AL41: SAWNICS/REMTEC | AM41: REMTEC | AP41: 3.85 | AQ41: USD | AR41: ITAY COHEN | AS41: itay@impactel.co.il | AU41: 972-50-339-9574 | AV41: =MI41 -> P0018 | AW41: =JB41 -> #NAME? | AY41: =JF41 -> #REF! | DD41: =SUM($AZ41,$BA41:BF41)-SUM($EU41:FA41) -> -720 | DE41: =SUM($AZ41,$BA41:BG41)-SUM($EU41:FB41) -> -3916 | DF41: =SUM($AZ41,$BA41:BH41)-SUM($EU41:FC41) -> -7916 | DG41: =SUM($AZ41,$BA41:BI41)-SUM($EU41:FD41) -> -11916 | DH41: =SUM($AZ41,$BA41:BJ41)-SUM($EU41:FE41) -> -15916 | DI41: =SUM($AZ41,$BA41:BK41)-SUM($EU41:FF41) -> -19916 | DJ41: =SUM($AZ41,$BA41:BL41)-SUM($EU41:FG41) -> -23916 | DK41: =SUM($AZ41,$BA41:BM41)-SUM($EU41:FH41) -> -27916 | ... EQ41: =SUM($AZ41,$BA41:CS41)-SUM($EU41:GN41) -> -139916 | FA41: {=SUMPRODUCT($K41:$AG41,TRANSPOSE(FA$5:FA$27))} -> 720 | FB41: {=SUMPRODUCT($K41:$AG41,TRANSPOSE(FB$5:FB$27))} -> 3196 | FC41: {=SUMPRODUCT($K41:$AG41,TRANSPOSE(FC$5:FC$27))} -> 4000 | FD41: {=SUMPRODUCT($K41:$AG41,TRANSPOSE(FD$5:FD$27))} -> 4000 | FE41: {=SUMPRODUCT($K41:$AG41,TRANSPOSE(FE$5:FE$27))} -> 4000 | FF41: {=SUMPRODUCT($K41:$AG41,TRANSPOSE(FF$5:FF$27))} -> 4000 | FG41: {=SUMPRODUCT($K41:$AG41,TRANSPOSE(FG$5:FG$27))} -> 4000 | FH41: {=SUMPRODUCT($K41:$AG41,TRANSPOSE(FH$5:FH$27))} -> 4000 | ... GN41: {=SUMPRODUCT($K41:$AG41,TRANSPOSE(GN$5:GN$27))} -> 0 | IV41: =AM41 -> REMTEC | IW41: =C41 -> 1092L481-001 | IX41: REMTEC | IY41: =AP41 -> 3.85 | IZ41: =AQ41 -> USD | JA41: =_xlfn.XLOOKUP(IZ41,IZ$21:IZ$24,JA$21:JA$24,0) -> #NAME? | JB41: =IY41*JA41 -> #NAME? | JC41: =AJ41 -> 1 | JD41: =AJ41 -> 1 | JE41: 50 | JF41: =MAX(JD41,CEILING(#REF!+JE41,JC41)) -> #REF! | JG41: =JF41*JB41 -> #REF! | JH41: =JF41-#REF! -> #REF! | JI41: =JH41*JB41 -> #REF! | JJ41: 45523 | JK41: Sagi | JL41: Ordered | JM41: Y | JN41: RNSE | JO41: {=SUMPRODUCT(#REF!,TRANSPOSE(JO$19:JO$22))} -> #REF! | JP41: {=SUMPRODUCT(#REF!,TRANSPOSE(JP$19:JP$22))} -> #REF! | JQ41: {=SUMPRODUCT(#REF!,TRANSPOSE(JQ$19:JQ$22))} -> #REF! | JR41: {=SUMPRODUCT(#REF!,TRANSPOSE(JR$19:JR$22))} -> #REF! | JS41: {=SUMPRODUCT(#REF!,TRANSPOSE(JS$19:JS$22))} -> #REF! | JT41: {=SUMPRODUCT(#REF!,TRANSPOSE(JT$19:JT$22))} -> #REF! | JU41: {=SUMPRODUCT(#REF!,TRANSPOSE(JU$19:JU$22))} -> #REF! | JV41: {=SUMPRODUCT(#REF!,TRANSPOSE(JV$19:JV$22))} -> #REF! | ... KA41: {=SUMPRODUCT(#REF!,TRANSPOSE(KA$19:KA$22))} -> #REF! | KC41: =CEILING(JO41,$JC41) -> #REF! | KD41: =CEILING(SUM($JO41:JP41)-SUM($KC41:KC41),$JC41) -> #REF! | KE41: =CEILING(SUM($JO41:JQ41)-SUM($KC41:KD41),$JC41) -> #REF! | KF41: =CEILING(SUM($JO41:JR41)-SUM($KC41:KE41),$JC41) -> #REF! | KG41: =CEILING(SUM($JO41:JS41)-SUM($KC41:KF41),$JC41) -> #REF! | KH41: =CEILING(SUM($JO41:JT41)-SUM($KC41:KG41),$JC41) -> #REF! | KI41: =CEILING(SUM($JO41:JU41)-SUM($KC41:KH41),$JC41) -> #REF! | KJ41: =CEILING(SUM($JO41:JV41)-SUM($KC41:KI41),$JC41) -> #REF! | KK41: =CEILING(SUM($JO41:JW41)-SUM($KC41:KJ41),$JC41) -> #REF! | ... KM41: =CEILING(SUM($JO41:JY41)-SUM($KC41:KL41),$JC41) -> #REF! | KN41: =JF41-SUM(KC41:KM41) -> #REF! | KO41: =JF41-SUM(KC41:KN41) -> #REF! | KQ41: =KC41*$JB41 -> #REF! | KR41: =KD41*$JB41 -> #REF! | KS41: =KE41*$JB41 -> #REF! | KT41: =KF41*$JB41 -> #REF! | KU41: =KG41*$JB41 -> #REF! | KV41: =KH41*$JB41 -> #REF! | KW41: =KI41*$JB41 -> #REF! | KX41: =KJ41*$JB41 -> #REF! | ... LC41: =KO41*$JB41 -> #REF! | LD41: =SUM(KQ41:LC41) -> #REF! | LE41: 12 | LF41: =KC41 -> #REF! | LG41: =KD41 -> #REF! | LH41: =KE41 -> #REF! | LI41: =KF41 -> #REF! | LJ41: =KG41 -> #REF! | LK41: =KH41 -> #REF! | LL41: =KI41 -> #REF! | LM41: =KJ41 -> #REF! | ... LR41: =KO41 -> #REF! | LT41: =LF41*$JB41 -> #REF! | LU41: =LG41*$JB41 -> #REF! | LV41: =LH41*$JB41 -> #REF! | LW41: =LI41*$JB41 -> #REF! | LX41: =LJ41*$JB41 -> #REF! | LY41: =LK41*$JB41 -> #REF! | LZ41: =LL41*$JB41 -> #REF! | MA41: =LM41*$JB41 -> #REF! | ... MF41: =LR41*$JB41 -> #REF! | MG41: =SUM(LT41:MF41) -> #REF! | MH41: LT01-012 | MI41: P0018 | MJ41: 45525 | MK41: No | ML41: Yes | MM41: Clarification | MN41: Price clarification | MP41: Yet to order
A42: 14 | B42: LT01-013 | C42: 1093G277-001 | D42: - | E42: 404810931 | F42: EV CAP WITH BRACKET | H42: EA | I42: 1 | J42: 2 | K42: 0 | L42: 0 | M42: 0 | N42: 0 | O42: 0 | P42: 0 | Q42: 0 | R42: 1 | S42: 0 | T42: 0 | U42: 0 | V42: 0 | W42: 0 | X42: 0 | Y42: 0 | Z42: 0 | AA42: 1 | AB42: 0 | AC42: 0 | AD42: 0 | AE42: 0 | AF42: 0 | AG42: 0 | AH42: =SUM(K42:AB42) -> 2 | AI42: =SUMPRODUCT(K42:AG42,$K$24:$AG$24) -> 35811 | AJ42: 1 | AK42: ASSY | AL42: ASSY | AV42: =MI42 -> 0 | AW42: =JB42 -> #NAME? | AY42: =JF42 -> #REF! | DD42: =SUM($AZ42,$BA42:BF42)-SUM($EU42:FA42) -> -280 | DE42: =SUM($AZ42,$BA42:BG42)-SUM($EU42:FB42) -> -1480 | DF42: =SUM($AZ42,$BA42:BH42)-SUM($EU42:FC42) -> -2811 | DG42: =SUM($AZ42,$BA42:BI42)-SUM($EU42:FD42) -> -3811 | DH42: =SUM($AZ42,$BA42:BJ42)-SUM($EU42:FE42) -> -4811 | DI42: =SUM($AZ42,$BA42:BK42)-SUM($EU42:FF42) -> -5811 | DJ42: =SUM($AZ42,$BA42:BL42)-SUM($EU42:FG42) -> -6811 | DK42: =SUM($AZ42,$BA42:BM42)-SUM($EU42:FH42) -> -7811 | ... EQ42: =SUM($AZ42,$BA42:CS42)-SUM($EU42:GN42) -> -35811 | FA42: {=SUMPRODUCT($K42:$AG42,TRANSPOSE(FA$5:FA$27))} -> 280 | FB42: {=SUMPRODUCT($K42:$AG42,TRANSPOSE(FB$5:FB$27))} -> 1200 | FC42: {=SUMPRODUCT($K42:$AG42,TRANSPOSE(FC$5:FC$27))} -> 1331 | FD42: {=SUMPRODUCT($K42:$AG42,TRANSPOSE(FD$5:FD$27))} -> 1000 | FE42: {=SUMPRODUCT($K42:$AG42,TRANSPOSE(FE$5:FE$27))} -> 1000 | FF42: {=SUMPRODUCT($K42:$AG42,TRANSPOSE(FF$5:FF$27))} -> 1000 | FG42: {=SUMPRODUCT($K42:$AG42,TRANSPOSE(FG$5:FG$27))} -> 1000 | FH42: {=SUMPRODUCT($K42:$AG42,TRANSPOSE(FH$5:FH$27))} -> 1000 | ... GN42: {=SUMPRODUCT($K42:$AG42,TRANSPOSE(GN$5:GN$27))} -> 0 | IV42: ASSY | IW42: =C42 -> 1093G277-001 | IX42: =AL42 -> ASSY | IY42: =AP42 -> 0 | IZ42: =AQ42 -> 0 | JA42: =_xlfn.XLOOKUP(IZ42,IZ$21:IZ$24,JA$21:JA$24,0) -> #NAME? | JB42: =IY42*JA42 -> #NAME? | JC42: =AJ42 -> 1 | JD42: =AJ42 -> 1 | JF42: =MAX(JD42,CEILING(#REF!+JE42,JC42)) -> #REF! | JG42: =JF42*JB42 -> #REF! | JH42: =JF42-#REF! -> #REF! | JI42: =JH42*JB42 -> #REF! | JJ42: 45523 | JK42: Sagi | JL42: ASSY | JO42: {=SUMPRODUCT(#REF!,TRANSPOSE(JO$19:JO$22))} -> #REF! | JP42: {=SUMPRODUCT(#REF!,TRANSPOSE(JP$19:JP$22))} -> #REF! | JQ42: {=SUMPRODUCT(#REF!,TRANSPOSE(JQ$19:JQ$22))} -> #REF! | JR42: {=SUMPRODUCT(#REF!,TRANSPOSE(JR$19:JR$22))} -> #REF! | JS42: {=SUMPRODUCT(#REF!,TRANSPOSE(JS$19:JS$22))} -> #REF! | JT42: {=SUMPRODUCT(#REF!,TRANSPOSE(JT$19:JT$22))} -> #REF! | JU42: {=SUMPRODUCT(#REF!,TRANSPOSE(JU$19:JU$22))} -> #REF! | JV42: {=SUMPRODUCT(#REF!,TRANSPOSE(JV$19:JV$22))} -> #REF! | ... KA42: {=SUMPRODUCT(#REF!,TRANSPOSE(KA$19:KA$22))} -> #REF! | KC42: =CEILING(JO42,$JC42) -> #REF! | KD42: =CEILING(SUM($JO42:JP42)-SUM($KC42:KC42),$JC42) -> #REF! | KE42: =CEILING(SUM($JO42:JQ42)-SUM($KC42:KD42),$JC42) -> #REF! | KF42: =CEILING(SUM($JO42:JR42)-SUM($KC42:KE42),$JC42) -> #REF! | KG42: =CEILING(SUM($JO42:JS42)-SUM($KC42:KF42),$JC42) -> #REF! | KH42: =CEILING(SUM($JO42:JT42)-SUM($KC42:KG42),$JC42) -> #REF! | KI42: =CEILING(SUM($JO42:JU42)-SUM($KC42:KH42),$JC42) -> #REF! | KJ42: =CEILING(SUM($JO42:JV42)-SUM($KC42:KI42),$JC42) -> #REF! | KK42: =CEILING(SUM($JO42:JW42)-SUM($KC42:KJ42),$JC42) -> #REF! | ... KM42: =CEILING(SUM($JO42:JY42)-SUM($KC42:KL42),$JC42) -> #REF! | KN42: =JF42-SUM(KC42:KM42) -> #REF! | KO42: =JF42-SUM(KC42:KN42) -> #REF! | KQ42: =KC42*$JB42 -> #REF! | KR42: =KD42*$JB42 -> #REF! | KS42: =KE42*$JB42 -> #REF! | KT42: =KF42*$JB42 -> #REF! | KU42: =KG42*$JB42 -> #REF! | KV42: =KH42*$JB42 -> #REF! | KW42: =KI42*$JB42 -> #REF! | KX42: =KJ42*$JB42 -> #REF! | ... LC42: =KO42*$JB42 -> #REF! | LD42: =SUM(KQ42:LC42) -> #REF! | LR42: =KO42 -> #REF! | LT42: =LF42*$JB42 -> #NAME? | LU42: =LG42*$JB42 -> #NAME? | LV42: =LH42*$JB42 -> #NAME? | LW42: =LI42*$JB42 -> #NAME? | LX42: =LJ42*$JB42 -> #NAME? | LY42: =LK42*$JB42 -> #NAME? | LZ42: =LL42*$JB42 -> #NAME? | MA42: =LM42*$JB42 -> #NAME? | ... MF42: =LR42*$JB42 -> #REF! | MG42: =SUM(LT42:MF42) -> #NAME? | MH42: LT01-013
A43: 15 | B43: LT01-014 | C43: 1093J361-002 | D43: A | E43: 404482032 | F43: SHIM 0.8MM | H43: AR | I43: 2 | J43: A/R | K43: 0 | L43: 0 | M43: 0 | N43: 0.05 | O43: 0 | P43: 0 | Q43: 0 | R43: 0 | S43: 0.05 | T43: 0 | U43: 0 | V43: 0 | W43: 0 | X43: 0 | Y43: 0 | Z43: 0 | AA43: 0 | AB43: 0.05 | AC43: 0 | AD43: 0 | AE43: 0 | AF43: 0 | AG43: 0 | AH43: =SUM(K43:AB43) -> 0.15 | AI43: =SUMPRODUCT(K43:AG43,$K$24:$AG$24) -> 3529.45 | AJ43: 1 | AL43: KIMOGRAF LTD | AM43: CHIMOGRAF | AP43: 9 | AQ43: USD | AR43: Neama boskila | AS43: marketing2@chemograf.com | AU43: 972.50.6705119 | AV43: =MI43 -> P0045 | AW43: =JB43 -> #NAME? | AX43: 9 | AY43: =JF43 -> #REF! | DD43: =SUM($AZ43,$BA43:BF43)-SUM($EU43:FA43) -> -23 | DE43: =SUM($AZ43,$BA43:BG43)-SUM($EU43:FB43) -> -112.9 | DF43: =SUM($AZ43,$BA43:BH43)-SUM($EU43:FC43) -> -229.45 | DG43: =SUM($AZ43,$BA43:BI43)-SUM($EU43:FD43) -> -329.45 | DH43: =SUM($AZ43,$BA43:BJ43)-SUM($EU43:FE43) -> -429.45 | DI43: =SUM($AZ43,$BA43:BK43)-SUM($EU43:FF43) -> -529.45 | DJ43: =SUM($AZ43,$BA43:BL43)-SUM($EU43:FG43) -> -629.45 | DK43: =SUM($AZ43,$BA43:BM43)-SUM($EU43:FH43) -> -729.45 | ... EQ43: =SUM($AZ43,$BA43:CS43)-SUM($EU43:GN43) -> -3529.45 | FA43: {=SUMPRODUCT($K43:$AG43,TRANSPOSE(FA$5:FA$27))} -> 23 | FB43: {=SUMPRODUCT($K43:$AG43,TRANSPOSE(FB$5:FB$27))} -> 89.9 | FC43: {=SUMPRODUCT($K43:$AG43,TRANSPOSE(FC$5:FC$27))} -> 116.55 | FD43: {=SUMPRODUCT($K43:$AG43,TRANSPOSE(FD$5:FD$27))} -> 100 | FE43: {=SUMPRODUCT($K43:$AG43,TRANSPOSE(FE$5:FE$27))} -> 100 | FF43: {=SUMPRODUCT($K43:$AG43,TRANSPOSE(FF$5:FF$27))} -> 100 | FG43: {=SUMPRODUCT($K43:$AG43,TRANSPOSE(FG$5:FG$27))} -> 100 | FH43: {=SUMPRODUCT($K43:$AG43,TRANSPOSE(FH$5:FH$27))} -> 100 | ... GN43: {=SUMPRODUCT($K43:$AG43,TRANSPOSE(GN$5:GN$27))} -> 0 | IV43: CHEMOGRAF | IW43: =C43 -> 1093J361-002 | IX43: =AL43 -> KIMOGRAF LTD | IY43: =AP43 -> 9 | IZ43: =AQ43 -> USD | JA43: =_xlfn.XLOOKUP(IZ43,IZ$21:IZ$24,JA$21:JA$24,0) -> #NAME? | JB43: =IY43*JA43 -> #NAME? | JC43: =AJ43 -> 1 | JD43: =AJ43 -> 1 | JF43: =MAX(JD43,CEILING(#REF!+JE43,JC43)) -> #REF! | JG43: =JF43*JB43 -> #REF! | JH43: =JF43-#REF! -> #REF! | JI43: =JH43*JB43 -> #REF! | JJ43: 45523 | JK43: Sagi | JL43: Consumable-ordered partially | JM43: Y | JN43: RNSE | JO43: {=SUMPRODUCT(#REF!,TRANSPOSE(JO$19:JO$22))} -> #REF! | JP43: {=SUMPRODUCT(#REF!,TRANSPOSE(JP$19:JP$22))} -> #REF! | JQ43: {=SUMPRODUCT(#REF!,TRANSPOSE(JQ$19:JQ$22))} -> #REF! | JR43: {=SUMPRODUCT(#REF!,TRANSPOSE(JR$19:JR$22))} -> #REF! | JS43: {=SUMPRODUCT(#REF!,TRANSPOSE(JS$19:JS$22))} -> #REF! | JT43: {=SUMPRODUCT(#REF!,TRANSPOSE(JT$19:JT$22))} -> #REF! | JU43: {=SUMPRODUCT(#REF!,TRANSPOSE(JU$19:JU$22))} -> #REF! | JV43: {=SUMPRODUCT(#REF!,TRANSPOSE(JV$19:JV$22))} -> #REF! | ... KA43: {=SUMPRODUCT(#REF!,TRANSPOSE(KA$19:KA$22))} -> #REF! | KC43: =CEILING(JO43,$JC43) -> #REF! | KD43: =CEILING(SUM($JO43:JP43)-SUM($KC43:KC43),$JC43) -> #REF! | KE43: =CEILING(SUM($JO43:JQ43)-SUM($KC43:KD43),$JC43) -> #REF! | KF43: =CEILING(SUM($JO43:JR43)-SUM($KC43:KE43),$JC43) -> #REF! | KG43: =CEILING(SUM($JO43:JS43)-SUM($KC43:KF43),$JC43) -> #REF! | KH43: =CEILING(SUM($JO43:JT43)-SUM($KC43:KG43),$JC43) -> #REF! | KI43: =CEILING(SUM($JO43:JU43)-SUM($KC43:KH43),$JC43) -> #REF! | KJ43: =CEILING(SUM($JO43:JV43)-SUM($KC43:KI43),$JC43) -> #REF! | KK43: =CEILING(SUM($JO43:JW43)-SUM($KC43:KJ43),$JC43) -> #REF! | ... KM43: =CEILING(SUM($JO43:JY43)-SUM($KC43:KL43),$JC43) -> #REF! | KN43: =JF43-SUM(KC43:KM43) -> #REF! | KO43: =JF43-SUM(KC43:KN43) -> #REF! | KQ43: =KC43*$JB43 -> #REF! | KR43: =KD43*$JB43 -> #REF! | KS43: =KE43*$JB43 -> #REF! | KT43: =KF43*$JB43 -> #REF! | KU43: =KG43*$JB43 -> #REF! | KV43: =KH43*$JB43 -> #REF! | KW43: =KI43*$JB43 -> #REF! | KX43: =KJ43*$JB43 -> #REF! | ... LC43: =KO43*$JB43 -> #REF! | LD43: =SUM(KQ43:LC43) -> #REF! | LE43: 2 | LF43: =SUM(KC43:KH43) -> #REF! | LL43: =SUM(KI43:KO43) -> #REF! | LT43: =LF43*$JB43 -> #REF! | LU43: =LG43*$JB43 -> #NAME? | LV43: =LH43*$JB43 -> #NAME? | LW43: =LI43*$JB43 -> #NAME? | LX43: =LJ43*$JB43 -> #NAME? | LY43: =LK43*$JB43 -> #NAME? | LZ43: =LL43*$JB43 -> #REF! | MA43: =LM43*$JB43 -> #NAME? | ... MF43: =LR43*$JB43 -> #NAME? | MG43: =SUM(LT43:MF43) -> #REF! | MH43: LT01-014 | MI43: P0045 | MJ43: 45546 | MK43: No | ML43: Yes | MM43: No
A44: 16 | B44: LT01-015 | C44: 1093J364-002 | D44: A | E44: 404482035 | F44: SHIM 1.2MM | H44: AR | I44: 2 | J44: A/R | K44: 0 | L44: 0 | M44: 0 | N44: 0 | O44: 0 | P44: 0 | Q44: 0 | R44: 0 | S44: 0.05 | T44: 0 | U44: 0 | V44: 0 | W44: 0 | X44: 0 | Y44: 0 | Z44: 0 | AA44: 0 | AB44: 0.05 | AC44: 0 | AD44: 0 | AE44: 0 | AF44: 0 | AG44: 0 | AH44: =SUM(K44:AB44) -> 0.1 | AI44: =SUMPRODUCT(K44:AG44,$K$24:$AG$24) -> 1790.55 | AJ44: 1 | AL44: KIMOGRAF LTD | AM44: CHIMOGRAF | AP44: 10 | AQ44: USD | AR44: Neama boskila | AS44: marketing2@chemograf.com | AU44: 972.50.6705119 | AV44: =MI44 -> P0045 | AW44: =JB44 -> #NAME? | AX44: 9 | AY44: =JF44 -> #REF! | DD44: =SUM($AZ44,$BA44:BF44)-SUM($EU44:FA44) -> -14 | DE44: =SUM($AZ44,$BA44:BG44)-SUM($EU44:FB44) -> -74 | DF44: =SUM($AZ44,$BA44:BH44)-SUM($EU44:FC44) -> -140.55 | DG44: =SUM($AZ44,$BA44:BI44)-SUM($EU44:FD44) -> -190.55 | DH44: =SUM($AZ44,$BA44:BJ44)-SUM($EU44:FE44) -> -240.55 | DI44: =SUM($AZ44,$BA44:BK44)-SUM($EU44:FF44) -> -290.55 | DJ44: =SUM($AZ44,$BA44:BL44)-SUM($EU44:FG44) -> -340.55 | DK44: =SUM($AZ44,$BA44:BM44)-SUM($EU44:FH44) -> -390.55 | ... EQ44: =SUM($AZ44,$BA44:CS44)-SUM($EU44:GN44) -> -1790.55 | FA44: {=SUMPRODUCT($K44:$AG44,TRANSPOSE(FA$5:FA$27))} -> 14 | FB44: {=SUMPRODUCT($K44:$AG44,TRANSPOSE(FB$5:FB$27))} -> 60 | FC44: {=SUMPRODUCT($K44:$AG44,TRANSPOSE(FC$5:FC$27))} -> 66.55 | FD44: {=SUMPRODUCT($K44:$AG44,TRANSPOSE(FD$5:FD$27))} -> 50 | FE44: {=SUMPRODUCT($K44:$AG44,TRANSPOSE(FE$5:FE$27))} -> 50 | FF44: {=SUMPRODUCT($K44:$AG44,TRANSPOSE(FF$5:FF$27))} -> 50 | FG44: {=SUMPRODUCT($K44:$AG44,TRANSPOSE(FG$5:FG$27))} -> 50 | FH44: {=SUMPRODUCT($K44:$AG44,TRANSPOSE(FH$5:FH$27))} -> 50 | ... GN44: {=SUMPRODUCT($K44:$AG44,TRANSPOSE(GN$5:GN$27))} -> 0 | IV44: CHEMOGRAF | IW44: =C44 -> 1093J364-002 | IX44: =AL44 -> KIMOGRAF LTD | IY44: =AP44 -> 10 | IZ44: =AQ44 -> USD | JA44: =_xlfn.XLOOKUP(IZ44,IZ$21:IZ$24,JA$21:JA$24,0) -> #NAME? | JB44: =IY44*JA44 -> #NAME? | JC44: =AJ44 -> 1 | JD44: =AJ44 -> 1 | JF44: =MAX(JD44,CEILING(#REF!+JE44,JC44)) -> #REF! | JG44: =JF44*JB44 -> #REF! | JH44: =JF44-#REF! -> #REF! | JI44: =JH44*JB44 -> #REF! | JJ44: 45523 | JK44: Sagi | JL44: Consumable-ordered partially | JM44: Y | JN44: RNSE | JO44: {=SUMPRODUCT(#REF!,TRANSPOSE(JO$19:JO$22))} -> #REF! | JP44: {=SUMPRODUCT(#REF!,TRANSPOSE(JP$19:JP$22))} -> #REF! | JQ44: {=SUMPRODUCT(#REF!,TRANSPOSE(JQ$19:JQ$22))} -> #REF! | JR44: {=SUMPRODUCT(#REF!,TRANSPOSE(JR$19:JR$22))} -> #REF! | JS44: {=SUMPRODUCT(#REF!,TRANSPOSE(JS$19:JS$22))} -> #REF! | JT44: {=SUMPRODUCT(#REF!,TRANSPOSE(JT$19:JT$22))} -> #REF! | JU44: {=SUMPRODUCT(#REF!,TRANSPOSE(JU$19:JU$22))} -> #REF! | JV44: {=SUMPRODUCT(#REF!,TRANSPOSE(JV$19:JV$22))} -> #REF! | ... KA44: {=SUMPRODUCT(#REF!,TRANSPOSE(KA$19:KA$22))} -> #REF! | KC44: =CEILING(JO44,$JC44) -> #REF! | KD44: =CEILING(SUM($JO44:JP44)-SUM($KC44:KC44),$JC44) -> #REF! | KE44: =CEILING(SUM($JO44:JQ44)-SUM($KC44:KD44),$JC44) -> #REF! | KF44: =CEILING(SUM($JO44:JR44)-SUM($KC44:KE44),$JC44) -> #REF! | KG44: =CEILING(SUM($JO44:JS44)-SUM($KC44:KF44),$JC44) -> #REF! | KH44: =CEILING(SUM($JO44:JT44)-SUM($KC44:KG44),$JC44) -> #REF! | KI44: =CEILING(SUM($JO44:JU44)-SUM($KC44:KH44),$JC44) -> #REF! | KJ44: =CEILING(SUM($JO44:JV44)-SUM($KC44:KI44),$JC44) -> #REF! | KK44: =CEILING(SUM($JO44:JW44)-SUM($KC44:KJ44),$JC44) -> #REF! | ... KM44: =CEILING(SUM($JO44:JY44)-SUM($KC44:KL44),$JC44) -> #REF! | KN44: =JF44-SUM(KC44:KM44) -> #REF! | KO44: =JF44-SUM(KC44:KN44) -> #REF! | KQ44: =KC44*$JB44 -> #REF! | KR44: =KD44*$JB44 -> #REF! | KS44: =KE44*$JB44 -> #REF! | KT44: =KF44*$JB44 -> #REF! | KU44: =KG44*$JB44 -> #REF! | KV44: =KH44*$JB44 -> #REF! | KW44: =KI44*$JB44 -> #REF! | KX44: =KJ44*$JB44 -> #REF! | ... LC44: =KO44*$JB44 -> #REF! | LD44: =SUM(KQ44:LC44) -> #REF! | LE44: 1 | LF44: =SUM(KC44:KO44) -> #REF! | LR44: =KO44 -> #REF! | LT44: =LF44*$JB44 -> #REF! | LU44: =LG44*$JB44 -> #NAME? | LV44: =LH44*$JB44 -> #NAME? | LW44: =LI44*$JB44 -> #NAME? | LX44: =LJ44*$JB44 -> #NAME? | LY44: =LK44*$JB44 -> #NAME? | LZ44: =LL44*$JB44 -> #NAME? | MA44: =LM44*$JB44 -> #NAME? | ... MF44: =LR44*$JB44 -> #REF! | MG44: =SUM(LT44:MF44) -> #REF! | MH44: LT01-015 | MI44: P0045 | MJ44: 45546 | MK44: No | ML44: Yes | MM44: No
A45: 17 | B45: LT01-016 | C45: 1093J365-002 | D45: A | E45: 404488392 | F45: SHIM 2.0MM | H45: AR | I45: 2 | J45: A/R | K45: 0 | L45: 0 | M45: 0 | N45: 0 | O45: 0 | P45: 0 | Q45: 0 | R45: 0 | S45: 0.05 | T45: 0 | U45: 0 | V45: 0 | W45: 0 | X45: 0 | Y45: 0 | Z45: 0 | AA45: 0 | AB45: 0.05 | AC45: 0 | AD45: 0 | AE45: 0 | AF45: 0 | AG45: 0 | AH45: =SUM(K45:AB45) -> 0.1 | AI45: =SUMPRODUCT(K45:AG45,$K$24:$AG$24) -> 1790.55 | AJ45: 1 | AL45: KIMOGRAF LTD | AM45: CHIMOGRAF | AP45: 10 | AQ45: USD | AR45: Neama boskila | AS45: marketing2@chemograf.com | AU45: 972.50.6705119 | AV45: =MI45 -> P0045 | AW45: =JB45 -> #NAME? | AX45: 9 | AY45: =JF45 -> #REF! | DD45: =SUM($AZ45,$BA45:BF45)-SUM($EU45:FA45) -> -14 | DE45: =SUM($AZ45,$BA45:BG45)-SUM($EU45:FB45) -> -74 | DF45: =SUM($AZ45,$BA45:BH45)-SUM($EU45:FC45) -> -140.55 | DG45: =SUM($AZ45,$BA45:BI45)-SUM($EU45:FD45) -> -190.55 | DH45: =SUM($AZ45,$BA45:BJ45)-SUM($EU45:FE45) -> -240.55 | DI45: =SUM($AZ45,$BA45:BK45)-SUM($EU45:FF45) -> -290.55 | DJ45: =SUM($AZ45,$BA45:BL45)-SUM($EU45:FG45) -> -340.55 | DK45: =SUM($AZ45,$BA45:BM45)-SUM($EU45:FH45) -> -390.55 | ... EQ45: =SUM($AZ45,$BA45:CS45)-SUM($EU45:GN45) -> -1790.55 | FA45: {=SUMPRODUCT($K45:$AG45,TRANSPOSE(FA$5:FA$27))} -> 14 | FB45: {=SUMPRODUCT($K45:$AG45,TRANSPOSE(FB$5:FB$27))} -> 60 | FC45: {=SUMPRODUCT($K45:$AG45,TRANSPOSE(FC$5:FC$27))} -> 66.55 | FD45: {=SUMPRODUCT($K45:$AG45,TRANSPOSE(FD$5:FD$27))} -> 50 | FE45: {=SUMPRODUCT($K45:$AG45,TRANSPOSE(FE$5:FE$27))} -> 50 | FF45: {=SUMPRODUCT($K45:$AG45,TRANSPOSE(FF$5:FF$27))} -> 50 | FG45: {=SUMPRODUCT($K45:$AG45,TRANSPOSE(FG$5:FG$27))} -> 50 | FH45: {=SUMPRODUCT($K45:$AG45,TRANSPOSE(FH$5:FH$27))} -> 50 | ... GN45: {=SUMPRODUCT($K45:$AG45,TRANSPOSE(GN$5:GN$27))} -> 0 | IV45: CHEMOGRAF | IW45: =C45 -> 1093J365-002 | IX45: =AL45 -> KIMOGRAF LTD | IY45: =AP45 -> 10 | IZ45: =AQ45 -> USD | JA45: =_xlfn.XLOOKUP(IZ45,IZ$21:IZ$24,JA$21:JA$24,0) -> #NAME? | JB45: =IY45*JA45 -> #NAME? | JC45: =AJ45 -> 1 | JD45: =AJ45 -> 1 | JF45: =MAX(JD45,CEILING(#REF!+JE45,JC45)) -> #REF! | JG45: =JF45*JB45 -> #REF! | JH45: =JF45-#REF! -> #REF! | JI45: =JH45*JB45 -> #REF! | JJ45: 45523 | JK45: Sagi | JL45: Consumable-ordered partially | JM45: Y | JN45: RNSE | JO45: {=SUMPRODUCT(#REF!,TRANSPOSE(JO$19:JO$22))} -> #REF! | JP45: {=SUMPRODUCT(#REF!,TRANSPOSE(JP$19:JP$22))} -> #REF! | JQ45: {=SUMPRODUCT(#REF!,TRANSPOSE(JQ$19:JQ$22))} -> #REF! | JR45: {=SUMPRODUCT(#REF!,TRANSPOSE(JR$19:JR$22))} -> #REF! | JS45: {=SUMPRODUCT(#REF!,TRANSPOSE(JS$19:JS$22))} -> #REF! | JT45: {=SUMPRODUCT(#REF!,TRANSPOSE(JT$19:JT$22))} -> #REF! | JU45: {=SUMPRODUCT(#REF!,TRANSPOSE(JU$19:JU$22))} -> #REF! | JV45: {=SUMPRODUCT(#REF!,TRANSPOSE(JV$19:JV$22))} -> #REF! | ... KA45: {=SUMPRODUCT(#REF!,TRANSPOSE(KA$19:KA$22))} -> #REF! | KC45: =CEILING(JO45,$JC45) -> #REF! | KD45: =CEILING(SUM($JO45:JP45)-SUM($KC45:KC45),$JC45) -> #REF! | KE45: =CEILING(SUM($JO45:JQ45)-SUM($KC45:KD45),$JC45) -> #REF! | KF45: =CEILING(SUM($JO45:JR45)-SUM($KC45:KE45),$JC45) -> #REF! | KG45: =CEILING(SUM($JO45:JS45)-SUM($KC45:KF45),$JC45) -> #REF! | KH45: =CEILING(SUM($JO45:JT45)-SUM($KC45:KG45),$JC45) -> #REF! | KI45: =CEILING(SUM($JO45:JU45)-SUM($KC45:KH45),$JC45) -> #REF! | KJ45: =CEILING(SUM($JO45:JV45)-SUM($KC45:KI45),$JC45) -> #REF! | KK45: =CEILING(SUM($JO45:JW45)-SUM($KC45:KJ45),$JC45) -> #REF! | ... KM45: =CEILING(SUM($JO45:JY45)-SUM($KC45:KL45),$JC45) -> #REF! | KN45: =JF45-SUM(KC45:KM45) -> #REF! | KO45: =JF45-SUM(KC45:KN45) -> #REF! | KQ45: =KC45*$JB45 -> #REF! | KR45: =KD45*$JB45 -> #REF! | KS45: =KE45*$JB45 -> #REF! | KT45: =KF45*$JB45 -> #REF! | KU45: =KG45*$JB45 -> #REF! | KV45: =KH45*$JB45 -> #REF! | KW45: =KI45*$JB45 -> #REF! | KX45: =KJ45*$JB45 -> #REF! | ... LC45: =KO45*$JB45 -> #REF! | LD45: =SUM(KQ45:LC45) -> #REF! | LE45: 1 | LF45: =SUM(KC45:KO45) -> #REF! | LR45: =KO45 -> #REF! | LT45: =LF45*$JB45 -> #REF! | LU45: =LG45*$JB45 -> #NAME? | LV45: =LH45*$JB45 -> #NAME? | LW45: =LI45*$JB45 -> #NAME? | LX45: =LJ45*$JB45 -> #NAME? | LY45: =LK45*$JB45 -> #NAME? | LZ45: =LL45*$JB45 -> #NAME? | MA45: =LM45*$JB45 -> #NAME? | ... MF45: =LR45*$JB45 -> #REF! | MG45: =SUM(LT45:MF45) -> #REF! | MH45: LT01-016 | MI45: P0045 | MJ45: 45546 | MK45: No | ML45: Yes | MM45: No
A46: 20 | B46: LT01-275 | C46: 1093L791-001 | D46: A | E46: 401321735 | F46: CERAMIC FILTER | H46: EA | I46: 1 | J46: 2 | K46: 0 | L46: 0 | M46: 0 | N46: 0 | O46: 0 | P46: 0 | Q46: 0 | R46: 0 | S46: 0 | T46: 0 | U46: 0 | V46: 0 | W46: 0 | X46: 0 | Y46: 0 | Z46: 0 | AA46: 0 | AB46: 2 | AC46: 0 | AD46: 0 | AE46: 0 | AF46: 0 | AG46: 0 | AH46: =SUM(K46:AB46) -> 2 | AI46: =SUMPRODUCT(K46:AG46,$K$24:$AG$24) -> 1262 | AJ46: 1 | AL46: SAWNICS/REMTEC | AM46: REMTEC | AP46: 4.58 | AQ46: USD | AR46: ITAY COHEN | AS46: itay@impactel.co.il | AU46: 972-50-339-9574 | AV46: =MI46 -> P0018 | AW46: =JB46 -> #NAME? | AY46: =JF46 -> #REF! | DD46: =SUM($AZ46,$BA46:BF46)-SUM($EU46:FA46) -> -200 | DE46: =SUM($AZ46,$BA46:BG46)-SUM($EU46:FB46) -> -600 | DF46: =SUM($AZ46,$BA46:BH46)-SUM($EU46:FC46) -> -1262 | DG46: =SUM($AZ46,$BA46:BI46)-SUM($EU46:FD46) -> -1262 | DH46: =SUM($AZ46,$BA46:BJ46)-SUM($EU46:FE46) -> -1262 | DI46: =SUM($AZ46,$BA46:BK46)-SUM($EU46:FF46) -> -1262 | DJ46: =SUM($AZ46,$BA46:BL46)-SUM($EU46:FG46) -> -1262 | DK46: =SUM($AZ46,$BA46:BM46)-SUM($EU46:FH46) -> -1262 | ... EQ46: =SUM($AZ46,$BA46:CS46)-SUM($EU46:GN46) -> -1262 | FA46: {=SUMPRODUCT($K46:$AG46,TRANSPOSE(FA$5:FA$27))} -> 200 | FB46: {=SUMPRODUCT($K46:$AG46,TRANSPOSE(FB$5:FB$27))} -> 400 | FC46: {=SUMPRODUCT($K46:$AG46,TRANSPOSE(FC$5:FC$27))} -> 662 | FD46: {=SUMPRODUCT($K46:$AG46,TRANSPOSE(FD$5:FD$27))} -> 0 | FE46: {=SUMPRODUCT($K46:$AG46,TRANSPOSE(FE$5:FE$27))} -> 0 | FF46: {=SUMPRODUCT($K46:$AG46,TRANSPOSE(FF$5:FF$27))} -> 0 | FG46: {=SUMPRODUCT($K46:$AG46,TRANSPOSE(FG$5:FG$27))} -> 0 | FH46: {=SUMPRODUCT($K46:$AG46,TRANSPOSE(FH$5:FH$27))} -> 0 | ... GN46: {=SUMPRODUCT($K46:$AG46,TRANSPOSE(GN$5:GN$27))} -> 0 | IV46: =AM46 -> REMTEC | IW46: =C46 -> 1093L791-001 | IX46: REMTEC | IY46: =AP46 -> 4.58 | IZ46: =AQ46 -> USD | JA46: =_xlfn.XLOOKUP(IZ46,IZ$21:IZ$24,JA$21:JA$24,0) -> #NAME? | JB46: =IY46*JA46 -> #NAME? | JC46: =AJ46 -> 1 | JD46: =AJ46 -> 1 | JE46: 10 | JF46: =MAX(JD46,CEILING(#REF!+JE46,JC46)) -> #REF! | JG46: =JF46*JB46 -> #REF! | JH46: =JF46-#REF! -> #REF! | JI46: =JH46*JB46 -> #REF! | JJ46: 45523 | JK46: Sagi | JL46: Ordered | JM46: Y | JN46: RNSE | JO46: {=SUMPRODUCT(#REF!,TRANSPOSE(JO$19:JO$22))} -> #REF! | JP46: {=SUMPRODUCT(#REF!,TRANSPOSE(JP$19:JP$22))} -> #REF! | JQ46: {=SUMPRODUCT(#REF!,TRANSPOSE(JQ$19:JQ$22))} -> #REF! | JR46: {=SUMPRODUCT(#REF!,TRANSPOSE(JR$19:JR$22))} -> #REF! | JS46: {=SUMPRODUCT(#REF!,TRANSPOSE(JS$19:JS$22))} -> #REF! | JT46: {=SUMPRODUCT(#REF!,TRANSPOSE(JT$19:JT$22))} -> #REF! | JU46: {=SUMPRODUCT(#REF!,TRANSPOSE(JU$19:JU$22))} -> #REF! | JV46: {=SUMPRODUCT(#REF!,TRANSPOSE(JV$19:JV$22))} -> #REF! | ... KA46: {=SUMPRODUCT(#REF!,TRANSPOSE(KA$19:KA$22))} -> #REF! | KC46: =CEILING(JO46,$JC46) -> #REF! | KD46: =CEILING(SUM($JO46:JP46)-SUM($KC46:KC46),$JC46) -> #REF! | KE46: =CEILING(SUM($JO46:JQ46)-SUM($KC46:KD46),$JC46) -> #REF! | KF46: =CEILING(SUM($JO46:JR46)-SUM($KC46:KE46),$JC46) -> #REF! | KG46: =CEILING(SUM($JO46:JS46)-SUM($KC46:KF46),$JC46) -> #REF! | KH46: =CEILING(SUM($JO46:JT46)-SUM($KC46:KG46),$JC46) -> #REF! | KI46: =CEILING(SUM($JO46:JU46)-SUM($KC46:KH46),$JC46) -> #REF! | KJ46: =CEILING(SUM($JO46:JV46)-SUM($KC46:KI46),$JC46) -> #REF! | KK46: =CEILING(SUM($JO46:JW46)-SUM($KC46:KJ46),$JC46) -> #REF! | ... KM46: =CEILING(SUM($JO46:JY46)-SUM($KC46:KL46),$JC46) -> #REF! | KN46: =JF46-SUM(KC46:KM46) -> #REF! | KO46: =JF46-SUM(KC46:KN46) -> #REF! | KQ46: =KC46*$JB46 -> #REF! | KR46: =KD46*$JB46 -> #REF! | KS46: =KE46*$JB46 -> #REF! | KT46: =KF46*$JB46 -> #REF! | KU46: =KG46*$JB46 -> #REF! | KV46: =KH46*$JB46 -> #REF! | KW46: =KI46*$JB46 -> #REF! | KX46: =KJ46*$JB46 -> #REF! | ... LC46: =KO46*$JB46 -> #REF! | LD46: =SUM(KQ46:LC46) -> #REF! | LE46: 1 | LF46: =SUM(KC46:KO46) -> #REF! | LR46: =KO46 -> #REF! | LT46: =LF46*$JB46 -> #REF! | LU46: =LG46*$JB46 -> #NAME? | LV46: =LH46*$JB46 -> #NAME? | LW46: =LI46*$JB46 -> #NAME? | LX46: =LJ46*$JB46 -> #NAME? | LY46: =LK46*$JB46 -> #NAME? | LZ46: =LL46*$JB46 -> #NAME? | MA46: =LM46*$JB46 -> #NAME? | ... MF46: =LR46*$JB46 -> #REF! | MG46: =SUM(LT46:MF46) -> #REF! | MH46: LT01-275 | MI46: P0018 | MJ46: 45525 | MK46: No | ML46: Yes | MM46: Clarification | MN46: Approved to place PO 10/29/2024
A47: 21 | B47: LT01-017 | C47: 1093N721-001 | D47: - | E47: 417083200 | F47: COVER | H47: EA | I47: 1 | J47: 2 | K47: 0 | L47: 1 | M47: 0 | N47: 0 | O47: 0 | P47: 0 | Q47: 1 | R47: 0 | S47: 0 | T47: 0 | U47: 0 | V47: 0 | W47: 0 | X47: 0 | Y47: 0 | Z47: 0 | AA47: 0 | AB47: 0 | AC47: 0 | AD47: 0 | AE47: 0 | AF47: 0 | AG47: 0 | AH47: =SUM(K47:AB47) -> 2 | AI47: =SUMPRODUCT(K47:AG47,$K$24:$AG$24) -> 69958 | AJ47: 1 | AL47: WAVE MECHANICS | AM47: WAVE | AP47: 37 | AQ47: USD | AR47: Sujith John | AS47: sujith.ninan@wm.kahm.co | AU47: 91.973119 | AV47: =MI47 -> P0013 | AW47: =JB47 -> #NAME? | AY47: =JF47 -> #REF! | BG47: 6000 | BJ47: 6000 | BM47: 6000 | BO47: 6000 | BQ47: 6000 | BT47: 6000 | BW47: 6000 | BZ47: 6000 | CC47: 6000 | CF47: 6000 | CI47: 6000 | CL47: 3986 | DD47: =SUM($AZ47,$BA47:BF47)-SUM($EU47:FA47) -> -360 | DE47: =SUM($AZ47,$BA47:BG47)-SUM($EU47:FB47) -> 4042 | DF47: =SUM($AZ47,$BA47:BH47)-SUM($EU47:FC47) -> 2042 | DG47: =SUM($AZ47,$BA47:BI47)-SUM($EU47:FD47) -> 42 | DH47: =SUM($AZ47,$BA47:BJ47)-SUM($EU47:FE47) -> 4042 | DI47: =SUM($AZ47,$BA47:BK47)-SUM($EU47:FF47) -> 2042 | DJ47: =SUM($AZ47,$BA47:BL47)-SUM($EU47:FG47) -> 42 | DK47: =SUM($AZ47,$BA47:BM47)-SUM($EU47:FH47) -> 4042 | ... EQ47: =SUM($AZ47,$BA47:CS47)-SUM($EU47:GN47) -> 28 | FA47: {=SUMPRODUCT($K47:$AG47,TRANSPOSE(FA$5:FA$27))} -> 360 | FB47: {=SUMPRODUCT($K47:$AG47,TRANSPOSE(FB$5:FB$27))} -> 1598 | FC47: {=SUMPRODUCT($K47:$AG47,TRANSPOSE(FC$5:FC$27))} -> 2000 | FD47: {=SUMPRODUCT($K47:$AG47,TRANSPOSE(FD$5:FD$27))} -> 2000 | FE47: {=SUMPRODUCT($K47:$AG47,TRANSPOSE(FE$5:FE$27))} -> 2000 | FF47: {=SUMPRODUCT($K47:$AG47,TRANSPOSE(FF$5:FF$27))} -> 2000 | FG47: {=SUMPRODUCT($K47:$AG47,TRANSPOSE(FG$5:FG$27))} -> 2000 | FH47: {=SUMPRODUCT($K47:$AG47,TRANSPOSE(FH$5:FH$27))} -> 2000 | ... GN47: {=SUMPRODUCT($K47:$AG47,TRANSPOSE(GN$5:GN$27))} -> 0 | IV47: =AM47 -> WAVE | IW47: =C47 -> 1093N721-001 | IX47: =AL47 -> WAVE MECHANICS | IY47: =AP47 -> 37 | IZ47: =AQ47 -> USD | JA47: =_xlfn.XLOOKUP(IZ47,IZ$21:IZ$24,JA$21:JA$24,0) -> #NAME? | JB47: =IY47*JA47 -> #NAME? | JC47: =AJ47 -> 1 | JD47: =AJ47 -> 1 | JF47: =MAX(JD47,CEILING(#REF!+JE47,JC47)) -> #REF! | JG47: =JF47*JB47 -> #REF! | JH47: =JF47-#REF! -> #REF! | JI47: =JH47*JB47 -> #REF! | JJ47: 45523 | JK47: Sagi | JL47: Ordered | JM47: Y | JN47: RNSE | JO47: {=SUMPRODUCT(#REF!,TRANSPOSE(JO$19:JO$22))} -> #REF! | JP47: {=SUMPRODUCT(#REF!,TRANSPOSE(JP$19:JP$22))} -> #REF! | JQ47: {=SUMPRODUCT(#REF!,TRANSPOSE(JQ$19:JQ$22))} -> #REF! | JR47: {=SUMPRODUCT(#REF!,TRANSPOSE(JR$19:JR$22))} -> #REF! | JS47: {=SUMPRODUCT(#REF!,TRANSPOSE(JS$19:JS$22))} -> #REF! | JT47: {=SUMPRODUCT(#REF!,TRANSPOSE(JT$19:JT$22))} -> #REF! | JU47: {=SUMPRODUCT(#REF!,TRANSPOSE(JU$19:JU$22))} -> #REF! | JV47: {=SUMPRODUCT(#REF!,TRANSPOSE(JV$19:JV$22))} -> #REF! | ... KA47: {=SUMPRODUCT(#REF!,TRANSPOSE(KA$19:KA$22))} -> #REF! | KC47: =CEILING(JO47,$JC47) -> #REF! | KD47: =CEILING(SUM($JO47:JP47)-SUM($KC47:KC47),$JC47) -> #REF! | KE47: =CEILING(SUM($JO47:JQ47)-SUM($KC47:KD47),$JC47) -> #REF! | KF47: =CEILING(SUM($JO47:JR47)-SUM($KC47:KE47),$JC47) -> #REF! | KG47: =CEILING(SUM($JO47:JS47)-SUM($KC47:KF47),$JC47) -> #REF! | KH47: =CEILING(SUM($JO47:JT47)-SUM($KC47:KG47),$JC47) -> #REF! | KI47: =CEILING(SUM($JO47:JU47)-SUM($KC47:KH47),$JC47) -> #REF! | KJ47: =CEILING(SUM($JO47:JV47)-SUM($KC47:KI47),$JC47) -> #REF! | KK47: =CEILING(SUM($JO47:JW47)-SUM($KC47:KJ47),$JC47) -> #REF! | ... KM47: =CEILING(SUM($JO47:JY47)-SUM($KC47:KL47),$JC47) -> #REF! | KN47: =JF47-SUM(KC47:KM47) -> #REF! | KO47: =JF47-SUM(KC47:KN47) -> #REF! | KQ47: =KC47*$JB47 -> #REF! | KR47: =KD47*$JB47 -> #REF! | KS47: =KE47*$JB47 -> #REF! | KT47: =KF47*$JB47 -> #REF! | KU47: =KG47*$JB47 -> #REF! | KV47: =KH47*$JB47 -> #REF! | KW47: =KI47*$JB47 -> #REF! | KX47: =KJ47*$JB47 -> #REF! | ... LC47: =KO47*$JB47 -> #REF! | LD47: =SUM(KQ47:LC47) -> #REF! | LE47: 12 | LF47: =KC47 -> #REF! | LG47: =KD47 -> #REF! | LH47: =KE47 -> #REF! | LI47: =KF47 -> #REF! | LJ47: =KG47 -> #REF! | LK47: =KH47 -> #REF! | LL47: =KI47 -> #REF! | LM47: =KJ47 -> #REF! | ... LR47: =KO47 -> #REF! | LT47: =LF47*$JB47 -> #REF! | LU47: =LG47*$JB47 -> #REF! | LV47: =LH47*$JB47 -> #REF! | LW47: =LI47*$JB47 -> #REF! | LX47: =LJ47*$JB47 -> #REF! | LY47: =LK47*$JB47 -> #REF! | LZ47: =LL47*$JB47 -> #REF! | MA47: =LM47*$JB47 -> #REF! | ... MF47: =LR47*$JB47 -> #REF! | MG47: =SUM(LT47:MF47) -> #REF! | MH47: LT01-017 | MI47: P0013 | MJ47: 45525 | MK47: Yes | MM47: Yes
A48: 22 | B48: LT01-018 | C48: 1093N746-001 | D48: -2 | E48: 415645120 | F48: INSIDE COVER ASSY | H48: EA | I48: 1 | J48: 2 | K48: 0 | L48: 0 | M48: 0 | N48: 0 | O48: 0 | P48: 0 | Q48: 1 | R48: 0 | S48: 0 | T48: 0 | U48: 0 | V48: 0 | W48: 0 | X48: 0 | Y48: 0 | Z48: 1 | AA48: 0 | AB48: 0 | AC48: 0 | AD48: 0 | AE48: 0 | AF48: 0 | AG48: 0 | AH48: =SUM(K48:AB48) -> 2 | AI48: =SUMPRODUCT(K48:AG48,$K$24:$AG$24) -> 35811 | AJ48: 1 | AK48: ASSY | AL48: ASSY | AV48: =MI48 -> 0 | AW48: =JB48 -> #NAME? | AY48: =JF48 -> #REF! | DD48: =SUM($AZ48,$BA48:BF48)-SUM($EU48:FA48) -> -280 | DE48: =SUM($AZ48,$BA48:BG48)-SUM($EU48:FB48) -> -1480 | DF48: =SUM($AZ48,$BA48:BH48)-SUM($EU48:FC48) -> -2811 | DG48: =SUM($AZ48,$BA48:BI48)-SUM($EU48:FD48) -> -3811 | DH48: =SUM($AZ48,$BA48:BJ48)-SUM($EU48:FE48) -> -4811 | DI48: =SUM($AZ48,$BA48:BK48)-SUM($EU48:FF48) -> -5811 | DJ48: =SUM($AZ48,$BA48:BL48)-SUM($EU48:FG48) -> -6811 | DK48: =SUM($AZ48,$BA48:BM48)-SUM($EU48:FH48) -> -7811 | ... EQ48: =SUM($AZ48,$BA48:CS48)-SUM($EU48:GN48) -> -35811 | FA48: {=SUMPRODUCT($K48:$AG48,TRANSPOSE(FA$5:FA$27))} -> 280 | FB48: {=SUMPRODUCT($K48:$AG48,TRANSPOSE(FB$5:FB$27))} -> 1200 | FC48: {=SUMPRODUCT($K48:$AG48,TRANSPOSE(FC$5:FC$27))} -> 1331 | FD48: {=SUMPRODUCT($K48:$AG48,TRANSPOSE(FD$5:FD$27))} -> 1000 | FE48: {=SUMPRODUCT($K48:$AG48,TRANSPOSE(FE$5:FE$27))} -> 1000 | FF48: {=SUMPRODUCT($K48:$AG48,TRANSPOSE(FF$5:FF$27))} -> 1000 | FG48: {=SUMPRODUCT($K48:$AG48,TRANSPOSE(FG$5:FG$27))} -> 1000 | FH48: {=SUMPRODUCT($K48:$AG48,TRANSPOSE(FH$5:FH$27))} -> 1000 | ... GN48: {=SUMPRODUCT($K48:$AG48,TRANSPOSE(GN$5:GN$27))} -> 0 | IV48: ASSY | IW48: =C48 -> 1093N746-001 | IX48: =AL48 -> ASSY | IY48: =AP48 -> 0 | IZ48: =AQ48 -> 0 | JA48: =_xlfn.XLOOKUP(IZ48,IZ$21:IZ$24,JA$21:JA$24,0) -> #NAME? | JB48: =IY48*JA48 -> #NAME? | JC48: =AJ48 -> 1 | JD48: =AJ48 -> 1 | JF48: =MAX(JD48,CEILING(#REF!+JE48,JC48)) -> #REF! | JG48: =JF48*JB48 -> #REF! | JH48: =JF48-#REF! -> #REF! | JI48: =JH48*JB48 -> #REF! | JJ48: 45523 | JK48: Sagi | JL48: ASSY | JO48: {=SUMPRODUCT(#REF!,TRANSPOSE(JO$19:JO$22))} -> #REF! | JP48: {=SUMPRODUCT(#REF!,TRANSPOSE(JP$19:JP$22))} -> #REF! | JQ48: {=SUMPRODUCT(#REF!,TRANSPOSE(JQ$19:JQ$22))} -> #REF! | JR48: {=SUMPRODUCT(#REF!,TRANSPOSE(JR$19:JR$22))} -> #REF! | JS48: {=SUMPRODUCT(#REF!,TRANSPOSE(JS$19:JS$22))} -> #REF! | JT48: {=SUMPRODUCT(#REF!,TRANSPOSE(JT$19:JT$22))} -> #REF! | JU48: {=SUMPRODUCT(#REF!,TRANSPOSE(JU$19:JU$22))} -> #REF! | JV48: {=SUMPRODUCT(#REF!,TRANSPOSE(JV$19:JV$22))} -> #REF! | ... KA48: {=SUMPRODUCT(#REF!,TRANSPOSE(KA$19:KA$22))} -> #REF! | KC48: =CEILING(JO48,$JC48) -> #REF! | KD48: =CEILING(SUM($JO48:JP48)-SUM($KC48:KC48),$JC48) -> #REF! | KE48: =CEILING(SUM($JO48:JQ48)-SUM($KC48:KD48),$JC48) -> #REF! | KF48: =CEILING(SUM($JO48:JR48)-SUM($KC48:KE48),$JC48) -> #REF! | KG48: =CEILING(SUM($JO48:JS48)-SUM($KC48:KF48),$JC48) -> #REF! | KH48: =CEILING(SUM($JO48:JT48)-SUM($KC48:KG48),$JC48) -> #REF! | KI48: =CEILING(SUM($JO48:JU48)-SUM($KC48:KH48),$JC48) -> #REF! | KJ48: =CEILING(SUM($JO48:JV48)-SUM($KC48:KI48),$JC48) -> #REF! | KK48: =CEILING(SUM($JO48:JW48)-SUM($KC48:KJ48),$JC48) -> #REF! | ... KM48: =CEILING(SUM($JO48:JY48)-SUM($KC48:KL48),$JC48) -> #REF! | KN48: =JF48-SUM(KC48:KM48) -> #REF! | KO48: =JF48-SUM(KC48:KN48) -> #REF! | KQ48: =KC48*$JB48 -> #REF! | KR48: =KD48*$JB48 -> #REF! | KS48: =KE48*$JB48 -> #REF! | KT48: =KF48*$JB48 -> #REF! | KU48: =KG48*$JB48 -> #REF! | KV48: =KH48*$JB48 -> #REF! | KW48: =KI48*$JB48 -> #REF! | KX48: =KJ48*$JB48 -> #REF! | ... LC48: =KO48*$JB48 -> #REF! | LD48: =SUM(KQ48:LC48) -> #REF! | LR48: =KO48 -> #REF! | LT48: =LF48*$JB48 -> #NAME? | LU48: =LG48*$JB48 -> #NAME? | LV48: =LH48*$JB48 -> #NAME? | LW48: =LI48*$JB48 -> #NAME? | LX48: =LJ48*$JB48 -> #NAME? | LY48: =LK48*$JB48 -> #NAME? | LZ48: =LL48*$JB48 -> #NAME? | MA48: =LM48*$JB48 -> #NAME? | ... MF48: =LR48*$JB48 -> #REF! | MG48: =SUM(LT48:MF48) -> #NAME? | MH48: LT01-018
A49: 23 | B49: LT01-019 | C49: 1093V980-001 | D49: - | E49: 408602561 | F49: F/A 60W FET | H49: EA | I49: 1 | J49: 4 | K49: 0 | L49: 0 | M49: 0 | N49: 0 | O49: 0 | P49: 0 | Q49: 0 | R49: 0 | S49: 2 | T49: 0 | U49: 0 | V49: 0 | W49: 0 | X49: 0 | Y49: 0 | Z49: 0 | AA49: 0 | AB49: 2 | AC49: 0 | AD49: 0 | AE49: 0 | AF49: 0 | AG49: 0 | AH49: =SUM(K49:AB49) -> 4 | AI49: =SUMPRODUCT(K49:AG49,$K$24:$AG$24) -> 71622 | AJ49: 1 | AL49: TBD | AM49: TBD | AV49: =MI49 -> 0 | AW49: =JB49 -> #NAME? | AY49: =JF49 -> #REF! | DD49: =SUM($AZ49,$BA49:BF49)-SUM($EU49:FA49) -> -560 | DE49: =SUM($AZ49,$BA49:BG49)-SUM($EU49:FB49) -> -2960 | DF49: =SUM($AZ49,$BA49:BH49)-SUM($EU49:FC49) -> -5622 | DG49: =SUM($AZ49,$BA49:BI49)-SUM($EU49:FD49) -> -7622 | DH49: =SUM($AZ49,$BA49:BJ49)-SUM($EU49:FE49) -> -9622 | DI49: =SUM($AZ49,$BA49:BK49)-SUM($EU49:FF49) -> -11622 | DJ49: =SUM($AZ49,$BA49:BL49)-SUM($EU49:FG49) -> -13622 | DK49: =SUM($AZ49,$BA49:BM49)-SUM($EU49:FH49) -> -15622 | ... EQ49: =SUM($AZ49,$BA49:CS49)-SUM($EU49:GN49) -> -71622 | FA49: {=SUMPRODUCT($K49:$AG49,TRANSPOSE(FA$5:FA$27))} -> 560 | FB49: {=SUMPRODUCT($K49:$AG49,TRANSPOSE(FB$5:FB$27))} -> 2400 | FC49: {=SUMPRODUCT($K49:$AG49,TRANSPOSE(FC$5:FC$27))} -> 2662 | FD49: {=SUMPRODUCT($K49:$AG49,TRANSPOSE(FD$5:FD$27))} -> 2000 | FE49: {=SUMPRODUCT($K49:$AG49,TRANSPOSE(FE$5:FE$27))} -> 2000 | FF49: {=SUMPRODUCT($K49:$AG49,TRANSPOSE(FF$5:FF$27))} -> 2000 | FG49: {=SUMPRODUCT($K49:$AG49,TRANSPOSE(FG$5:FG$27))} -> 2000 | FH49: {=SUMPRODUCT($K49:$AG49,TRANSPOSE(FH$5:FH$27))} -> 2000 | ... GN49: {=SUMPRODUCT($K49:$AG49,TRANSPOSE(GN$5:GN$27))} -> 0 | IV49: TBD | IW49: =C49 -> 1093V980-001 | IX49: =AL49 -> TBD | IY49: =AP49 -> 0 | IZ49: =AQ49 -> 0 | JA49: =_xlfn.XLOOKUP(IZ49,IZ$21:IZ$24,JA$21:JA$24,0) -> #NAME? | JB49: =IY49*JA49 -> #NAME? | JC49: =AJ49 -> 1 | JD49: =AJ49 -> 1 | JF49: =MAX(JD49,CEILING(#REF!+JE49,JC49)) -> #REF! | JG49: =JF49*JB49 -> #REF! | JH49: =JF49-#REF! -> #REF! | JI49: =JH49*JB49 -> #REF! | JL49: TBD | JO49: {=SUMPRODUCT(#REF!,TRANSPOSE(JO$19:JO$22))} -> #REF! | JP49: {=SUMPRODUCT(#REF!,TRANSPOSE(JP$19:JP$22))} -> #REF! | JQ49: {=SUMPRODUCT(#REF!,TRANSPOSE(JQ$19:JQ$22))} -> #REF! | JR49: {=SUMPRODUCT(#REF!,TRANSPOSE(JR$19:JR$22))} -> #REF! | JS49: {=SUMPRODUCT(#REF!,TRANSPOSE(JS$19:JS$22))} -> #REF! | JT49: {=SUMPRODUCT(#REF!,TRANSPOSE(JT$19:JT$22))} -> #REF! | JU49: {=SUMPRODUCT(#REF!,TRANSPOSE(JU$19:JU$22))} -> #REF! | JV49: {=SUMPRODUCT(#REF!,TRANSPOSE(JV$19:JV$22))} -> #REF! | ... KA49: {=SUMPRODUCT(#REF!,TRANSPOSE(KA$19:KA$22))} -> #REF! | KC49: =CEILING(JO49,$JC49) -> #REF! | KD49: =CEILING(SUM($JO49:JP49)-SUM($KC49:KC49),$JC49) -> #REF! | KE49: =CEILING(SUM($JO49:JQ49)-SUM($KC49:KD49),$JC49) -> #REF! | KF49: =CEILING(SUM($JO49:JR49)-SUM($KC49:KE49),$JC49) -> #REF! | KG49: =CEILING(SUM($JO49:JS49)-SUM($KC49:KF49),$JC49) -> #REF! | KH49: =CEILING(SUM($JO49:JT49)-SUM($KC49:KG49),$JC49) -> #REF! | KI49: =CEILING(SUM($JO49:JU49)-SUM($KC49:KH49),$JC49) -> #REF! | KJ49: =CEILING(SUM($JO49:JV49)-SUM($KC49:KI49),$JC49) -> #REF! | KK49: =CEILING(SUM($JO49:JW49)-SUM($KC49:KJ49),$JC49) -> #REF! | ... KM49: =CEILING(SUM($JO49:JY49)-SUM($KC49:KL49),$JC49) -> #REF! | KN49: =JF49-SUM(KC49:KM49) -> #REF! | KO49: =JF49-SUM(KC49:KN49) -> #REF! | KQ49: =KC49*$JB49 -> #REF! | KR49: =KD49*$JB49 -> #REF! | KS49: =KE49*$JB49 -> #REF! | KT49: =KF49*$JB49 -> #REF! | KU49: =KG49*$JB49 -> #REF! | KV49: =KH49*$JB49 -> #REF! | KW49: =KI49*$JB49 -> #REF! | KX49: =KJ49*$JB49 -> #REF! | ... LC49: =KO49*$JB49 -> #REF! | LD49: =SUM(KQ49:LC49) -> #REF! | LR49: =KO49 -> #REF! | LT49: =LF49*$JB49 -> #NAME? | LU49: =LG49*$JB49 -> #NAME? | LV49: =LH49*$JB49 -> #NAME? | LW49: =LI49*$JB49 -> #NAME? | LX49: =LJ49*$JB49 -> #NAME? | LY49: =LK49*$JB49 -> #NAME? | LZ49: =LL49*$JB49 -> #NAME? | MA49: =LM49*$JB49 -> #NAME? | ... MF49: =LR49*$JB49 -> #REF! | MG49: =SUM(LT49:MF49) -> #NAME? | MH49: LT01-019 | MM49: TBD
A50: 26 | B50: LT01-020 | C50: 1094B222-001 | D50: - | E50: 408574150 | F50: F/A FOR PACKAGED S BAND MPA 2W | H50: EA | I50: 1 | J50: 4 | K50: 0 | L50: 0 | M50: 0 | N50: 0 | O50: 0 | P50: 0 | Q50: 0 | R50: 0 | S50: 2 | T50: 0 | U50: 0 | V50: 0 | W50: 0 | X50: 0 | Y50: 0 | Z50: 0 | AA50: 0 | AB50: 2 | AC50: 0 | AD50: 0 | AE50: 0 | AF50: 0 | AG50: 0 | AH50: =SUM(K50:AB50) -> 4 | AI50: =SUMPRODUCT(K50:AG50,$K$24:$AG$24) -> 71622 | AJ50: 1 | AL50: TBD | AM50: TBD | AV50: =MI50 -> 0 | AW50: =JB50 -> #NAME? | AY50: =JF50 -> #REF! | DD50: =SUM($AZ50,$BA50:BF50)-SUM($EU50:FA50) -> -560 | DE50: =SUM($AZ50,$BA50:BG50)-SUM($EU50:FB50) -> -2960 | DF50: =SUM($AZ50,$BA50:BH50)-SUM($EU50:FC50) -> -5622 | DG50: =SUM($AZ50,$BA50:BI50)-SUM($EU50:FD50) -> -7622 | DH50: =SUM($AZ50,$BA50:BJ50)-SUM($EU50:FE50) -> -9622 | DI50: =SUM($AZ50,$BA50:BK50)-SUM($EU50:FF50) -> -11622 | DJ50: =SUM($AZ50,$BA50:BL50)-SUM($EU50:FG50) -> -13622 | DK50: =SUM($AZ50,$BA50:BM50)-SUM($EU50:FH50) -> -15622 | ... EQ50: =SUM($AZ50,$BA50:CS50)-SUM($EU50:GN50) -> -71622 | FA50: {=SUMPRODUCT($K50:$AG50,TRANSPOSE(FA$5:FA$27))} -> 560 | FB50: {=SUMPRODUCT($K50:$AG50,TRANSPOSE(FB$5:FB$27))} -> 2400 | FC50: {=SUMPRODUCT($K50:$AG50,TRANSPOSE(FC$5:FC$27))} -> 2662 | FD50: {=SUMPRODUCT($K50:$AG50,TRANSPOSE(FD$5:FD$27))} -> 2000 | FE50: {=SUMPRODUCT($K50:$AG50,TRANSPOSE(FE$5:FE$27))} -> 2000 | FF50: {=SUMPRODUCT($K50:$AG50,TRANSPOSE(FF$5:FF$27))} -> 2000 | FG50: {=SUMPRODUCT($K50:$AG50,TRANSPOSE(FG$5:FG$27))} -> 2000 | FH50: {=SUMPRODUCT($K50:$AG50,TRANSPOSE(FH$5:FH$27))} -> 2000 | ... GN50: {=SUMPRODUCT($K50:$AG50,TRANSPOSE(GN$5:GN$27))} -> 0 | IV50: TBD | IW50: =C50 -> 1094B222-001 | IX50: =AL50 -> TBD | IY50: =AP50 -> 0 | IZ50: =AQ50 -> 0 | JA50: =_xlfn.XLOOKUP(IZ50,IZ$21:IZ$24,JA$21:JA$24,0) -> #NAME? | JB50: =IY50*JA50 -> #NAME? | JC50: =AJ50 -> 1 | JD50: =AJ50 -> 1 | JF50: =MAX(JD50,CEILING(#REF!+JE50,JC50)) -> #REF! | JG50: =JF50*JB50 -> #REF! | JH50: =JF50-#REF! -> #REF! | JI50: =JH50*JB50 -> #REF! | JL50: TBD | JO50: {=SUMPRODUCT(#REF!,TRANSPOSE(JO$19:JO$22))} -> #REF! | JP50: {=SUMPRODUCT(#REF!,TRANSPOSE(JP$19:JP$22))} -> #REF! | JQ50: {=SUMPRODUCT(#REF!,TRANSPOSE(JQ$19:JQ$22))} -> #REF! | JR50: {=SUMPRODUCT(#REF!,TRANSPOSE(JR$19:JR$22))} -> #REF! | JS50: {=SUMPRODUCT(#REF!,TRANSPOSE(JS$19:JS$22))} -> #REF! | JT50: {=SUMPRODUCT(#REF!,TRANSPOSE(JT$19:JT$22))} -> #REF! | JU50: {=SUMPRODUCT(#REF!,TRANSPOSE(JU$19:JU$22))} -> #REF! | JV50: {=SUMPRODUCT(#REF!,TRANSPOSE(JV$19:JV$22))} -> #REF! | ... KA50: {=SUMPRODUCT(#REF!,TRANSPOSE(KA$19:KA$22))} -> #REF! | KC50: =CEILING(JO50,$JC50) -> #REF! | KD50: =CEILING(SUM($JO50:JP50)-SUM($KC50:KC50),$JC50) -> #REF! | KE50: =CEILING(SUM($JO50:JQ50)-SUM($KC50:KD50),$JC50) -> #REF! | KF50: =CEILING(SUM($JO50:JR50)-SUM($KC50:KE50),$JC50) -> #REF! | KG50: =CEILING(SUM($JO50:JS50)-SUM($KC50:KF50),$JC50) -> #REF! | KH50: =CEILING(SUM($JO50:JT50)-SUM($KC50:KG50),$JC50) -> #REF! | KI50: =CEILING(SUM($JO50:JU50)-SUM($KC50:KH50),$JC50) -> #REF! | KJ50: =CEILING(SUM($JO50:JV50)-SUM($KC50:KI50),$JC50) -> #REF! | KK50: =CEILING(SUM($JO50:JW50)-SUM($KC50:KJ50),$JC50) -> #REF! | ... KM50: =CEILING(SUM($JO50:JY50)-SUM($KC50:KL50),$JC50) -> #REF! | KN50: =JF50-SUM(KC50:KM50) -> #REF! | KO50: =JF50-SUM(KC50:KN50) -> #REF! | KQ50: =KC50*$JB50 -> #REF! | KR50: =KD50*$JB50 -> #REF! | KS50: =KE50*$JB50 -> #REF! | KT50: =KF50*$JB50 -> #REF! | KU50: =KG50*$JB50 -> #REF! | KV50: =KH50*$JB50 -> #REF! | KW50: =KI50*$JB50 -> #REF! | KX50: =KJ50*$JB50 -> #REF! | ... LC50: =KO50*$JB50 -> #REF! | LD50: =SUM(KQ50:LC50) -> #REF! | LR50: =KO50 -> #REF! | LT50: =LF50*$JB50 -> #NAME? | LU50: =LG50*$JB50 -> #NAME? | LV50: =LH50*$JB50 -> #NAME? | LW50: =LI50*$JB50 -> #NAME? | LX50: =LJ50*$JB50 -> #NAME? | LY50: =LK50*$JB50 -> #NAME? | LZ50: =LL50*$JB50 -> #NAME? | MA50: =LM50*$JB50 -> #NAME? | ... MF50: =LR50*$JB50 -> #REF! | MG50: =SUM(LT50:MF50) -> #NAME? | MH50: LT01-020 | MM50: TBD
A51: 27 | B51: LT01-021 | C51: 1094B532-001 | D51: - | E51: 400969533 | F51: INSULATOR | H51: EA | I51: 1 | J51: 2 | K51: 0 | L51: 0 | M51: 0 | N51: 0 | O51: 0 | P51: 0 | Q51: 0 | R51: 1 | S51: 0 | T51: 0 | U51: 0 | V51: 0 | W51: 0 | X51: 0 | Y51: 0 | Z51: 0 | AA51: 1 | AB51: 0 | AC51: 0 | AD51: 0 | AE51: 0 | AF51: 0 | AG51: 0 | AH51: =SUM(K51:AB51) -> 2 | AI51: =SUMPRODUCT(K51:AG51,$K$24:$AG$24) -> 35811 | AJ51: 1 | AL51: WAVE MECHANICS | AM51: WAVE | AP51: 1 | AQ51: USD | AR51: Sujith John | AS51: sujith.ninan@wm.kahm.co | AU51: 91.973119 | AV51: =MI51 -> P0013 | AW51: =JB51 -> #NAME? | AY51: =JF51 -> #REF! | BG51: 18390 | BK51: 17063 | DD51: =SUM($AZ51,$BA51:BF51)-SUM($EU51:FA51) -> -280 | DE51: =SUM($AZ51,$BA51:BG51)-SUM($EU51:FB51) -> 16910 | DF51: =SUM($AZ51,$BA51:BH51)-SUM($EU51:FC51) -> 15579 | DG51: =SUM($AZ51,$BA51:BI51)-SUM($EU51:FD51) -> 14579 | DH51: =SUM($AZ51,$BA51:BJ51)-SUM($EU51:FE51) -> 13579 | DI51: =SUM($AZ51,$BA51:BK51)-SUM($EU51:FF51) -> 29642 | DJ51: =SUM($AZ51,$BA51:BL51)-SUM($EU51:FG51) -> 28642 | DK51: =SUM($AZ51,$BA51:BM51)-SUM($EU51:FH51) -> 27642 | ... EQ51: =SUM($AZ51,$BA51:CS51)-SUM($EU51:GN51) -> -358 | FA51: {=SUMPRODUCT($K51:$AG51,TRANSPOSE(FA$5:FA$27))} -> 280 | FB51: {=SUMPRODUCT($K51:$AG51,TRANSPOSE(FB$5:FB$27))} -> 1200 | FC51: {=SUMPRODUCT($K51:$AG51,TRANSPOSE(FC$5:FC$27))} -> 1331 | FD51: {=SUMPRODUCT($K51:$AG51,TRANSPOSE(FD$5:FD$27))} -> 1000 | FE51: {=SUMPRODUCT($K51:$AG51,TRANSPOSE(FE$5:FE$27))} -> 1000 | FF51: {=SUMPRODUCT($K51:$AG51,TRANSPOSE(FF$5:FF$27))} -> 1000 | FG51: {=SUMPRODUCT($K51:$AG51,TRANSPOSE(FG$5:FG$27))} -> 1000 | FH51: {=SUMPRODUCT($K51:$AG51,TRANSPOSE(FH$5:FH$27))} -> 1000 | ... GN51: {=SUMPRODUCT($K51:$AG51,TRANSPOSE(GN$5:GN$27))} -> 0 | IV51: =AM51 -> WAVE | IW51: =C51 -> 1094B532-001 | IX51: =AL51 -> WAVE MECHANICS | IY51: =AP51 -> 1 | IZ51: =AQ51 -> USD | JA51: =_xlfn.XLOOKUP(IZ51,IZ$21:IZ$24,JA$21:JA$24,0) -> #NAME? | JB51: =IY51*JA51 -> #NAME? | JC51: =AJ51 -> 1 | JD51: =AJ51 -> 1 | JF51: =MAX(JD51,CEILING(#REF!+JE51,JC51)) -> #REF! | JG51: =JF51*JB51 -> #REF! | JH51: =JF51-#REF! -> #REF! | JI51: =JH51*JB51 -> #REF! | JJ51: 45523 | JK51: Sagi | JL51: Ordered | JM51: Y | JN51: RNSE | JO51: {=SUMPRODUCT(#REF!,TRANSPOSE(JO$19:JO$22))} -> #REF! | JP51: {=SUMPRODUCT(#REF!,TRANSPOSE(JP$19:JP$22))} -> #REF! | JQ51: {=SUMPRODUCT(#REF!,TRANSPOSE(JQ$19:JQ$22))} -> #REF! | JR51: {=SUMPRODUCT(#REF!,TRANSPOSE(JR$19:JR$22))} -> #REF! | JS51: {=SUMPRODUCT(#REF!,TRANSPOSE(JS$19:JS$22))} -> #REF! | JT51: {=SUMPRODUCT(#REF!,TRANSPOSE(JT$19:JT$22))} -> #REF! | JU51: {=SUMPRODUCT(#REF!,TRANSPOSE(JU$19:JU$22))} -> #REF! | JV51: {=SUMPRODUCT(#REF!,TRANSPOSE(JV$19:JV$22))} -> #REF! | ... KA51: {=SUMPRODUCT(#REF!,TRANSPOSE(KA$19:KA$22))} -> #REF! | KC51: =CEILING(JO51,$JC51) -> #REF! | KD51: =CEILING(SUM($JO51:JP51)-SUM($KC51:KC51),$JC51) -> #REF! | KE51: =CEILING(SUM($JO51:JQ51)-SUM($KC51:KD51),$JC51) -> #REF! | KF51: =CEILING(SUM($JO51:JR51)-SUM($KC51:KE51),$JC51) -> #REF! | KG51: =CEILING(SUM($JO51:JS51)-SUM($KC51:KF51),$JC51) -> #REF! | KH51: =CEILING(SUM($JO51:JT51)-SUM($KC51:KG51),$JC51) -> #REF! | KI51: =CEILING(SUM($JO51:JU51)-SUM($KC51:KH51),$JC51) -> #REF! | KJ51: =CEILING(SUM($JO51:JV51)-SUM($KC51:KI51),$JC51) -> #REF! | KK51: =CEILING(SUM($JO51:JW51)-SUM($KC51:KJ51),$JC51) -> #REF! | ... KM51: =CEILING(SUM($JO51:JY51)-SUM($KC51:KL51),$JC51) -> #REF! | KN51: =JF51-SUM(KC51:KM51) -> #REF! | KO51: =JF51-SUM(KC51:KN51) -> #REF! | KQ51: =KC51*$JB51 -> #REF! | KR51: =KD51*$JB51 -> #REF! | KS51: =KE51*$JB51 -> #REF! | KT51: =KF51*$JB51 -> #REF! | KU51: =KG51*$JB51 -> #REF! | KV51: =KH51*$JB51 -> #REF! | KW51: =KI51*$JB51 -> #REF! | KX51: =KJ51*$JB51 -> #REF! | ... LC51: =KO51*$JB51 -> #REF! | LD51: =SUM(KQ51:LC51) -> #REF! | LE51: 2 | LF51: =SUM(KC51:KH51) -> #REF! | LL51: =SUM(KI51:KO51) -> #REF! | LT51: =LF51*$JB51 -> #REF! | LU51: =LG51*$JB51 -> #NAME? | LV51: =LH51*$JB51 -> #NAME? | LW51: =LI51*$JB51 -> #NAME? | LX51: =LJ51*$JB51 -> #NAME? | LY51: =LK51*$JB51 -> #NAME? | LZ51: =LL51*$JB51 -> #REF! | MA51: =LM51*$JB51 -> #NAME? | ... MF51: =LR51*$JB51 -> #NAME? | MG51: =SUM(LT51:MF51) -> #REF! | MH51: LT01-021 | MI51: P0013 | MJ51: 45525 | MK51: Yes | MM51: Yes
A52: 28 | B52: LT01-022 | C52: 1094L913-001 | D52: - | E52: 403572964 | F52: BRACKET | H52: EA | I52: 1 | J52: 3 | K52: 0 | L52: 0 | M52: 1 | N52: 0 | O52: 0 | P52: 0 | Q52: 0 | R52: 1 | S52: 0 | T52: 0 | U52: 0 | V52: 0 | W52: 0 | X52: 0 | Y52: 0 | Z52: 0 | AA52: 1 | AB52: 0 | AC52: 0 | AD52: 0 | AE52: 0 | AF52: 0 | AG52: 0 | AH52: =SUM(K52:AB52) -> 3 | AI52: =SUMPRODUCT(K52:AG52,$K$24:$AG$24) -> 70589 | AJ52: 1 | AL52: WAVE MECHANICS | AM52: WAVE | AP52: 3 | AQ52: USD | AR52: Sujith John | AS52: sujith.ninan@wm.kahm.co | AU52: 91.973119 | AV52: =MI52 -> P0013 | AW52: =JB52 -> #NAME? | AY52: =JF52 -> #REF! | BG52: 12130 | BM52: 12130 | BQ52: 12130 | BW52: 12130 | CC52: 12115 | CI52: 10046 | DD52: =SUM($AZ52,$BA52:BF52)-SUM($EU52:FA52) -> -460 | DE52: =SUM($AZ52,$BA52:BG52)-SUM($EU52:FB52) -> 9872 | DF52: =SUM($AZ52,$BA52:BH52)-SUM($EU52:FC52) -> 7541 | DG52: =SUM($AZ52,$BA52:BI52)-SUM($EU52:FD52) -> 5541 | DH52: =SUM($AZ52,$BA52:BJ52)-SUM($EU52:FE52) -> 3541 | DI52: =SUM($AZ52,$BA52:BK52)-SUM($EU52:FF52) -> 1541 | DJ52: =SUM($AZ52,$BA52:BL52)-SUM($EU52:FG52) -> -459 | DK52: =SUM($AZ52,$BA52:BM52)-SUM($EU52:FH52) -> 9671 | ... EQ52: =SUM($AZ52,$BA52:CS52)-SUM($EU52:GN52) -> 92 | FA52: {=SUMPRODUCT($K52:$AG52,TRANSPOSE(FA$5:FA$27))} -> 460 | FB52: {=SUMPRODUCT($K52:$AG52,TRANSPOSE(FB$5:FB$27))} -> 1798 | FC52: {=SUMPRODUCT($K52:$AG52,TRANSPOSE(FC$5:FC$27))} -> 2331 | FD52: {=SUMPRODUCT($K52:$AG52,TRANSPOSE(FD$5:FD$27))} -> 2000 | FE52: {=SUMPRODUCT($K52:$AG52,TRANSPOSE(FE$5:FE$27))} -> 2000 | FF52: {=SUMPRODUCT($K52:$AG52,TRANSPOSE(FF$5:FF$27))} -> 2000 | FG52: {=SUMPRODUCT($K52:$AG52,TRANSPOSE(FG$5:FG$27))} -> 2000 | FH52: {=SUMPRODUCT($K52:$AG52,TRANSPOSE(FH$5:FH$27))} -> 2000 | ... GN52: {=SUMPRODUCT($K52:$AG52,TRANSPOSE(GN$5:GN$27))} -> 0 | IV52: =AM52 -> WAVE | IW52: =C52 -> 1094L913-001 | IX52: =AL52 -> WAVE MECHANICS | IY52: =AP52 -> 3 | IZ52: =AQ52 -> USD | JA52: =_xlfn.XLOOKUP(IZ52,IZ$21:IZ$24,JA$21:JA$24,0) -> #NAME? | JB52: =IY52*JA52 -> #NAME? | JC52: =AJ52 -> 1 | JD52: =AJ52 -> 1 | JF52: =MAX(JD52,CEILING(#REF!+JE52,JC52)) -> #REF! | JG52: =JF52*JB52 -> #REF! | JH52: =JF52-#REF! -> #REF! | JI52: =JH52*JB52 -> #REF! | JJ52: 45523 | JK52: Sagi | JL52: Ordered | JM52: Y | JN52: RNSE | JO52: {=SUMPRODUCT(#REF!,TRANSPOSE(JO$19:JO$22))} -> #REF! | JP52: {=SUMPRODUCT(#REF!,TRANSPOSE(JP$19:JP$22))} -> #REF! | JQ52: {=SUMPRODUCT(#REF!,TRANSPOSE(JQ$19:JQ$22))} -> #REF! | JR52: {=SUMPRODUCT(#REF!,TRANSPOSE(JR$19:JR$22))} -> #REF! | JS52: {=SUMPRODUCT(#REF!,TRANSPOSE(JS$19:JS$22))} -> #REF! | JT52: {=SUMPRODUCT(#REF!,TRANSPOSE(JT$19:JT$22))} -> #REF! | JU52: {=SUMPRODUCT(#REF!,TRANSPOSE(JU$19:JU$22))} -> #REF! | JV52: {=SUMPRODUCT(#REF!,TRANSPOSE(JV$19:JV$22))} -> #REF! | ... KA52: {=SUMPRODUCT(#REF!,TRANSPOSE(KA$19:KA$22))} -> #REF! | KC52: =CEILING(JO52,$JC52) -> #REF! | KD52: =CEILING(SUM($JO52:JP52)-SUM($KC52:KC52),$JC52) -> #REF! | KE52: =CEILING(SUM($JO52:JQ52)-SUM($KC52:KD52),$JC52) -> #REF! | KF52: =CEILING(SUM($JO52:JR52)-SUM($KC52:KE52),$JC52) -> #REF! | KG52: =CEILING(SUM($JO52:JS52)-SUM($KC52:KF52),$JC52) -> #REF! | KH52: =CEILING(SUM($JO52:JT52)-SUM($KC52:KG52),$JC52) -> #REF! | KI52: =CEILING(SUM($JO52:JU52)-SUM($KC52:KH52),$JC52) -> #REF! | KJ52: =CEILING(SUM($JO52:JV52)-SUM($KC52:KI52),$JC52) -> #REF! | KK52: =CEILING(SUM($JO52:JW52)-SUM($KC52:KJ52),$JC52) -> #REF! | ... KM52: =CEILING(SUM($JO52:JY52)-SUM($KC52:KL52),$JC52) -> #REF! | KN52: =JF52-SUM(KC52:KM52) -> #REF! | KO52: =JF52-SUM(KC52:KN52) -> #REF! | KQ52: =KC52*$JB52 -> #REF! | KR52: =KD52*$JB52 -> #REF! | KS52: =KE52*$JB52 -> #REF! | KT52: =KF52*$JB52 -> #REF! | KU52: =KG52*$JB52 -> #REF! | KV52: =KH52*$JB52 -> #REF! | KW52: =KI52*$JB52 -> #REF! | KX52: =KJ52*$JB52 -> #REF! | ... LC52: =KO52*$JB52 -> #REF! | LD52: =SUM(KQ52:LC52) -> #REF! | LE52: 6 | LF52: =SUM(KC52:KD52) -> #REF! | LH52: =SUM(KE52:KF52) -> #REF! | LJ52: =SUM(KG52:KH52) -> #REF! | LL52: =SUM(KI52:KJ52) -> #REF! | LN52: =SUM(KK52:KL52) -> #REF! | LP52: =SUM(KM52:KO52) -> #REF! | LR52: =KO52 -> #REF! | LT52: =LF52*$JB52 -> #REF! | LU52: =LG52*$JB52 -> #NAME? | LV52: =LH52*$JB52 -> #REF! | LW52: =LI52*$JB52 -> #NAME? | LX52: =LJ52*$JB52 -> #REF! | LY52: =LK52*$JB52 -> #NAME? | LZ52: =LL52*$JB52 -> #REF! | MA52: =LM52*$JB52 -> #NAME? | ... MF52: =LR52*$JB52 -> #REF! | MG52: =SUM(LT52:MF52) -> #REF! | MH52: LT01-022 | MI52: P0013 | MJ52: 45525 | MK52: Yes | MM52: Yes
A53: 29 | B53: LT01-023 | C53: 1094L925-001 | D53: - | E53: 403581663 | F53: WEDGE B | H53: EA | I53: 1 | J53: 6 | K53: 0 | L53: 2 | M53: 0 | N53: 0 | O53: 0 | P53: 0 | Q53: 2 | R53: 0 | S53: 0 | T53: 0 | U53: 0 | V53: 0 | W53: 0 | X53: 0 | Y53: 0 | Z53: 2 | AA53: 0 | AB53: 0 | AC53: 0 | AD53: 0 | AE53: 0 | AF53: 0 | AG53: 0 | AH53: =SUM(K53:AB53) -> 6 | AI53: =SUMPRODUCT(K53:AG53,$K$24:$AG$24) -> 141178 | AJ53: 1 | AL53: WAVE MECHANICS | AM53: WAVE | AP53: 1.7 | AQ53: USD | AR53: Sujith John | AS53: sujith.ninan@wm.kahm.co | AU53: 91.973119 | AV53: =MI53 -> P0013 | AW53: =JB53 -> #NAME? | AY53: =JF53 -> #REF! | BG53: 24260 | BM53: 24260 | BQ53: 24260 | BW53: 24260 | CC53: 24260 | CI53: 19972 | DD53: =SUM($AZ53,$BA53:BF53)-SUM($EU53:FA53) -> -920 | DE53: =SUM($AZ53,$BA53:BG53)-SUM($EU53:FB53) -> 19744 | DF53: =SUM($AZ53,$BA53:BH53)-SUM($EU53:FC53) -> 15082 | DG53: =SUM($AZ53,$BA53:BI53)-SUM($EU53:FD53) -> 11082 | DH53: =SUM($AZ53,$BA53:BJ53)-SUM($EU53:FE53) -> 7082 | DI53: =SUM($AZ53,$BA53:BK53)-SUM($EU53:FF53) -> 3082 | DJ53: =SUM($AZ53,$BA53:BL53)-SUM($EU53:FG53) -> -918 | DK53: =SUM($AZ53,$BA53:BM53)-SUM($EU53:FH53) -> 19342 | ... EQ53: =SUM($AZ53,$BA53:CS53)-SUM($EU53:GN53) -> 94 | FA53: {=SUMPRODUCT($K53:$AG53,TRANSPOSE(FA$5:FA$27))} -> 920 | FB53: {=SUMPRODUCT($K53:$AG53,TRANSPOSE(FB$5:FB$27))} -> 3596 | FC53: {=SUMPRODUCT($K53:$AG53,TRANSPOSE(FC$5:FC$27))} -> 4662 | FD53: {=SUMPRODUCT($K53:$AG53,TRANSPOSE(FD$5:FD$27))} -> 4000 | FE53: {=SUMPRODUCT($K53:$AG53,TRANSPOSE(FE$5:FE$27))} -> 4000 | FF53: {=SUMPRODUCT($K53:$AG53,TRANSPOSE(FF$5:FF$27))} -> 4000 | FG53: {=SUMPRODUCT($K53:$AG53,TRANSPOSE(FG$5:FG$27))} -> 4000 | FH53: {=SUMPRODUCT($K53:$AG53,TRANSPOSE(FH$5:FH$27))} -> 4000 | ... GN53: {=SUMPRODUCT($K53:$AG53,TRANSPOSE(GN$5:GN$27))} -> 0 | IV53: =AM53 -> WAVE | IW53: =C53 -> 1094L925-001 | IX53: =AL53 -> WAVE MECHANICS | IY53: =AP53 -> 1.7 | IZ53: =AQ53 -> USD | JA53: =_xlfn.XLOOKUP(IZ53,IZ$21:IZ$24,JA$21:JA$24,0) -> #NAME? | JB53: =IY53*JA53 -> #NAME? | JC53: =AJ53 -> 1 | JD53: =AJ53 -> 1 | JF53: =MAX(JD53,CEILING(#REF!+JE53,JC53)) -> #REF! | JG53: =JF53*JB53 -> #REF! | JH53: =JF53-#REF! -> #REF! | JI53: =JH53*JB53 -> #REF! | JJ53: 45523 | JK53: Sagi | JL53: Ordered | JM53: Y | JN53: RNSE | JO53: {=SUMPRODUCT(#REF!,TRANSPOSE(JO$19:JO$22))} -> #REF! | JP53: {=SUMPRODUCT(#REF!,TRANSPOSE(JP$19:JP$22))} -> #REF! | JQ53: {=SUMPRODUCT(#REF!,TRANSPOSE(JQ$19:JQ$22))} -> #REF! | JR53: {=SUMPRODUCT(#REF!,TRANSPOSE(JR$19:JR$22))} -> #REF! | JS53: {=SUMPRODUCT(#REF!,TRANSPOSE(JS$19:JS$22))} -> #REF! | JT53: {=SUMPRODUCT(#REF!,TRANSPOSE(JT$19:JT$22))} -> #REF! | JU53: {=SUMPRODUCT(#REF!,TRANSPOSE(JU$19:JU$22))} -> #REF! | JV53: {=SUMPRODUCT(#REF!,TRANSPOSE(JV$19:JV$22))} -> #REF! | ... KA53: {=SUMPRODUCT(#REF!,TRANSPOSE(KA$19:KA$22))} -> #REF! | KC53: =CEILING(JO53,$JC53) -> #REF! | KD53: =CEILING(SUM($JO53:JP53)-SUM($KC53:KC53),$JC53) -> #REF! | KE53: =CEILING(SUM($JO53:JQ53)-SUM($KC53:KD53),$JC53) -> #REF! | KF53: =CEILING(SUM($JO53:JR53)-SUM($KC53:KE53),$JC53) -> #REF! | KG53: =CEILING(SUM($JO53:JS53)-SUM($KC53:KF53),$JC53) -> #REF! | KH53: =CEILING(SUM($JO53:JT53)-SUM($KC53:KG53),$JC53) -> #REF! | KI53: =CEILING(SUM($JO53:JU53)-SUM($KC53:KH53),$JC53) -> #REF! | KJ53: =CEILING(SUM($JO53:JV53)-SUM($KC53:KI53),$JC53) -> #REF! | KK53: =CEILING(SUM($JO53:JW53)-SUM($KC53:KJ53),$JC53) -> #REF! | ... KM53: =CEILING(SUM($JO53:JY53)-SUM($KC53:KL53),$JC53) -> #REF! | KN53: =JF53-SUM(KC53:KM53) -> #REF! | KO53: =JF53-SUM(KC53:KN53) -> #REF! | KQ53: =KC53*$JB53 -> #REF! | KR53: =KD53*$JB53 -> #REF! | KS53: =KE53*$JB53 -> #REF! | KT53: =KF53*$JB53 -> #REF! | KU53: =KG53*$JB53 -> #REF! | KV53: =KH53*$JB53 -> #REF! | KW53: =KI53*$JB53 -> #REF! | KX53: =KJ53*$JB53 -> #REF! | ... LC53: =KO53*$JB53 -> #REF! | LD53: =SUM(KQ53:LC53) -> #REF! | LE53: 6 | LF53: =SUM(KC53:KD53) -> #REF! | LH53: =SUM(KE53:KF53) -> #REF! | LJ53: =SUM(KG53:KH53) -> #REF! | LL53: =SUM(KI53:KJ53) -> #REF! | LN53: =SUM(KK53:KL53) -> #REF! | LP53: =SUM(KM53:KO53) -> #REF! | LR53: =KO53 -> #REF! | LT53: =LF53*$JB53 -> #REF! | LU53: =LG53*$JB53 -> #NAME? | LV53: =LH53*$JB53 -> #REF! | LW53: =LI53*$JB53 -> #NAME? | LX53: =LJ53*$JB53 -> #REF! | LY53: =LK53*$JB53 -> #NAME? | LZ53: =LL53*$JB53 -> #REF! | MA53: =LM53*$JB53 -> #NAME? | ... MF53: =LR53*$JB53 -> #REF! | MG53: =SUM(LT53:MF53) -> #REF! | MH53: LT01-023 | MI53: P0013 | MJ53: 45525 | MK53: Yes | MM53: Yes
A54: 30 | B54: LT01-024 | C54: 1094L926-001 | D54: - | E54: 403581662 | F54: WEDGE A | H54: EA | I54: 1 | J54: 6 | K54: 0 | L54: 2 | M54: 0 | N54: 0 | O54: 0 | P54: 0 | Q54: 2 | R54: 0 | S54: 0 | T54: 0 | U54: 0 | V54: 0 | W54: 0 | X54: 0 | Y54: 0 | Z54: 2 | AA54: 0 | AB54: 0 | AC54: 0 | AD54: 0 | AE54: 0 | AF54: 0 | AG54: 0 | AH54: =SUM(K54:AB54) -> 6 | AI54: =SUMPRODUCT(K54:AG54,$K$24:$AG$24) -> 141178 | AJ54: 1 | AL54: WAVE MECHANICS | AM54: WAVE | AP54: 1.47 | AQ54: USD | AR54: Sujith John | AS54: sujith.ninan@wm.kahm.co | AU54: 91.973119 | AV54: =MI54 -> P0013 | AW54: =JB54 -> #NAME? | AY54: =JF54 -> #REF! | BG54: 24260 | BM54: 24260 | BQ54: 24260 | BW54: 24260 | CC54: 24260 | CI54: 19972 | DD54: =SUM($AZ54,$BA54:BF54)-SUM($EU54:FA54) -> -920 | DE54: =SUM($AZ54,$BA54:BG54)-SUM($EU54:FB54) -> 19744 | DF54: =SUM($AZ54,$BA54:BH54)-SUM($EU54:FC54) -> 15082 | DG54: =SUM($AZ54,$BA54:BI54)-SUM($EU54:FD54) -> 11082 | DH54: =SUM($AZ54,$BA54:BJ54)-SUM($EU54:FE54) -> 7082 | DI54: =SUM($AZ54,$BA54:BK54)-SUM($EU54:FF54) -> 3082 | DJ54: =SUM($AZ54,$BA54:BL54)-SUM($EU54:FG54) -> -918 | DK54: =SUM($AZ54,$BA54:BM54)-SUM($EU54:FH54) -> 19342 | ... EQ54: =SUM($AZ54,$BA54:CS54)-SUM($EU54:GN54) -> 94 | FA54: {=SUMPRODUCT($K54:$AG54,TRANSPOSE(FA$5:FA$27))} -> 920 | FB54: {=SUMPRODUCT($K54:$AG54,TRANSPOSE(FB$5:FB$27))} -> 3596 | FC54: {=SUMPRODUCT($K54:$AG54,TRANSPOSE(FC$5:FC$27))} -> 4662 | FD54: {=SUMPRODUCT($K54:$AG54,TRANSPOSE(FD$5:FD$27))} -> 4000 | FE54: {=SUMPRODUCT($K54:$AG54,TRANSPOSE(FE$5:FE$27))} -> 4000 | FF54: {=SUMPRODUCT($K54:$AG54,TRANSPOSE(FF$5:FF$27))} -> 4000 | FG54: {=SUMPRODUCT($K54:$AG54,TRANSPOSE(FG$5:FG$27))} -> 4000 | FH54: {=SUMPRODUCT($K54:$AG54,TRANSPOSE(FH$5:FH$27))} -> 4000 | ... GN54: {=SUMPRODUCT($K54:$AG54,TRANSPOSE(GN$5:GN$27))} -> 0 | IV54: =AM54 -> WAVE | IW54: =C54 -> 1094L926-001 | IX54: =AL54 -> WAVE MECHANICS | IY54: =AP54 -> 1.47 | IZ54: =AQ54 -> USD | JA54: =_xlfn.XLOOKUP(IZ54,IZ$21:IZ$24,JA$21:JA$24,0) -> #NAME? | JB54: =IY54*JA54 -> #NAME? | JC54: =AJ54 -> 1 | JD54: =AJ54 -> 1 | JF54: =MAX(JD54,CEILING(#REF!+JE54,JC54)) -> #REF! | JG54: =JF54*JB54 -> #REF! | JH54: =JF54-#REF! -> #REF! | JI54: =JH54*JB54 -> #REF! | JJ54: 45523 | JK54: Sagi | JL54: Ordered | JM54: Y | JN54: RNSE | JO54: {=SUMPRODUCT(#REF!,TRANSPOSE(JO$19:JO$22))} -> #REF! | JP54: {=SUMPRODUCT(#REF!,TRANSPOSE(JP$19:JP$22))} -> #REF! | JQ54: {=SUMPRODUCT(#REF!,TRANSPOSE(JQ$19:JQ$22))} -> #REF! | JR54: {=SUMPRODUCT(#REF!,TRANSPOSE(JR$19:JR$22))} -> #REF! | JS54: {=SUMPRODUCT(#REF!,TRANSPOSE(JS$19:JS$22))} -> #REF! | JT54: {=SUMPRODUCT(#REF!,TRANSPOSE(JT$19:JT$22))} -> #REF! | JU54: {=SUMPRODUCT(#REF!,TRANSPOSE(JU$19:JU$22))} -> #REF! | JV54: {=SUMPRODUCT(#REF!,TRANSPOSE(JV$19:JV$22))} -> #REF! | ... KA54: {=SUMPRODUCT(#REF!,TRANSPOSE(KA$19:KA$22))} -> #REF! | KC54: =CEILING(JO54,$JC54) -> #REF! | KD54: =CEILING(SUM($JO54:JP54)-SUM($KC54:KC54),$JC54) -> #REF! | KE54: =CEILING(SUM($JO54:JQ54)-SUM($KC54:KD54),$JC54) -> #REF! | KF54: =CEILING(SUM($JO54:JR54)-SUM($KC54:KE54),$JC54) -> #REF! | KG54: =CEILING(SUM($JO54:JS54)-SUM($KC54:KF54),$JC54) -> #REF! | KH54: =CEILING(SUM($JO54:JT54)-SUM($KC54:KG54),$JC54) -> #REF! | KI54: =CEILING(SUM($JO54:JU54)-SUM($KC54:KH54),$JC54) -> #REF! | KJ54: =CEILING(SUM($JO54:JV54)-SUM($KC54:KI54),$JC54) -> #REF! | KK54: =CEILING(SUM($JO54:JW54)-SUM($KC54:KJ54),$JC54) -> #REF! | ... KM54: =CEILING(SUM($JO54:JY54)-SUM($KC54:KL54),$JC54) -> #REF! | KN54: =JF54-SUM(KC54:KM54) -> #REF! | KO54: =JF54-SUM(KC54:KN54) -> #REF! | KQ54: =KC54*$JB54 -> #REF! | KR54: =KD54*$JB54 -> #REF! | KS54: =KE54*$JB54 -> #REF! | KT54: =KF54*$JB54 -> #REF! | KU54: =KG54*$JB54 -> #REF! | KV54: =KH54*$JB54 -> #REF! | KW54: =KI54*$JB54 -> #REF! | KX54: =KJ54*$JB54 -> #REF! | ... LC54: =KO54*$JB54 -> #REF! | LD54: =SUM(KQ54:LC54) -> #REF! | LE54: 6 | LF54: =SUM(KC54:KD54) -> #REF! | LH54: =SUM(KE54:KF54) -> #REF! | LJ54: =SUM(KG54:KH54) -> #REF! | LL54: =SUM(KI54:KJ54) -> #REF! | LN54: =SUM(KK54:KL54) -> #REF! | LP54: =SUM(KM54:KO54) -> #REF! | LR54: =KO54 -> #REF! | LT54: =LF54*$JB54 -> #REF! | LU54: =LG54*$JB54 -> #NAME? | LV54: =LH54*$JB54 -> #REF! | LW54: =LI54*$JB54 -> #NAME? | LX54: =LJ54*$JB54 -> #REF! | LY54: =LK54*$JB54 -> #NAME? | LZ54: =LL54*$JB54 -> #REF! | MA54: =LM54*$JB54 -> #NAME? | ... MF54: =LR54*$JB54 -> #REF! | MG54: =SUM(LT54:MF54) -> #REF! | MH54: LT01-024 | MI54: P0013 | MJ54: 45525 | MK54: Yes | MM54: Yes
A55: 31 | B55: LT01-025 | C55: 1094L935-001 | D55: - | E55: 403581656 | F55: SCREW 4-40 L150 | H55: EA | I55: 1 | J55: 6 | K55: 0 | L55: 2 | M55: 0 | N55: 0 | O55: 0 | P55: 0 | Q55: 2 | R55: 0 | S55: 0 | T55: 0 | U55: 0 | V55: 0 | W55: 0 | X55: 0 | Y55: 0 | Z55: 2 | AA55: 0 | AB55: 0 | AC55: 0 | AD55: 0 | AE55: 0 | AF55: 0 | AG55: 0 | AH55: =SUM(K55:AB55) -> 6 | AI55: =SUMPRODUCT(K55:AG55,$K$24:$AG$24) -> 141178 | AJ55: 1 | AL55: NIK MANUFACTURING CO. LTD. | AM55: WAVE | AP55: 3.3 | AQ55: USD | AR55: Sujith John | AS55: sujith.ninan@wm.kahm.co | AU55: 91.973119 | AV55: =MI55 -> P0013 | AW55: =JB55 -> #NAME? | AY55: =JF55 -> #REF! | BG55: 24260 | BM55: 24260 | BQ55: 24260 | BW55: 24260 | CC55: 24260 | CI55: 19972 | DD55: =SUM($AZ55,$BA55:BF55)-SUM($EU55:FA55) -> -920 | DE55: =SUM($AZ55,$BA55:BG55)-SUM($EU55:FB55) -> 19744 | DF55: =SUM($AZ55,$BA55:BH55)-SUM($EU55:FC55) -> 15082 | DG55: =SUM($AZ55,$BA55:BI55)-SUM($EU55:FD55) -> 11082 | DH55: =SUM($AZ55,$BA55:BJ55)-SUM($EU55:FE55) -> 7082 | DI55: =SUM($AZ55,$BA55:BK55)-SUM($EU55:FF55) -> 3082 | DJ55: =SUM($AZ55,$BA55:BL55)-SUM($EU55:FG55) -> -918 | DK55: =SUM($AZ55,$BA55:BM55)-SUM($EU55:FH55) -> 19342 | ... EQ55: =SUM($AZ55,$BA55:CS55)-SUM($EU55:GN55) -> 94 | FA55: {=SUMPRODUCT($K55:$AG55,TRANSPOSE(FA$5:FA$27))} -> 920 | FB55: {=SUMPRODUCT($K55:$AG55,TRANSPOSE(FB$5:FB$27))} -> 3596 | FC55: {=SUMPRODUCT($K55:$AG55,TRANSPOSE(FC$5:FC$27))} -> 4662 | FD55: {=SUMPRODUCT($K55:$AG55,TRANSPOSE(FD$5:FD$27))} -> 4000 | FE55: {=SUMPRODUCT($K55:$AG55,TRANSPOSE(FE$5:FE$27))} -> 4000 | FF55: {=SUMPRODUCT($K55:$AG55,TRANSPOSE(FF$5:FF$27))} -> 4000 | FG55: {=SUMPRODUCT($K55:$AG55,TRANSPOSE(FG$5:FG$27))} -> 4000 | FH55: {=SUMPRODUCT($K55:$AG55,TRANSPOSE(FH$5:FH$27))} -> 4000 | ... GN55: {=SUMPRODUCT($K55:$AG55,TRANSPOSE(GN$5:GN$27))} -> 0 | IV55: =AM55 -> WAVE | IW55: =C55 -> 1094L935-001 | IX55: WAVE MECHANICS | IY55: =AP55 -> 3.3 | IZ55: =AQ55 -> USD | JA55: =_xlfn.XLOOKUP(IZ55,IZ$21:IZ$24,JA$21:JA$24,0) -> #NAME? | JB55: =IY55*JA55 -> #NAME? | JC55: =AJ55 -> 1 | JD55: =AJ55 -> 1 | JF55: =MAX(JD55,CEILING(#REF!+JE55,JC55)) -> #REF! | JG55: =JF55*JB55 -> #REF! | JH55: =JF55-#REF! -> #REF! | JI55: =JH55*JB55 -> #REF! | JJ55: 45523 | JK55: Sagi | JL55: Ordered | JM55: Y | JN55: RNSE | JO55: {=SUMPRODUCT(#REF!,TRANSPOSE(JO$19:JO$22))} -> #REF! | JP55: {=SUMPRODUCT(#REF!,TRANSPOSE(JP$19:JP$22))} -> #REF! | JQ55: {=SUMPRODUCT(#REF!,TRANSPOSE(JQ$19:JQ$22))} -> #REF! | JR55: {=SUMPRODUCT(#REF!,TRANSPOSE(JR$19:JR$22))} -> #REF! | JS55: {=SUMPRODUCT(#REF!,TRANSPOSE(JS$19:JS$22))} -> #REF! | JT55: {=SUMPRODUCT(#REF!,TRANSPOSE(JT$19:JT$22))} -> #REF! | JU55: {=SUMPRODUCT(#REF!,TRANSPOSE(JU$19:JU$22))} -> #REF! | JV55: {=SUMPRODUCT(#REF!,TRANSPOSE(JV$19:JV$22))} -> #REF! | ... KA55: {=SUMPRODUCT(#REF!,TRANSPOSE(KA$19:KA$22))} -> #REF! | KC55: =CEILING(JO55,$JC55) -> #REF! | KD55: =CEILING(SUM($JO55:JP55)-SUM($KC55:KC55),$JC55) -> #REF! | KE55: =CEILING(SUM($JO55:JQ55)-SUM($KC55:KD55),$JC55) -> #REF! | KF55: =CEILING(SUM($JO55:JR55)-SUM($KC55:KE55),$JC55) -> #REF! | KG55: =CEILING(SUM($JO55:JS55)-SUM($KC55:KF55),$JC55) -> #REF! | KH55: =CEILING(SUM($JO55:JT55)-SUM($KC55:KG55),$JC55) -> #REF! | KI55: =CEILING(SUM($JO55:JU55)-SUM($KC55:KH55),$JC55) -> #REF! | KJ55: =CEILING(SUM($JO55:JV55)-SUM($KC55:KI55),$JC55) -> #REF! | KK55: =CEILING(SUM($JO55:JW55)-SUM($KC55:KJ55),$JC55) -> #REF! | ... KM55: =CEILING(SUM($JO55:JY55)-SUM($KC55:KL55),$JC55) -> #REF! | KN55: =JF55-SUM(KC55:KM55) -> #REF! | KO55: =JF55-SUM(KC55:KN55) -> #REF! | KQ55: =KC55*$JB55 -> #REF! | KR55: =KD55*$JB55 -> #REF! | KS55: =KE55*$JB55 -> #REF! | KT55: =KF55*$JB55 -> #REF! | KU55: =KG55*$JB55 -> #REF! | KV55: =KH55*$JB55 -> #REF! | KW55: =KI55*$JB55 -> #REF! | KX55: =KJ55*$JB55 -> #REF! | ... LC55: =KO55*$JB55 -> #REF! | LD55: =SUM(KQ55:LC55) -> #REF! | LE55: 6 | LF55: =SUM(KC55:KD55) -> #REF! | LH55: =SUM(KE55:KF55) -> #REF! | LJ55: =SUM(KG55:KH55) -> #REF! | LL55: =SUM(KI55:KJ55) -> #REF! | LN55: =SUM(KK55:KL55) -> #REF! | LP55: =SUM(KM55:KO55) -> #REF! | LR55: =KO55 -> #REF! | LT55: =LF55*$JB55 -> #REF! | LU55: =LG55*$JB55 -> #NAME? | LV55: =LH55*$JB55 -> #REF! | LW55: =LI55*$JB55 -> #NAME? | LX55: =LJ55*$JB55 -> #REF! | LY55: =LK55*$JB55 -> #NAME? | LZ55: =LL55*$JB55 -> #REF! | MA55: =LM55*$JB55 -> #NAME? | ... MF55: =LR55*$JB55 -> #REF! | MG55: =SUM(LT55:MF55) -> #REF! | MH55: LT01-025 | MI55: P0013 | MJ55: 45525 | MK55: Yes | MM55: Yes
A56: 33 | B56: LT01-026 | C56: 1094N754-001 | D56: A | E56: 408272431 | F56: BEND OF TRANSISTOR | H56: EA | I56: 1 | J56: 2 | K56: 0 | L56: 0 | M56: 0 | N56: 0 | O56: 0 | P56: 0 | Q56: 0 | R56: 1 | S56: 0 | T56: 0 | U56: 0 | V56: 0 | W56: 0 | X56: 0 | Y56: 0 | Z56: 0 | AA56: 1 | AB56: 0 | AC56: 0 | AD56: 0 | AE56: 0 | AF56: 0 | AG56: 0 | AH56: =SUM(K56:AB56) -> 2 | AI56: =SUMPRODUCT(K56:AG56,$K$24:$AG$24) -> 35811 | AJ56: 1 | AK56: ASSY | AL56: ASSY | AV56: =MI56 -> 0 | AW56: =JB56 -> #NAME? | AY56: =JF56 -> #REF! | DD56: =SUM($AZ56,$BA56:BF56)-SUM($EU56:FA56) -> -280 | DE56: =SUM($AZ56,$BA56:BG56)-SUM($EU56:FB56) -> -1480 | DF56: =SUM($AZ56,$BA56:BH56)-SUM($EU56:FC56) -> -2811 | DG56: =SUM($AZ56,$BA56:BI56)-SUM($EU56:FD56) -> -3811 | DH56: =SUM($AZ56,$BA56:BJ56)-SUM($EU56:FE56) -> -4811 | DI56: =SUM($AZ56,$BA56:BK56)-SUM($EU56:FF56) -> -5811 | DJ56: =SUM($AZ56,$BA56:BL56)-SUM($EU56:FG56) -> -6811 | DK56: =SUM($AZ56,$BA56:BM56)-SUM($EU56:FH56) -> -7811 | ... EQ56: =SUM($AZ56,$BA56:CS56)-SUM($EU56:GN56) -> -35811 | FA56: {=SUMPRODUCT($K56:$AG56,TRANSPOSE(FA$5:FA$27))} -> 280 | FB56: {=SUMPRODUCT($K56:$AG56,TRANSPOSE(FB$5:FB$27))} -> 1200 | FC56: {=SUMPRODUCT($K56:$AG56,TRANSPOSE(FC$5:FC$27))} -> 1331 | FD56: {=SUMPRODUCT($K56:$AG56,TRANSPOSE(FD$5:FD$27))} -> 1000 | FE56: {=SUMPRODUCT($K56:$AG56,TRANSPOSE(FE$5:FE$27))} -> 1000 | FF56: {=SUMPRODUCT($K56:$AG56,TRANSPOSE(FF$5:FF$27))} -> 1000 | FG56: {=SUMPRODUCT($K56:$AG56,TRANSPOSE(FG$5:FG$27))} -> 1000 | FH56: {=SUMPRODUCT($K56:$AG56,TRANSPOSE(FH$5:FH$27))} -> 1000 | ... GN56: {=SUMPRODUCT($K56:$AG56,TRANSPOSE(GN$5:GN$27))} -> 0 | IV56: ASSY | IW56: =C56 -> 1094N754-001 | IX56: =AL56 -> ASSY | IY56: =AP56 -> 0 | IZ56: =AQ56 -> 0 | JA56: =_xlfn.XLOOKUP(IZ56,IZ$21:IZ$24,JA$21:JA$24,0) -> #NAME? | JB56: =IY56*JA56 -> #NAME? | JC56: =AJ56 -> 1 | JD56: =AJ56 -> 1 | JF56: =MAX(JD56,CEILING(#REF!+JE56,JC56)) -> #REF! | JG56: =JF56*JB56 -> #REF! | JH56: =JF56-#REF! -> #REF! | JI56: =JH56*JB56 -> #REF! | JJ56: 45523 | JK56: Sagi | JL56: ASSY | JO56: {=SUMPRODUCT(#REF!,TRANSPOSE(JO$19:JO$22))} -> #REF! | JP56: {=SUMPRODUCT(#REF!,TRANSPOSE(JP$19:JP$22))} -> #REF! | JQ56: {=SUMPRODUCT(#REF!,TRANSPOSE(JQ$19:JQ$22))} -> #REF! | JR56: {=SUMPRODUCT(#REF!,TRANSPOSE(JR$19:JR$22))} -> #REF! | JS56: {=SUMPRODUCT(#REF!,TRANSPOSE(JS$19:JS$22))} -> #REF! | JT56: {=SUMPRODUCT(#REF!,TRANSPOSE(JT$19:JT$22))} -> #REF! | JU56: {=SUMPRODUCT(#REF!,TRANSPOSE(JU$19:JU$22))} -> #REF! | JV56: {=SUMPRODUCT(#REF!,TRANSPOSE(JV$19:JV$22))} -> #REF! | ... KA56: {=SUMPRODUCT(#REF!,TRANSPOSE(KA$19:KA$22))} -> #REF! | KC56: =CEILING(JO56,$JC56) -> #REF! | KD56: =CEILING(SUM($JO56:JP56)-SUM($KC56:KC56),$JC56) -> #REF! | KE56: =CEILING(SUM($JO56:JQ56)-SUM($KC56:KD56),$JC56) -> #REF! | KF56: =CEILING(SUM($JO56:JR56)-SUM($KC56:KE56),$JC56) -> #REF! | KG56: =CEILING(SUM($JO56:JS56)-SUM($KC56:KF56),$JC56) -> #REF! | KH56: =CEILING(SUM($JO56:JT56)-SUM($KC56:KG56),$JC56) -> #REF! | KI56: =CEILING(SUM($JO56:JU56)-SUM($KC56:KH56),$JC56) -> #REF! | KJ56: =CEILING(SUM($JO56:JV56)-SUM($KC56:KI56),$JC56) -> #REF! | KK56: =CEILING(SUM($JO56:JW56)-SUM($KC56:KJ56),$JC56) -> #REF! | ... KM56: =CEILING(SUM($JO56:JY56)-SUM($KC56:KL56),$JC56) -> #REF! | KN56: =JF56-SUM(KC56:KM56) -> #REF! | KO56: =JF56-SUM(KC56:KN56) -> #REF! | KQ56: =KC56*$JB56 -> #REF! | KR56: =KD56*$JB56 -> #REF! | KS56: =KE56*$JB56 -> #REF! | KT56: =KF56*$JB56 -> #REF! | KU56: =KG56*$JB56 -> #REF! | KV56: =KH56*$JB56 -> #REF! | KW56: =KI56*$JB56 -> #REF! | KX56: =KJ56*$JB56 -> #REF! | ... LC56: =KO56*$JB56 -> #REF! | LD56: =SUM(KQ56:LC56) -> #REF! | LR56: =KO56 -> #REF! | LT56: =LF56*$JB56 -> #NAME? | LU56: =LG56*$JB56 -> #NAME? | LV56: =LH56*$JB56 -> #NAME? | LW56: =LI56*$JB56 -> #NAME? | LX56: =LJ56*$JB56 -> #NAME? | LY56: =LK56*$JB56 -> #NAME? | LZ56: =LL56*$JB56 -> #NAME? | MA56: =LM56*$JB56 -> #NAME? | ... MF56: =LR56*$JB56 -> #REF! | MG56: =SUM(LT56:MF56) -> #NAME? | MH56: LT01-026
A57: 35 | B57: LT01-027 | C57: 1094N759-001 | D57: A | E57: 408557951 | F57: LABLE MODULE DTRM | H57: EA | I57: 1 | J57: 2 | K57: 0 | L57: 0 | M57: 0 | N57: 0 | O57: 0 | P57: 0 | Q57: 1 | R57: 0 | S57: 0 | T57: 0 | U57: 0 | V57: 0 | W57: 0 | X57: 0 | Y57: 0 | Z57: 1 | AA57: 0 | AB57: 0 | AC57: 0 | AD57: 0 | AE57: 0 | AF57: 0 | AG57: 0 | AH57: =SUM(K57:AB57) -> 2 | AI57: =SUMPRODUCT(K57:AG57,$K$24:$AG$24) -> 35811 | AJ57: 1 | AL57: PHOTO METAL | AM57: Ackerman | AP57: 0.6 | AQ57: USD | AR57: Ori Ackerman | AS57: ori@ackerman-printing.com | AU57: 972.4.8222088 ext.7 | AV57: =MI57 -> P0044 | AW57: =JB57 -> #NAME? | AX57: TBC | AY57: =JF57 -> #REF! | DD57: =SUM($AZ57,$BA57:BF57)-SUM($EU57:FA57) -> -280 | DE57: =SUM($AZ57,$BA57:BG57)-SUM($EU57:FB57) -> -1480 | DF57: =SUM($AZ57,$BA57:BH57)-SUM($EU57:FC57) -> -2811 | DG57: =SUM($AZ57,$BA57:BI57)-SUM($EU57:FD57) -> -3811 | DH57: =SUM($AZ57,$BA57:BJ57)-SUM($EU57:FE57) -> -4811 | DI57: =SUM($AZ57,$BA57:BK57)-SUM($EU57:FF57) -> -5811 | DJ57: =SUM($AZ57,$BA57:BL57)-SUM($EU57:FG57) -> -6811 | DK57: =SUM($AZ57,$BA57:BM57)-SUM($EU57:FH57) -> -7811 | ... EQ57: =SUM($AZ57,$BA57:CS57)-SUM($EU57:GN57) -> -35811 | FA57: {=SUMPRODUCT($K57:$AG57,TRANSPOSE(FA$5:FA$27))} -> 280 | FB57: {=SUMPRODUCT($K57:$AG57,TRANSPOSE(FB$5:FB$27))} -> 1200 | FC57: {=SUMPRODUCT($K57:$AG57,TRANSPOSE(FC$5:FC$27))} -> 1331 | FD57: {=SUMPRODUCT($K57:$AG57,TRANSPOSE(FD$5:FD$27))} -> 1000 | FE57: {=SUMPRODUCT($K57:$AG57,TRANSPOSE(FE$5:FE$27))} -> 1000 | FF57: {=SUMPRODUCT($K57:$AG57,TRANSPOSE(FF$5:FF$27))} -> 1000 | FG57: {=SUMPRODUCT($K57:$AG57,TRANSPOSE(FG$5:FG$27))} -> 1000 | FH57: {=SUMPRODUCT($K57:$AG57,TRANSPOSE(FH$5:FH$27))} -> 1000 | ... GN57: {=SUMPRODUCT($K57:$AG57,TRANSPOSE(GN$5:GN$27))} -> 0 | IV57: Ackerman | IW57: =C57 -> 1094N759-001 | IX57: =AL57 -> PHOTO METAL | IY57: =AP57 -> 0.6 | IZ57: =AQ57 -> USD | JA57: =_xlfn.XLOOKUP(IZ57,IZ$21:IZ$24,JA$21:JA$24,0) -> #NAME? | JB57: =IY57*JA57 -> #NAME? | JC57: =AJ57 -> 1 | JD57: =AJ57 -> 1 | JF57: =MAX(JD57,CEILING(#REF!+JE57,JC57)) -> #REF! | JG57: =JF57*JB57 -> #REF! | JH57: =JF57-#REF! -> #REF! | JI57: =JH57*JB57 -> #REF! | JL57: Ordered | JN57: RNSE | JO57: {=SUMPRODUCT(#REF!,TRANSPOSE(JO$19:JO$22))} -> #REF! | JP57: {=SUMPRODUCT(#REF!,TRANSPOSE(JP$19:JP$22))} -> #REF! | JQ57: {=SUMPRODUCT(#REF!,TRANSPOSE(JQ$19:JQ$22))} -> #REF! | JR57: {=SUMPRODUCT(#REF!,TRANSPOSE(JR$19:JR$22))} -> #REF! | JS57: {=SUMPRODUCT(#REF!,TRANSPOSE(JS$19:JS$22))} -> #REF! | JT57: {=SUMPRODUCT(#REF!,TRANSPOSE(JT$19:JT$22))} -> #REF! | JU57: {=SUMPRODUCT(#REF!,TRANSPOSE(JU$19:JU$22))} -> #REF! | JV57: {=SUMPRODUCT(#REF!,TRANSPOSE(JV$19:JV$22))} -> #REF! | ... KA57: {=SUMPRODUCT(#REF!,TRANSPOSE(KA$19:KA$22))} -> #REF! | KC57: =CEILING(JO57,$JC57) -> #REF! | KD57: =CEILING(SUM($JO57:JP57)-SUM($KC57:KC57),$JC57) -> #REF! | KE57: =CEILING(SUM($JO57:JQ57)-SUM($KC57:KD57),$JC57) -> #REF! | KF57: =CEILING(SUM($JO57:JR57)-SUM($KC57:KE57),$JC57) -> #REF! | KG57: =CEILING(SUM($JO57:JS57)-SUM($KC57:KF57),$JC57) -> #REF! | KH57: =CEILING(SUM($JO57:JT57)-SUM($KC57:KG57),$JC57) -> #REF! | KI57: =CEILING(SUM($JO57:JU57)-SUM($KC57:KH57),$JC57) -> #REF! | KJ57: =CEILING(SUM($JO57:JV57)-SUM($KC57:KI57),$JC57) -> #REF! | KK57: =CEILING(SUM($JO57:JW57)-SUM($KC57:KJ57),$JC57) -> #REF! | ... KM57: =CEILING(SUM($JO57:JY57)-SUM($KC57:KL57),$JC57) -> #REF! | KN57: =JF57-SUM(KC57:KM57) -> #REF! | KO57: =JF57-SUM(KC57:KN57) -> #REF! | KQ57: =KC57*$JB57 -> #REF! | KR57: =KD57*$JB57 -> #REF! | KS57: =KE57*$JB57 -> #REF! | KT57: =KF57*$JB57 -> #REF! | KU57: =KG57*$JB57 -> #REF! | KV57: =KH57*$JB57 -> #REF! | KW57: =KI57*$JB57 -> #REF! | KX57: =KJ57*$JB57 -> #REF! | ... LC57: =KO57*$JB57 -> #REF! | LD57: =SUM(KQ57:LC57) -> #REF! | LE57: 4 | LF57: =SUM(KC57:KE57) -> #REF! | LI57: =SUM(KF57:KH57) -> #REF! | LL57: =SUM(KI57:KK57) -> #REF! | LO57: =SUM(KL57:KO57) -> #REF! | LR57: =KO57 -> #REF! | LT57: =LF57*$JB57 -> #REF! | LU57: =LG57*$JB57 -> #NAME? | LV57: =LH57*$JB57 -> #NAME? | LW57: =LI57*$JB57 -> #REF! | LX57: =LJ57*$JB57 -> #NAME? | LY57: =LK57*$JB57 -> #NAME? | LZ57: =LL57*$JB57 -> #REF! | MA57: =LM57*$JB57 -> #NAME? | ... MF57: =LR57*$JB57 -> #REF! | MG57: =SUM(LT57:MF57) -> #REF! | MH57: LT01-027 | MI57: P0044 | MJ57: 45544 | MK57: No | MM57: Clarification | MN57: ELTA to confirm Part Revision to Ackerman | MO57: Israel
A58: 36 | B58: LT01-028 | C58: 1094N761-002 | D58: - | E58: 411160563 | F58: BOX MACHINING | H58: EA | I58: 1 | J58: 3 | K58: 0 | L58: 0 | M58: 1 | N58: 0 | O58: 0 | P58: 0 | Q58: 0 | R58: 1 | S58: 0 | T58: 0 | U58: 0 | V58: 0 | W58: 0 | X58: 0 | Y58: 0 | Z58: 0 | AA58: 1 | AB58: 0 | AC58: 0 | AD58: 0 | AE58: 0 | AF58: 0 | AG58: 0 | AH58: =SUM(K58:AB58) -> 3 | AI58: =SUMPRODUCT(K58:AG58,$K$24:$AG$24) -> 70589 | AJ58: 1 | AL58: WAVE MECHANICS | AM58: WAVE | AP58: 46 | AQ58: USD | AR58: Sujith John | AS58: sujith.ninan@wm.kahm.co | AU58: 91.973119 | AV58: =MI58 -> P0013 | AW58: =JB58 -> #NAME? | AY58: =JF58 -> #REF! | BG58: 6065 | BJ58: 6065 | BM58: 6065 | BO58: 6065 | BQ58: 6065 | BT58: 6065 | BW58: 6065 | BZ58: 6065 | CC58: 6065 | CF58: 6050 | CI58: 6000 | CL58: 4046 | DD58: =SUM($AZ58,$BA58:BF58)-SUM($EU58:FA58) -> -460 | DE58: =SUM($AZ58,$BA58:BG58)-SUM($EU58:FB58) -> 3807 | DF58: =SUM($AZ58,$BA58:BH58)-SUM($EU58:FC58) -> 1476 | DG58: =SUM($AZ58,$BA58:BI58)-SUM($EU58:FD58) -> -524 | DH58: =SUM($AZ58,$BA58:BJ58)-SUM($EU58:FE58) -> 3541 | DI58: =SUM($AZ58,$BA58:BK58)-SUM($EU58:FF58) -> 1541 | DJ58: =SUM($AZ58,$BA58:BL58)-SUM($EU58:FG58) -> -459 | DK58: =SUM($AZ58,$BA58:BM58)-SUM($EU58:FH58) -> 3606 | ... EQ58: =SUM($AZ58,$BA58:CS58)-SUM($EU58:GN58) -> 92 | FA58: {=SUMPRODUCT($K58:$AG58,TRANSPOSE(FA$5:FA$27))} -> 460 | FB58: {=SUMPRODUCT($K58:$AG58,TRANSPOSE(FB$5:FB$27))} -> 1798 | FC58: {=SUMPRODUCT($K58:$AG58,TRANSPOSE(FC$5:FC$27))} -> 2331 | FD58: {=SUMPRODUCT($K58:$AG58,TRANSPOSE(FD$5:FD$27))} -> 2000 | FE58: {=SUMPRODUCT($K58:$AG58,TRANSPOSE(FE$5:FE$27))} -> 2000 | FF58: {=SUMPRODUCT($K58:$AG58,TRANSPOSE(FF$5:FF$27))} -> 2000 | FG58: {=SUMPRODUCT($K58:$AG58,TRANSPOSE(FG$5:FG$27))} -> 2000 | FH58: {=SUMPRODUCT($K58:$AG58,TRANSPOSE(FH$5:FH$27))} -> 2000 | ... GN58: {=SUMPRODUCT($K58:$AG58,TRANSPOSE(GN$5:GN$27))} -> 0 | IV58: =AM58 -> WAVE | IW58: =C58 -> 1094N761-002 | IX58: =AL58 -> WAVE MECHANICS | IY58: =AP58 -> 46 | IZ58: =AQ58 -> USD | JA58: =_xlfn.XLOOKUP(IZ58,IZ$21:IZ$24,JA$21:JA$24,0) -> #NAME? | JB58: =IY58*JA58 -> #NAME? | JC58: =AJ58 -> 1 | JD58: =AJ58 -> 1 | JF58: =MAX(JD58,CEILING(#REF!+JE58,JC58)) -> #REF! | JG58: =JF58*JB58 -> #REF! | JH58: =JF58-#REF! -> #REF! | JI58: =JH58*JB58 -> #REF! | JJ58: 45523 | JK58: Sagi | JL58: Ordered | JM58: Y | JN58: RNSE | JO58: {=SUMPRODUCT(#REF!,TRANSPOSE(JO$19:JO$22))} -> #REF! | JP58: {=SUMPRODUCT(#REF!,TRANSPOSE(JP$19:JP$22))} -> #REF! | JQ58: {=SUMPRODUCT(#REF!,TRANSPOSE(JQ$19:JQ$22))} -> #REF! | JR58: {=SUMPRODUCT(#REF!,TRANSPOSE(JR$19:JR$22))} -> #REF! | JS58: {=SUMPRODUCT(#REF!,TRANSPOSE(JS$19:JS$22))} -> #REF! | JT58: {=SUMPRODUCT(#REF!,TRANSPOSE(JT$19:JT$22))} -> #REF! | JU58: {=SUMPRODUCT(#REF!,TRANSPOSE(JU$19:JU$22))} -> #REF! | JV58: {=SUMPRODUCT(#REF!,TRANSPOSE(JV$19:JV$22))} -> #REF! | ... KA58: {=SUMPRODUCT(#REF!,TRANSPOSE(KA$19:KA$22))} -> #REF! | KC58: =CEILING(JO58,$JC58) -> #REF! | KD58: =CEILING(SUM($JO58:JP58)-SUM($KC58:KC58),$JC58) -> #REF! | KE58: =CEILING(SUM($JO58:JQ58)-SUM($KC58:KD58),$JC58) -> #REF! | KF58: =CEILING(SUM($JO58:JR58)-SUM($KC58:KE58),$JC58) -> #REF! | KG58: =CEILING(SUM($JO58:JS58)-SUM($KC58:KF58),$JC58) -> #REF! | KH58: =CEILING(SUM($JO58:JT58)-SUM($KC58:KG58),$JC58) -> #REF! | KI58: =CEILING(SUM($JO58:JU58)-SUM($KC58:KH58),$JC58) -> #REF! | KJ58: =CEILING(SUM($JO58:JV58)-SUM($KC58:KI58),$JC58) -> #REF! | KK58: =CEILING(SUM($JO58:JW58)-SUM($KC58:KJ58),$JC58) -> #REF! | ... KM58: =CEILING(SUM($JO58:JY58)-SUM($KC58:KL58),$JC58) -> #REF! | KN58: =JF58-SUM(KC58:KM58) -> #REF! | KO58: =JF58-SUM(KC58:KN58) -> #REF! | KQ58: =KC58*$JB58 -> #REF! | KR58: =KD58*$JB58 -> #REF! | KS58: =KE58*$JB58 -> #REF! | KT58: =KF58*$JB58 -> #REF! | KU58: =KG58*$JB58 -> #REF! | KV58: =KH58*$JB58 -> #REF! | KW58: =KI58*$JB58 -> #REF! | KX58: =KJ58*$JB58 -> #REF! | ... LC58: =KO58*$JB58 -> #REF! | LD58: =SUM(KQ58:LC58) -> #REF! | LE58: 12 | LF58: =KC58 -> #REF! | LG58: =KD58 -> #REF! | LH58: =KE58 -> #REF! | LI58: =KF58 -> #REF! | LJ58: =KG58 -> #REF! | LK58: =KH58 -> #REF! | LL58: =KI58 -> #REF! | LM58: =KJ58 -> #REF! | ... LR58: =KO58 -> #REF! | LT58: =LF58*$JB58 -> #REF! | LU58: =LG58*$JB58 -> #REF! | LV58: =LH58*$JB58 -> #REF! | LW58: =LI58*$JB58 -> #REF! | LX58: =LJ58*$JB58 -> #REF! | LY58: =LK58*$JB58 -> #REF! | LZ58: =LL58*$JB58 -> #REF! | MA58: =LM58*$JB58 -> #REF! | ... MF58: =LR58*$JB58 -> #REF! | MG58: =SUM(LT58:MF58) -> #REF! | MH58: LT01-028 | MI58: P0013 | MJ58: 45525 | MK58: Yes | MM58: Yes
A59: 37 | B59: LT01-029 | C59: 1094N762-001 | D59: A | E59: 421436480 | F59: RF GASKET | H59: EA | I59: 1 | J59: 3 | K59: 0 | L59: 1 | M59: 0 | N59: 0 | O59: 0 | P59: 0 | Q59: 1 | R59: 0 | S59: 0 | T59: 0 | U59: 0 | V59: 0 | W59: 0 | X59: 0 | Y59: 0 | Z59: 1 | AA59: 0 | AB59: 0 | AC59: 0 | AD59: 0 | AE59: 0 | AF59: 0 | AG59: 0 | AH59: =SUM(K59:AB59) -> 3 | AI59: =SUMPRODUCT(K59:AG59,$K$24:$AG$24) -> 70589 | AJ59: 1 | AL59: PRONAT INDUSTRIES LTD | AM59: Gumiyan | AP59: 12.3 | AQ59: USD | AR59: Avi Moshe | AS59: avi@gumiyn.co.il | AU59: 972-8-9224911 | AV59: =MI59 -> P0021 | AW59: =JB59 -> #NAME? | AX59: Lead time will be determined with customer | AY59: =JF59 -> #REF! | BD59: 6065 | BH59: 6065 | BK59: 6065 | BN59: 6065 | BQ59: 6065 | BT59: 6065 | BW59: 6065 | BZ59: 6065 | CC59: 6065 | CF59: 6050 | CI59: 6000 | CL59: 3996 | DD59: =SUM($AZ59,$BA59:BF59)-SUM($EU59:FA59) -> 5605 | DE59: =SUM($AZ59,$BA59:BG59)-SUM($EU59:FB59) -> 3807 | DF59: =SUM($AZ59,$BA59:BH59)-SUM($EU59:FC59) -> 7541 | DG59: =SUM($AZ59,$BA59:BI59)-SUM($EU59:FD59) -> 5541 | DH59: =SUM($AZ59,$BA59:BJ59)-SUM($EU59:FE59) -> 3541 | DI59: =SUM($AZ59,$BA59:BK59)-SUM($EU59:FF59) -> 7606 | DJ59: =SUM($AZ59,$BA59:BL59)-SUM($EU59:FG59) -> 5606 | DK59: =SUM($AZ59,$BA59:BM59)-SUM($EU59:FH59) -> 3606 | ... EQ59: =SUM($AZ59,$BA59:CS59)-SUM($EU59:GN59) -> 42 | FA59: {=SUMPRODUCT($K59:$AG59,TRANSPOSE(FA$5:FA$27))} -> 460 | FB59: {=SUMPRODUCT($K59:$AG59,TRANSPOSE(FB$5:FB$27))} -> 1798 | FC59: {=SUMPRODUCT($K59:$AG59,TRANSPOSE(FC$5:FC$27))} -> 2331 | FD59: {=SUMPRODUCT($K59:$AG59,TRANSPOSE(FD$5:FD$27))} -> 2000 | FE59: {=SUMPRODUCT($K59:$AG59,TRANSPOSE(FE$5:FE$27))} -> 2000 | FF59: {=SUMPRODUCT($K59:$AG59,TRANSPOSE(FF$5:FF$27))} -> 2000 | FG59: {=SUMPRODUCT($K59:$AG59,TRANSPOSE(FG$5:FG$27))} -> 2000 | FH59: {=SUMPRODUCT($K59:$AG59,TRANSPOSE(FH$5:FH$27))} -> 2000 | ... GN59: {=SUMPRODUCT($K59:$AG59,TRANSPOSE(GN$5:GN$27))} -> 0 | IV59: =AM59 -> Gumiyan | IW59: =C59 -> 1094N762-001 | IX59: GUMIYAN MOTZARAY GUMI LTD | IY59: =AP59 -> 12.3 | IZ59: =AQ59 -> USD | JA59: =_xlfn.XLOOKUP(IZ59,IZ$21:IZ$24,JA$21:JA$24,0) -> #NAME? | JB59: =IY59*JA59 -> #NAME? | JC59: =AJ59 -> 1 | JD59: =AJ59 -> 1 | JE59: 10 | JF59: =MAX(JD59,CEILING(#REF!+JE59,JC59)) -> #REF! | JG59: =JF59*JB59 -> #REF! | JH59: =JF59-#REF! -> #REF! | JI59: =JH59*JB59 -> #REF! | JJ59: 45523 | JK59: Sagi | JL59: Ordered | JM59: Y | JN59: RNSE | JO59: {=SUMPRODUCT(#REF!,TRANSPOSE(JO$19:JO$22))} -> #REF! | JP59: {=SUMPRODUCT(#REF!,TRANSPOSE(JP$19:JP$22))} -> #REF! | JQ59: {=SUMPRODUCT(#REF!,TRANSPOSE(JQ$19:JQ$22))} -> #REF! | JR59: {=SUMPRODUCT(#REF!,TRANSPOSE(JR$19:JR$22))} -> #REF! | JS59: {=SUMPRODUCT(#REF!,TRANSPOSE(JS$19:JS$22))} -> #REF! | JT59: {=SUMPRODUCT(#REF!,TRANSPOSE(JT$19:JT$22))} -> #REF! | JU59: {=SUMPRODUCT(#REF!,TRANSPOSE(JU$19:JU$22))} -> #REF! | JV59: {=SUMPRODUCT(#REF!,TRANSPOSE(JV$19:JV$22))} -> #REF! | ... KA59: {=SUMPRODUCT(#REF!,TRANSPOSE(KA$19:KA$22))} -> #REF! | KC59: =CEILING(JO59,$JC59) -> #REF! | KD59: =CEILING(SUM($JO59:JP59)-SUM($KC59:KC59),$JC59) -> #REF! | KE59: =CEILING(SUM($JO59:JQ59)-SUM($KC59:KD59),$JC59) -> #REF! | KF59: =CEILING(SUM($JO59:JR59)-SUM($KC59:KE59),$JC59) -> #REF! | KG59: =CEILING(SUM($JO59:JS59)-SUM($KC59:KF59),$JC59) -> #REF! | KH59: =CEILING(SUM($JO59:JT59)-SUM($KC59:KG59),$JC59) -> #REF! | KI59: =CEILING(SUM($JO59:JU59)-SUM($KC59:KH59),$JC59) -> #REF! | KJ59: =CEILING(SUM($JO59:JV59)-SUM($KC59:KI59),$JC59) -> #REF! | KK59: =CEILING(SUM($JO59:JW59)-SUM($KC59:KJ59),$JC59) -> #REF! | ... KM59: =CEILING(SUM($JO59:JY59)-SUM($KC59:KL59),$JC59) -> #REF! | KN59: =JF59-SUM(KC59:KM59) -> #REF! | KO59: =JF59-SUM(KC59:KN59) -> #REF! | KQ59: =KC59*$JB59 -> #REF! | KR59: =KD59*$JB59 -> #REF! | KS59: =KE59*$JB59 -> #REF! | KT59: =KF59*$JB59 -> #REF! | KU59: =KG59*$JB59 -> #REF! | KV59: =KH59*$JB59 -> #REF! | KW59: =KI59*$JB59 -> #REF! | KX59: =KJ59*$JB59 -> #REF! | ... LC59: =KO59*$JB59 -> #REF! | LD59: =SUM(KQ59:LC59) -> #REF! | LE59: 12 | LF59: =KC59 -> #REF! | LG59: =KD59 -> #REF! | LH59: =KE59 -> #REF! | LI59: =KF59 -> #REF! | LJ59: =KG59 -> #REF! | LK59: =KH59 -> #REF! | LL59: =KI59 -> #REF! | LM59: =KJ59 -> #REF! | ... LR59: =KO59 -> #REF! | LT59: =LF59*$JB59 -> #REF! | LU59: =LG59*$JB59 -> #REF! | LV59: =LH59*$JB59 -> #REF! | LW59: =LI59*$JB59 -> #REF! | LX59: =LJ59*$JB59 -> #REF! | LY59: =LK59*$JB59 -> #REF! | LZ59: =LL59*$JB59 -> #REF! | MA59: =LM59*$JB59 -> #REF! | ... MF59: =LR59*$JB59 -> #REF! | MG59: =SUM(LT59:MF59) -> #REF! | MH59: LT01-029 | MI59: P0021 | MJ59: 45526 | MK59: Yes | MM59: Yes | MO59: Israel
A60: 38 | B60: LT01-030 | C60: 1094N764-001 | D60: -2 | E60: 400951273 | F60: S/R W1 | H60: EA | I60: 1 | J60: 3 | K60: 0 | L60: 1 | M60: 0 | N60: 0 | O60: 0 | P60: 0 | Q60: 1 | R60: 0 | S60: 0 | T60: 0 | U60: 0 | V60: 0 | W60: 0 | X60: 0 | Y60: 0 | Z60: 1 | AA60: 0 | AB60: 0 | AC60: 0 | AD60: 0 | AE60: 0 | AF60: 0 | AG60: 0 | AH60: =SUM(K60:AB60) -> 3 | AI60: =SUMPRODUCT(K60:AG60,$K$24:$AG$24) -> 70589 | AJ60: 1 | AL60: ROSENBERGER | AM60: MTI | AP60: 5.69 | AQ60: EUR | AR60: niv calaf | AS60: nivk@mtisummit.co.il | AU60: 054-4902518 | AV60: =MI60 -> P0007 | AW60: =JB60 -> #NAME? | AX60: 6 | AY60: =JF60 -> #REF! | BD60: 1400 | BH60: 6065 | BK60: 6065 | BN60: 6065 | BQ60: 6065 | BR60: 40325 | DD60: =SUM($AZ60,$BA60:BF60)-SUM($EU60:FA60) -> 940 | DE60: =SUM($AZ60,$BA60:BG60)-SUM($EU60:FB60) -> -858 | DF60: =SUM($AZ60,$BA60:BH60)-SUM($EU60:FC60) -> 2876 | DG60: =SUM($AZ60,$BA60:BI60)-SUM($EU60:FD60) -> 876 | DH60: =SUM($AZ60,$BA60:BJ60)-SUM($EU60:FE60) -> -1124 | DI60: =SUM($AZ60,$BA60:BK60)-SUM($EU60:FF60) -> 2941 | DJ60: =SUM($AZ60,$BA60:BL60)-SUM($EU60:FG60) -> 941 | DK60: =SUM($AZ60,$BA60:BM60)-SUM($EU60:FH60) -> -1059 | ... EQ60: =SUM($AZ60,$BA60:CS60)-SUM($EU60:GN60) -> -4604 | FA60: {=SUMPRODUCT($K60:$AG60,TRANSPOSE(FA$5:FA$27))} -> 460 | FB60: {=SUMPRODUCT($K60:$AG60,TRANSPOSE(FB$5:FB$27))} -> 1798 | FC60: {=SUMPRODUCT($K60:$AG60,TRANSPOSE(FC$5:FC$27))} -> 2331 | FD60: {=SUMPRODUCT($K60:$AG60,TRANSPOSE(FD$5:FD$27))} -> 2000 | FE60: {=SUMPRODUCT($K60:$AG60,TRANSPOSE(FE$5:FE$27))} -> 2000 | FF60: {=SUMPRODUCT($K60:$AG60,TRANSPOSE(FF$5:FF$27))} -> 2000 | FG60: {=SUMPRODUCT($K60:$AG60,TRANSPOSE(FG$5:FG$27))} -> 2000 | FH60: {=SUMPRODUCT($K60:$AG60,TRANSPOSE(FH$5:FH$27))} -> 2000 | ... GN60: {=SUMPRODUCT($K60:$AG60,TRANSPOSE(GN$5:GN$27))} -> 0 | IV60: =AM60 -> MTI | IW60: =C60 -> 1094N764-001 | IX60: =AL60 -> ROSENBERGER | IY60: =AP60 -> 5.69 | IZ60: =AQ60 -> EUR | JA60: =_xlfn.XLOOKUP(IZ60,IZ$21:IZ$24,JA$21:JA$24,0) -> #NAME? | JB60: =IY60*JA60 -> #NAME? | JC60: =AJ60 -> 1 | JD60: =AJ60 -> 1 | JE60: 10 | JF60: =MAX(JD60,CEILING(#REF!+JE60,JC60)) -> #REF! | JG60: =JF60*JB60 -> #REF! | JH60: =JF60-#REF! -> #REF! | JI60: =JH60*JB60 -> #REF! | JJ60: 45523 | JK60: Sagi | JL60: Ordered | JM60: Y | JN60: RNSE | JO60: {=SUMPRODUCT(#REF!,TRANSPOSE(JO$19:JO$22))} -> #REF! | JP60: {=SUMPRODUCT(#REF!,TRANSPOSE(JP$19:JP$22))} -> #REF! | JQ60: {=SUMPRODUCT(#REF!,TRANSPOSE(JQ$19:JQ$22))} -> #REF! | JR60: {=SUMPRODUCT(#REF!,TRANSPOSE(JR$19:JR$22))} -> #REF! | JS60: {=SUMPRODUCT(#REF!,TRANSPOSE(JS$19:JS$22))} -> #REF! | JT60: {=SUMPRODUCT(#REF!,TRANSPOSE(JT$19:JT$22))} -> #REF! | JU60: {=SUMPRODUCT(#REF!,TRANSPOSE(JU$19:JU$22))} -> #REF! | JV60: {=SUMPRODUCT(#REF!,TRANSPOSE(JV$19:JV$22))} -> #REF! | ... KA60: {=SUMPRODUCT(#REF!,TRANSPOSE(KA$19:KA$22))} -> #REF! | KC60: =CEILING(JO60,$JC60) -> #REF! | KD60: =CEILING(SUM($JO60:JP60)-SUM($KC60:KC60),$JC60) -> #REF! | KE60: =CEILING(SUM($JO60:JQ60)-SUM($KC60:KD60),$JC60) -> #REF! | KF60: =CEILING(SUM($JO60:JR60)-SUM($KC60:KE60),$JC60) -> #REF! | KG60: =CEILING(SUM($JO60:JS60)-SUM($KC60:KF60),$JC60) -> #REF! | KH60: =CEILING(SUM($JO60:JT60)-SUM($KC60:KG60),$JC60) -> #REF! | KI60: =CEILING(SUM($JO60:JU60)-SUM($KC60:KH60),$JC60) -> #REF! | KJ60: =CEILING(SUM($JO60:JV60)-SUM($KC60:KI60),$JC60) -> #REF! | KK60: =CEILING(SUM($JO60:JW60)-SUM($KC60:KJ60),$JC60) -> #REF! | ... KM60: =CEILING(SUM($JO60:JY60)-SUM($KC60:KL60),$JC60) -> #REF! | KN60: =JF60-SUM(KC60:KM60) -> #REF! | KO60: =JF60-SUM(KC60:KN60) -> #REF! | KQ60: =KC60*$JB60 -> #REF! | KR60: =KD60*$JB60 -> #REF! | KS60: =KE60*$JB60 -> #REF! | KT60: =KF60*$JB60 -> #REF! | KU60: =KG60*$JB60 -> #REF! | KV60: =KH60*$JB60 -> #REF! | KW60: =KI60*$JB60 -> #REF! | KX60: =KJ60*$JB60 -> #REF! | ... LC60: =KO60*$JB60 -> #REF! | LD60: =SUM(KQ60:LC60) -> #REF! | LE60: 6 | LF60: =SUM(KC60:KD60) -> #REF! | LH60: =SUM(KE60:KF60) -> #REF! | LJ60: =SUM(KG60:KH60) -> #REF! | LL60: =SUM(KI60:KJ60) -> #REF! | LN60: =SUM(KK60:KL60) -> #REF! | LP60: =SUM(KM60:KO60) -> #REF! | LR60: =KO60 -> #REF! | LT60: =LF60*$JB60 -> #REF! | LU60: =LG60*$JB60 -> #NAME? | LV60: =LH60*$JB60 -> #REF! | LW60: =LI60*$JB60 -> #NAME? | LX60: =LJ60*$JB60 -> #REF! | LY60: =LK60*$JB60 -> #NAME? | LZ60: =LL60*$JB60 -> #REF! | MA60: =LM60*$JB60 -> #NAME? | ... MF60: =LR60*$JB60 -> #REF! | MG60: =SUM(LT60:MF60) -> #REF! | MH60: LT01-030 | MI60: P0007 | MJ60: 45518 | MK60: Yes | MM60: Yes | MO60: Germany
A61: 39 | B61: LT01-031 | C61: 1094N765-001 | D61: A01 | E61: 400951274 | F61: S/R W2 | H61: EA | I61: 1 | J61: 3 | K61: 0 | L61: 1 | M61: 0 | N61: 0 | O61: 0 | P61: 0 | Q61: 1 | R61: 0 | S61: 0 | T61: 0 | U61: 0 | V61: 0 | W61: 0 | X61: 0 | Y61: 0 | Z61: 1 | AA61: 0 | AB61: 0 | AC61: 0 | AD61: 0 | AE61: 0 | AF61: 0 | AG61: 0 | AH61: =SUM(K61:AB61) -> 3 | AI61: =SUMPRODUCT(K61:AG61,$K$24:$AG$24) -> 70589 | AJ61: 1 | AL61: ROSENBERGER | AM61: MTI | AP61: 5.69 | AQ61: EUR | AR61: niv calaf | AS61: nivk@mtisummit.co.il | AU61: 054-4902518 | AV61: =MI61 -> P0007 | AW61: =JB61 -> #NAME? | AX61: 6 | AY61: =JF61 -> #REF! | BD61: 1400 | BF61: 4665 | BH61: 6065 | BK61: 6065 | BN61: 6065 | BQ61: 6065 | BR61: 40325 | DD61: =SUM($AZ61,$BA61:BF61)-SUM($EU61:FA61) -> 5605 | DE61: =SUM($AZ61,$BA61:BG61)-SUM($EU61:FB61) -> 3807 | DF61: =SUM($AZ61,$BA61:BH61)-SUM($EU61:FC61) -> 7541 | DG61: =SUM($AZ61,$BA61:BI61)-SUM($EU61:FD61) -> 5541 | DH61: =SUM($AZ61,$BA61:BJ61)-SUM($EU61:FE61) -> 3541 | DI61: =SUM($AZ61,$BA61:BK61)-SUM($EU61:FF61) -> 7606 | DJ61: =SUM($AZ61,$BA61:BL61)-SUM($EU61:FG61) -> 5606 | DK61: =SUM($AZ61,$BA61:BM61)-SUM($EU61:FH61) -> 3606 | ... EQ61: =SUM($AZ61,$BA61:CS61)-SUM($EU61:GN61) -> 61 | FA61: {=SUMPRODUCT($K61:$AG61,TRANSPOSE(FA$5:FA$27))} -> 460 | FB61: {=SUMPRODUCT($K61:$AG61,TRANSPOSE(FB$5:FB$27))} -> 1798 | FC61: {=SUMPRODUCT($K61:$AG61,TRANSPOSE(FC$5:FC$27))} -> 2331 | FD61: {=SUMPRODUCT($K61:$AG61,TRANSPOSE(FD$5:FD$27))} -> 2000 | FE61: {=SUMPRODUCT($K61:$AG61,TRANSPOSE(FE$5:FE$27))} -> 2000 | FF61: {=SUMPRODUCT($K61:$AG61,TRANSPOSE(FF$5:FF$27))} -> 2000 | FG61: {=SUMPRODUCT($K61:$AG61,TRANSPOSE(FG$5:FG$27))} -> 2000 | FH61: {=SUMPRODUCT($K61:$AG61,TRANSPOSE(FH$5:FH$27))} -> 2000 | ... GN61: {=SUMPRODUCT($K61:$AG61,TRANSPOSE(GN$5:GN$27))} -> 0 | IV61: =AM61 -> MTI | IW61: =C61 -> 1094N765-001 | IX61: =AL61 -> ROSENBERGER | IY61: =AP61 -> 5.69 | IZ61: =AQ61 -> EUR | JA61: =_xlfn.XLOOKUP(IZ61,IZ$21:IZ$24,JA$21:JA$24,0) -> #NAME? | JB61: =IY61*JA61 -> #NAME? | JC61: =AJ61 -> 1 | JD61: =AJ61 -> 1 | JE61: 10 | JF61: =MAX(JD61,CEILING(#REF!+JE61,JC61)) -> #REF! | JG61: =JF61*JB61 -> #REF! | JH61: =JF61-#REF! -> #REF! | JI61: =JH61*JB61 -> #REF! | JJ61: 45523 | JK61: Sagi | JL61: Ordered | JM61: Y | JN61: RNSE | JO61: {=SUMPRODUCT(#REF!,TRANSPOSE(JO$19:JO$22))} -> #REF! | JP61: {=SUMPRODUCT(#REF!,TRANSPOSE(JP$19:JP$22))} -> #REF! | JQ61: {=SUMPRODUCT(#REF!,TRANSPOSE(JQ$19:JQ$22))} -> #REF! | JR61: {=SUMPRODUCT(#REF!,TRANSPOSE(JR$19:JR$22))} -> #REF! | JS61: {=SUMPRODUCT(#REF!,TRANSPOSE(JS$19:JS$22))} -> #REF! | JT61: {=SUMPRODUCT(#REF!,TRANSPOSE(JT$19:JT$22))} -> #REF! | JU61: {=SUMPRODUCT(#REF!,TRANSPOSE(JU$19:JU$22))} -> #REF! | JV61: {=SUMPRODUCT(#REF!,TRANSPOSE(JV$19:JV$22))} -> #REF! | ... KA61: {=SUMPRODUCT(#REF!,TRANSPOSE(KA$19:KA$22))} -> #REF! | KC61: =CEILING(JO61,$JC61) -> #REF! | KD61: =CEILING(SUM($JO61:JP61)-SUM($KC61:KC61),$JC61) -> #REF! | KE61: =CEILING(SUM($JO61:JQ61)-SUM($KC61:KD61),$JC61) -> #REF! | KF61: =CEILING(SUM($JO61:JR61)-SUM($KC61:KE61),$JC61) -> #REF! | KG61: =CEILING(SUM($JO61:JS61)-SUM($KC61:KF61),$JC61) -> #REF! | KH61: =CEILING(SUM($JO61:JT61)-SUM($KC61:KG61),$JC61) -> #REF! | KI61: =CEILING(SUM($JO61:JU61)-SUM($KC61:KH61),$JC61) -> #REF! | KJ61: =CEILING(SUM($JO61:JV61)-SUM($KC61:KI61),$JC61) -> #REF! | KK61: =CEILING(SUM($JO61:JW61)-SUM($KC61:KJ61),$JC61) -> #REF! | ... KM61: =CEILING(SUM($JO61:JY61)-SUM($KC61:KL61),$JC61) -> #REF! | KN61: =JF61-SUM(KC61:KM61) -> #REF! | KO61: =JF61-SUM(KC61:KN61) -> #REF! | KQ61: =KC61*$JB61 -> #REF! | KR61: =KD61*$JB61 -> #REF! | KS61: =KE61*$JB61 -> #REF! | KT61: =KF61*$JB61 -> #REF! | KU61: =KG61*$JB61 -> #REF! | KV61: =KH61*$JB61 -> #REF! | KW61: =KI61*$JB61 -> #REF! | KX61: =KJ61*$JB61 -> #REF! | ... LC61: =KO61*$JB61 -> #REF! | LD61: =SUM(KQ61:LC61) -> #REF! | LE61: 6 | LF61: =SUM(KC61:KD61) -> #REF! | LH61: =SUM(KE61:KF61) -> #REF! | LJ61: =SUM(KG61:KH61) -> #REF! | LL61: =SUM(KI61:KJ61) -> #REF! | LN61: =SUM(KK61:KL61) -> #REF! | LP61: =SUM(KM61:KO61) -> #REF! | LR61: =KO61 -> #REF! | LT61: =LF61*$JB61 -> #REF! | LU61: =LG61*$JB61 -> #NAME? | LV61: =LH61*$JB61 -> #REF! | LW61: =LI61*$JB61 -> #NAME? | LX61: =LJ61*$JB61 -> #REF! | LY61: =LK61*$JB61 -> #NAME? | LZ61: =LL61*$JB61 -> #REF! | MA61: =LM61*$JB61 -> #NAME? | ... MF61: =LR61*$JB61 -> #REF! | MG61: =SUM(LT61:MF61) -> #REF! | MH61: LT01-031 | MI61: P0007 | MJ61: 45518 | MK61: Yes | MM61: Yes | MO61: Germany
A62: 40 | B62: LT01-032 | C62: 1094N766-001 | D62: A | E62: 408526024 | F62: LABLE MODULE DTRM | H62: EA | I62: 1 | J62: 1 | K62: 0 | L62: 0 | M62: 0 | N62: 0 | O62: 0 | P62: 0 | Q62: 1 | R62: 0 | S62: 0 | T62: 0 | U62: 0 | V62: 0 | W62: 0 | X62: 0 | Y62: 0 | Z62: 0 | AA62: 0 | AB62: 0 | AC62: 0 | AD62: 0 | AE62: 0 | AF62: 0 | AG62: 0 | AH62: =SUM(K62:AB62) -> 1 | AI62: =SUMPRODUCT(K62:AG62,$K$24:$AG$24) -> 35180 | AJ62: 1 | AL62: PHOTO METAL | AM62: Ackerman | AP62: 0.6 | AQ62: USD | AR62: Ori Ackerman | AS62: ori@ackerman-printing.com | AU62: 972.4.8222088 ext.7 | AV62: =MI62 -> P0044 | AW62: =JB62 -> #NAME? | AX62: TBC | AY62: =JF62 -> #REF! | DD62: =SUM($AZ62,$BA62:BF62)-SUM($EU62:FA62) -> -180 | DE62: =SUM($AZ62,$BA62:BG62)-SUM($EU62:FB62) -> -1180 | DF62: =SUM($AZ62,$BA62:BH62)-SUM($EU62:FC62) -> -2180 | DG62: =SUM($AZ62,$BA62:BI62)-SUM($EU62:FD62) -> -3180 | DH62: =SUM($AZ62,$BA62:BJ62)-SUM($EU62:FE62) -> -4180 | DI62: =SUM($AZ62,$BA62:BK62)-SUM($EU62:FF62) -> -5180 | DJ62: =SUM($AZ62,$BA62:BL62)-SUM($EU62:FG62) -> -6180 | DK62: =SUM($AZ62,$BA62:BM62)-SUM($EU62:FH62) -> -7180 | ... EQ62: =SUM($AZ62,$BA62:CS62)-SUM($EU62:GN62) -> -35180 | FA62: {=SUMPRODUCT($K62:$AG62,TRANSPOSE(FA$5:FA$27))} -> 180 | FB62: {=SUMPRODUCT($K62:$AG62,TRANSPOSE(FB$5:FB$27))} -> 1000 | FC62: {=SUMPRODUCT($K62:$AG62,TRANSPOSE(FC$5:FC$27))} -> 1000 | FD62: {=SUMPRODUCT($K62:$AG62,TRANSPOSE(FD$5:FD$27))} -> 1000 | FE62: {=SUMPRODUCT($K62:$AG62,TRANSPOSE(FE$5:FE$27))} -> 1000 | FF62: {=SUMPRODUCT($K62:$AG62,TRANSPOSE(FF$5:FF$27))} -> 1000 | FG62: {=SUMPRODUCT($K62:$AG62,TRANSPOSE(FG$5:FG$27))} -> 1000 | FH62: {=SUMPRODUCT($K62:$AG62,TRANSPOSE(FH$5:FH$27))} -> 1000 | ... GN62: {=SUMPRODUCT($K62:$AG62,TRANSPOSE(GN$5:GN$27))} -> 0 | IV62: Ackerman | IW62: =C62 -> 1094N766-001 | IX62: =AL62 -> PHOTO METAL | IY62: =AP62 -> 0.6 | IZ62: =AQ62 -> USD | JA62: =_xlfn.XLOOKUP(IZ62,IZ$21:IZ$24,JA$21:JA$24,0) -> #NAME? | JB62: =IY62*JA62 -> #NAME? | JC62: =AJ62 -> 1 | JD62: =AJ62 -> 1 | JF62: =MAX(JD62,CEILING(#REF!+JE62,JC62)) -> #REF! | JG62: =JF62*JB62 -> #REF! | JH62: =JF62-#REF! -> #REF! | JI62: =JH62*JB62 -> #REF! | JL62: Ordered | JN62: RNSE | JO62: {=SUMPRODUCT(#REF!,TRANSPOSE(JO$19:JO$22))} -> #REF! | JP62: {=SUMPRODUCT(#REF!,TRANSPOSE(JP$19:JP$22))} -> #REF! | JQ62: {=SUMPRODUCT(#REF!,TRANSPOSE(JQ$19:JQ$22))} -> #REF! | JR62: {=SUMPRODUCT(#REF!,TRANSPOSE(JR$19:JR$22))} -> #REF! | JS62: {=SUMPRODUCT(#REF!,TRANSPOSE(JS$19:JS$22))} -> #REF! | JT62: {=SUMPRODUCT(#REF!,TRANSPOSE(JT$19:JT$22))} -> #REF! | JU62: {=SUMPRODUCT(#REF!,TRANSPOSE(JU$19:JU$22))} -> #REF! | JV62: {=SUMPRODUCT(#REF!,TRANSPOSE(JV$19:JV$22))} -> #REF! | ... KA62: {=SUMPRODUCT(#REF!,TRANSPOSE(KA$19:KA$22))} -> #REF! | KC62: =CEILING(JO62,$JC62) -> #REF! | KD62: =CEILING(SUM($JO62:JP62)-SUM($KC62:KC62),$JC62) -> #REF! | KE62: =CEILING(SUM($JO62:JQ62)-SUM($KC62:KD62),$JC62) -> #REF! | KF62: =CEILING(SUM($JO62:JR62)-SUM($KC62:KE62),$JC62) -> #REF! | KG62: =CEILING(SUM($JO62:JS62)-SUM($KC62:KF62),$JC62) -> #REF! | KH62: =CEILING(SUM($JO62:JT62)-SUM($KC62:KG62),$JC62) -> #REF! | KI62: =CEILING(SUM($JO62:JU62)-SUM($KC62:KH62),$JC62) -> #REF! | KJ62: =CEILING(SUM($JO62:JV62)-SUM($KC62:KI62),$JC62) -> #REF! | KK62: =CEILING(SUM($JO62:JW62)-SUM($KC62:KJ62),$JC62) -> #REF! | ... KM62: =CEILING(SUM($JO62:JY62)-SUM($KC62:KL62),$JC62) -> #REF! | KN62: =JF62-SUM(KC62:KM62) -> #REF! | KO62: =JF62-SUM(KC62:KN62) -> #REF! | KQ62: =KC62*$JB62 -> #REF! | KR62: =KD62*$JB62 -> #REF! | KS62: =KE62*$JB62 -> #REF! | KT62: =KF62*$JB62 -> #REF! | KU62: =KG62*$JB62 -> #REF! | KV62: =KH62*$JB62 -> #REF! | KW62: =KI62*$JB62 -> #REF! | KX62: =KJ62*$JB62 -> #REF! | ... LC62: =KO62*$JB62 -> #REF! | LD62: =SUM(KQ62:LC62) -> #REF! | LE62: 4 | LF62: =SUM(KC62:KE62) -> #REF! | LI62: =SUM(KF62:KH62) -> #REF! | LL62: =SUM(KI62:KK62) -> #REF! | LO62: =SUM(KL62:KO62) -> #REF! | LR62: =KO62 -> #REF! | LT62: =LF62*$JB62 -> #REF! | LU62: =LG62*$JB62 -> #NAME? | LV62: =LH62*$JB62 -> #NAME? | LW62: =LI62*$JB62 -> #REF! | LX62: =LJ62*$JB62 -> #NAME? | LY62: =LK62*$JB62 -> #NAME? | LZ62: =LL62*$JB62 -> #REF! | MA62: =LM62*$JB62 -> #NAME? | ... MF62: =LR62*$JB62 -> #REF! | MG62: =SUM(LT62:MF62) -> #REF! | MH62: LT01-032 | MI62: P0044 | MJ62: 45544 | MK62: No | MM62: Clarification | MN62: ELTA to confirm Part Revision to Ackerman | MO62: Israel
A63: 41 | B63: LT01-033 | C63: 1094N769-001 | D63: - | E63: 415607915 | F63: DTRM ABSORBER | H63: EA | I63: 1 | J63: 2 | K63: 0 | L63: 0 | M63: 0 | N63: 0 | O63: 0 | P63: 0 | Q63: 0 | R63: 0 | S63: 0 | T63: 0 | U63: 0 | V63: 0 | W63: 1 | X63: 0 | Y63: 0 | Z63: 0 | AA63: 0 | AB63: 0 | AC63: 0 | AD63: 0 | AE63: 0 | AF63: 1 | AG63: 0 | AH63: =SUM(K63:AB63) -> 1 | AI63: =SUMPRODUCT(K63:AG63,$K$24:$AG$24) -> 35811 | AJ63: 1 | AL63: GUMIYAN MOTZARAY GUMI LTD | AM63: Gumiyan | AP63: 9.98 | AQ63: USD | AR63: Avi Moshe | AS63: avi@gumiyn.co.il | AU63: 972-8-9224911 | AV63: =MI63 -> P0021 | AW63: =JB63 -> #NAME? | AX63: Lead time will be determined with customer | AY63: =JF63 -> #REF! | BD63: 4000 | BE63: 2130 | BH63: 6130 | BN63: 6130 | BT63: 6130 | BZ63: 6115 | CF63: 4798 | DD63: =SUM($AZ63,$BA63:BF63)-SUM($EU63:FA63) -> 5850 | DE63: =SUM($AZ63,$BA63:BG63)-SUM($EU63:FB63) -> 4650 | DF63: =SUM($AZ63,$BA63:BH63)-SUM($EU63:FC63) -> 9449 | DG63: =SUM($AZ63,$BA63:BI63)-SUM($EU63:FD63) -> 8449 | DH63: =SUM($AZ63,$BA63:BJ63)-SUM($EU63:FE63) -> 7449 | DI63: =SUM($AZ63,$BA63:BK63)-SUM($EU63:FF63) -> 6449 | DJ63: =SUM($AZ63,$BA63:BL63)-SUM($EU63:FG63) -> 5449 | DK63: =SUM($AZ63,$BA63:BM63)-SUM($EU63:FH63) -> 4449 | ... EQ63: =SUM($AZ63,$BA63:CS63)-SUM($EU63:GN63) -> -378 | FA63: {=SUMPRODUCT($K63:$AG63,TRANSPOSE(FA$5:FA$27))} -> 280 | FB63: {=SUMPRODUCT($K63:$AG63,TRANSPOSE(FB$5:FB$27))} -> 1200 | FC63: {=SUMPRODUCT($K63:$AG63,TRANSPOSE(FC$5:FC$27))} -> 1331 | FD63: {=SUMPRODUCT($K63:$AG63,TRANSPOSE(FD$5:FD$27))} -> 1000 | FE63: {=SUMPRODUCT($K63:$AG63,TRANSPOSE(FE$5:FE$27))} -> 1000 | FF63: {=SUMPRODUCT($K63:$AG63,TRANSPOSE(FF$5:FF$27))} -> 1000 | FG63: {=SUMPRODUCT($K63:$AG63,TRANSPOSE(FG$5:FG$27))} -> 1000 | FH63: {=SUMPRODUCT($K63:$AG63,TRANSPOSE(FH$5:FH$27))} -> 1000 | ... GN63: {=SUMPRODUCT($K63:$AG63,TRANSPOSE(GN$5:GN$27))} -> 0 | IV63: =AM63 -> Gumiyan | IW63: =C63 -> 1094N769-001 | IX63: =AL63 -> GUMIYAN MOTZARAY GUMI LTD | IY63: =AP63 -> 9.98 | IZ63: =AQ63 -> USD | JA63: =_xlfn.XLOOKUP(IZ63,IZ$21:IZ$24,JA$21:JA$24,0) -> #NAME? | JB63: =IY63*JA63 -> #NAME? | JC63: =AJ63 -> 1 | JD63: =AJ63 -> 1 | JE63: 10 | JF63: =MAX(JD63,CEILING(#REF!+JE63,JC63)) -> #REF! | JG63: =JF63*JB63 -> #REF! | JH63: =JF63-#REF! -> #REF! | JI63: =JH63*JB63 -> #REF! | JJ63: 45523 | JK63: Sagi | JL63: Ordered | JM63: Y | JN63: RNSE | JO63: {=SUMPRODUCT(#REF!,TRANSPOSE(JO$19:JO$22))} -> #REF! | JP63: {=SUMPRODUCT(#REF!,TRANSPOSE(JP$19:JP$22))} -> #REF! | JQ63: {=SUMPRODUCT(#REF!,TRANSPOSE(JQ$19:JQ$22))} -> #REF! | JR63: {=SUMPRODUCT(#REF!,TRANSPOSE(JR$19:JR$22))} -> #REF! | JS63: {=SUMPRODUCT(#REF!,TRANSPOSE(JS$19:JS$22))} -> #REF! | JT63: {=SUMPRODUCT(#REF!,TRANSPOSE(JT$19:JT$22))} -> #REF! | JU63: {=SUMPRODUCT(#REF!,TRANSPOSE(JU$19:JU$22))} -> #REF! | JV63: {=SUMPRODUCT(#REF!,TRANSPOSE(JV$19:JV$22))} -> #REF! | ... KA63: {=SUMPRODUCT(#REF!,TRANSPOSE(KA$19:KA$22))} -> #REF! | KC63: =CEILING(JO63,$JC63) -> #REF! | KD63: =CEILING(SUM($JO63:JP63)-SUM($KC63:KC63),$JC63) -> #REF! | KE63: =CEILING(SUM($JO63:JQ63)-SUM($KC63:KD63),$JC63) -> #REF! | KF63: =CEILING(SUM($JO63:JR63)-SUM($KC63:KE63),$JC63) -> #REF! | KG63: =CEILING(SUM($JO63:JS63)-SUM($KC63:KF63),$JC63) -> #REF! | KH63: =CEILING(SUM($JO63:JT63)-SUM($KC63:KG63),$JC63) -> #REF! | KI63: =CEILING(SUM($JO63:JU63)-SUM($KC63:KH63),$JC63) -> #REF! | KJ63: =CEILING(SUM($JO63:JV63)-SUM($KC63:KI63),$JC63) -> #REF! | KK63: =CEILING(SUM($JO63:JW63)-SUM($KC63:KJ63),$JC63) -> #REF! | ... KM63: =CEILING(SUM($JO63:JY63)-SUM($KC63:KL63),$JC63) -> #REF! | KN63: =JF63-SUM(KC63:KM63) -> #REF! | KO63: =JF63-SUM(KC63:KN63) -> #REF! | KQ63: =KC63*$JB63 -> #REF! | KR63: =KD63*$JB63 -> #REF! | KS63: =KE63*$JB63 -> #REF! | KT63: =KF63*$JB63 -> #REF! | KU63: =KG63*$JB63 -> #REF! | KV63: =KH63*$JB63 -> #REF! | KW63: =KI63*$JB63 -> #REF! | KX63: =KJ63*$JB63 -> #REF! | ... LC63: =KO63*$JB63 -> #REF! | LD63: =SUM(KQ63:LC63) -> #REF! | LE63: 6 | LF63: =SUM(KC63:KD63) -> #REF! | LH63: =SUM(KE63:KF63) -> #REF! | LJ63: =SUM(KG63:KH63) -> #REF! | LL63: =SUM(KI63:KJ63) -> #REF! | LN63: =SUM(KK63:KL63) -> #REF! | LP63: =SUM(KM63:KO63) -> #REF! | LR63: =KO63 -> #REF! | LT63: =LF63*$JB63 -> #REF! | LU63: =LG63*$JB63 -> #NAME? | LV63: =LH63*$JB63 -> #REF! | LW63: =LI63*$JB63 -> #NAME? | LX63: =LJ63*$JB63 -> #REF! | LY63: =LK63*$JB63 -> #NAME? | LZ63: =LL63*$JB63 -> #REF! | MA63: =LM63*$JB63 -> #NAME? | ... MF63: =LR63*$JB63 -> #REF! | MG63: =SUM(LT63:MF63) -> #REF! | MH63: LT01-033 | MI63: P0021 | MJ63: 45526 | MK63: Yes | MM63: Yes | MO63: Israel
A64: 42 | B64: LT01-034 | C64: 1094N771-001 | D64: - | E64: 410773154 | F64: SPACER DIAM 4X2 | H64: EA | I64: 1 | J64: 13 | K64: 0 | L64: 0 | M64: 5 | N64: 0 | O64: 0 | P64: 0 | Q64: 0 | R64: 4 | S64: 0 | T64: 0 | U64: 0 | V64: 0 | W64: 0 | X64: 0 | Y64: 0 | Z64: 0 | AA64: 4 | AB64: 0 | AC64: 0 | AD64: 0 | AE64: 0 | AF64: 0 | AG64: 0 | AH64: =SUM(K64:AB64) -> 13 | AI64: =SUMPRODUCT(K64:AG64,$K$24:$AG$24) -> 317134 | AJ64: 1 | AL64: WAVE MECHANICS | AM64: WAVE | AP64: 0.5 | AQ64: USD | AR64: Sujith John | AS64: sujith.ninan@wm.kahm.co | AU64: 91.973119 | AV64: =MI64 -> P0013 | AW64: =JB64 -> #NAME? | AY64: =JF64 -> #REF! | BG64: 81780 | BO64: 81780 | BW64: 81780 | CF64: 72612 | DD64: =SUM($AZ64,$BA64:BF64)-SUM($EU64:FA64) -> -2020 | DE64: =SUM($AZ64,$BA64:BG64)-SUM($EU64:FB64) -> 71970 | DF64: =SUM($AZ64,$BA64:BH64)-SUM($EU64:FC64) -> 61646 | DG64: =SUM($AZ64,$BA64:BI64)-SUM($EU64:FD64) -> 52646 | DH64: =SUM($AZ64,$BA64:BJ64)-SUM($EU64:FE64) -> 43646 | DI64: =SUM($AZ64,$BA64:BK64)-SUM($EU64:FF64) -> 34646 | DJ64: =SUM($AZ64,$BA64:BL64)-SUM($EU64:FG64) -> 25646 | DK64: =SUM($AZ64,$BA64:BM64)-SUM($EU64:FH64) -> 16646 | ... EQ64: =SUM($AZ64,$BA64:CS64)-SUM($EU64:GN64) -> 818 | FA64: {=SUMPRODUCT($K64:$AG64,TRANSPOSE(FA$5:FA$27))} -> 2020 | FB64: {=SUMPRODUCT($K64:$AG64,TRANSPOSE(FB$5:FB$27))} -> 7790 | FC64: {=SUMPRODUCT($K64:$AG64,TRANSPOSE(FC$5:FC$27))} -> 10324 | FD64: {=SUMPRODUCT($K64:$AG64,TRANSPOSE(FD$5:FD$27))} -> 9000 | FE64: {=SUMPRODUCT($K64:$AG64,TRANSPOSE(FE$5:FE$27))} -> 9000 | FF64: {=SUMPRODUCT($K64:$AG64,TRANSPOSE(FF$5:FF$27))} -> 9000 | FG64: {=SUMPRODUCT($K64:$AG64,TRANSPOSE(FG$5:FG$27))} -> 9000 | FH64: {=SUMPRODUCT($K64:$AG64,TRANSPOSE(FH$5:FH$27))} -> 9000 | ... GN64: {=SUMPRODUCT($K64:$AG64,TRANSPOSE(GN$5:GN$27))} -> 0 | IV64: =AM64 -> WAVE | IW64: =C64 -> 1094N771-001 | IX64: =AL64 -> WAVE MECHANICS | IY64: =AP64 -> 0.5 | IZ64: =AQ64 -> USD | JA64: =_xlfn.XLOOKUP(IZ64,IZ$21:IZ$24,JA$21:JA$24,0) -> #NAME? | JB64: =IY64*JA64 -> #NAME? | JC64: =AJ64 -> 1 | JD64: =AJ64 -> 1 | JF64: =MAX(JD64,CEILING(#REF!+JE64,JC64)) -> #REF! | JG64: =JF64*JB64 -> #REF! | JH64: =JF64-#REF! -> #REF! | JI64: =JH64*JB64 -> #REF! | JJ64: 45523 | JK64: Sagi | JL64: Ordered | JM64: Y | JN64: RNSE | JO64: {=SUMPRODUCT(#REF!,TRANSPOSE(JO$19:JO$22))} -> #REF! | JP64: {=SUMPRODUCT(#REF!,TRANSPOSE(JP$19:JP$22))} -> #REF! | JQ64: {=SUMPRODUCT(#REF!,TRANSPOSE(JQ$19:JQ$22))} -> #REF! | JR64: {=SUMPRODUCT(#REF!,TRANSPOSE(JR$19:JR$22))} -> #REF! | JS64: {=SUMPRODUCT(#REF!,TRANSPOSE(JS$19:JS$22))} -> #REF! | JT64: {=SUMPRODUCT(#REF!,TRANSPOSE(JT$19:JT$22))} -> #REF! | JU64: {=SUMPRODUCT(#REF!,TRANSPOSE(JU$19:JU$22))} -> #REF! | JV64: {=SUMPRODUCT(#REF!,TRANSPOSE(JV$19:JV$22))} -> #REF! | ... KA64: {=SUMPRODUCT(#REF!,TRANSPOSE(KA$19:KA$22))} -> #REF! | KC64: =CEILING(JO64,$JC64) -> #REF! | KD64: =CEILING(SUM($JO64:JP64)-SUM($KC64:KC64),$JC64) -> #REF! | KE64: =CEILING(SUM($JO64:JQ64)-SUM($KC64:KD64),$JC64) -> #REF! | KF64: =CEILING(SUM($JO64:JR64)-SUM($KC64:KE64),$JC64) -> #REF! | KG64: =CEILING(SUM($JO64:JS64)-SUM($KC64:KF64),$JC64) -> #REF! | KH64: =CEILING(SUM($JO64:JT64)-SUM($KC64:KG64),$JC64) -> #REF! | KI64: =CEILING(SUM($JO64:JU64)-SUM($KC64:KH64),$JC64) -> #REF! | KJ64: =CEILING(SUM($JO64:JV64)-SUM($KC64:KI64),$JC64) -> #REF! | KK64: =CEILING(SUM($JO64:JW64)-SUM($KC64:KJ64),$JC64) -> #REF! | ... KM64: =CEILING(SUM($JO64:JY64)-SUM($KC64:KL64),$JC64) -> #REF! | KN64: =JF64-SUM(KC64:KM64) -> #REF! | KO64: =JF64-SUM(KC64:KN64) -> #REF! | KQ64: =KC64*$JB64 -> #REF! | KR64: =KD64*$JB64 -> #REF! | KS64: =KE64*$JB64 -> #REF! | KT64: =KF64*$JB64 -> #REF! | KU64: =KG64*$JB64 -> #REF! | KV64: =KH64*$JB64 -> #REF! | KW64: =KI64*$JB64 -> #REF! | KX64: =KJ64*$JB64 -> #REF! | ... LC64: =KO64*$JB64 -> #REF! | LD64: =SUM(KQ64:LC64) -> #REF! | LE64: 4 | LF64: =SUM(KC64:KE64) -> #REF! | LI64: =SUM(KF64:KH64) -> #REF! | LL64: =SUM(KI64:KK64) -> #REF! | LO64: =SUM(KL64:KO64) -> #REF! | LR64: =KO64 -> #REF! | LT64: =LF64*$JB64 -> #REF! | LU64: =LG64*$JB64 -> #NAME? | LV64: =LH64*$JB64 -> #NAME? | LW64: =LI64*$JB64 -> #REF! | LX64: =LJ64*$JB64 -> #NAME? | LY64: =LK64*$JB64 -> #NAME? | LZ64: =LL64*$JB64 -> #REF! | MA64: =LM64*$JB64 -> #NAME? | ... MF64: =LR64*$JB64 -> #REF! | MG64: =SUM(LT64:MF64) -> #REF! | MH64: LT01-034 | MI64: P0013 | MJ64: 45525 | MK64: Yes | MM64: Yes
A65: 43 | B65: LT01-035 | C65: 1094N772-001 | D65: - | E65: 411179616 | F65: BRACKET | H65: EA | I65: 1 | J65: 3 | K65: 0 | L65: 1 | M65: 0 | N65: 0 | O65: 0 | P65: 0 | Q65: 1 | R65: 0 | S65: 0 | T65: 0 | U65: 0 | V65: 0 | W65: 0 | X65: 0 | Y65: 0 | Z65: 1 | AA65: 0 | AB65: 0 | AC65: 0 | AD65: 0 | AE65: 0 | AF65: 0 | AG65: 0 | AH65: =SUM(K65:AB65) -> 3 | AI65: =SUMPRODUCT(K65:AG65,$K$24:$AG$24) -> 70589 | AJ65: 1 | AL65: WAVE MECHANICS | AM65: WAVE | AP65: 3.5 | AQ65: USD | AR65: Sujith John | AS65: sujith.ninan@wm.kahm.co | AU65: 91.973119 | AV65: =MI65 -> P0013 | AW65: =JB65 -> #NAME? | AY65: =JF65 -> #REF! | BG65: 12130 | BM65: 12130 | BQ65: 12130 | BW65: 12130 | CC65: 12115 | CI65: 9986 | DD65: =SUM($AZ65,$BA65:BF65)-SUM($EU65:FA65) -> -460 | DE65: =SUM($AZ65,$BA65:BG65)-SUM($EU65:FB65) -> 9872 | DF65: =SUM($AZ65,$BA65:BH65)-SUM($EU65:FC65) -> 7541 | DG65: =SUM($AZ65,$BA65:BI65)-SUM($EU65:FD65) -> 5541 | DH65: =SUM($AZ65,$BA65:BJ65)-SUM($EU65:FE65) -> 3541 | DI65: =SUM($AZ65,$BA65:BK65)-SUM($EU65:FF65) -> 1541 | DJ65: =SUM($AZ65,$BA65:BL65)-SUM($EU65:FG65) -> -459 | DK65: =SUM($AZ65,$BA65:BM65)-SUM($EU65:FH65) -> 9671 | ... EQ65: =SUM($AZ65,$BA65:CS65)-SUM($EU65:GN65) -> 32 | FA65: {=SUMPRODUCT($K65:$AG65,TRANSPOSE(FA$5:FA$27))} -> 460 | FB65: {=SUMPRODUCT($K65:$AG65,TRANSPOSE(FB$5:FB$27))} -> 1798 | FC65: {=SUMPRODUCT($K65:$AG65,TRANSPOSE(FC$5:FC$27))} -> 2331 | FD65: {=SUMPRODUCT($K65:$AG65,TRANSPOSE(FD$5:FD$27))} -> 2000 | FE65: {=SUMPRODUCT($K65:$AG65,TRANSPOSE(FE$5:FE$27))} -> 2000 | FF65: {=SUMPRODUCT($K65:$AG65,TRANSPOSE(FF$5:FF$27))} -> 2000 | FG65: {=SUMPRODUCT($K65:$AG65,TRANSPOSE(FG$5:FG$27))} -> 2000 | FH65: {=SUMPRODUCT($K65:$AG65,TRANSPOSE(FH$5:FH$27))} -> 2000 | ... GN65: {=SUMPRODUCT($K65:$AG65,TRANSPOSE(GN$5:GN$27))} -> 0 | IV65: =AM65 -> WAVE | IW65: =C65 -> 1094N772-001 | IX65: =AL65 -> WAVE MECHANICS | IY65: =AP65 -> 3.5 | IZ65: =AQ65 -> USD | JA65: =_xlfn.XLOOKUP(IZ65,IZ$21:IZ$24,JA$21:JA$24,0) -> #NAME? | JB65: =IY65*JA65 -> #NAME? | JC65: =AJ65 -> 1 | JD65: =AJ65 -> 1 | JF65: =MAX(JD65,CEILING(#REF!+JE65,JC65)) -> #REF! | JG65: =JF65*JB65 -> #REF! | JH65: =JF65-#REF! -> #REF! | JI65: =JH65*JB65 -> #REF! | JJ65: 45523 | JK65: Sagi | JL65: Ordered | JM65: Y | JN65: RNSE | JO65: {=SUMPRODUCT(#REF!,TRANSPOSE(JO$19:JO$22))} -> #REF! | JP65: {=SUMPRODUCT(#REF!,TRANSPOSE(JP$19:JP$22))} -> #REF! | JQ65: {=SUMPRODUCT(#REF!,TRANSPOSE(JQ$19:JQ$22))} -> #REF! | JR65: {=SUMPRODUCT(#REF!,TRANSPOSE(JR$19:JR$22))} -> #REF! | JS65: {=SUMPRODUCT(#REF!,TRANSPOSE(JS$19:JS$22))} -> #REF! | JT65: {=SUMPRODUCT(#REF!,TRANSPOSE(JT$19:JT$22))} -> #REF! | JU65: {=SUMPRODUCT(#REF!,TRANSPOSE(JU$19:JU$22))} -> #REF! | JV65: {=SUMPRODUCT(#REF!,TRANSPOSE(JV$19:JV$22))} -> #REF! | ... KA65: {=SUMPRODUCT(#REF!,TRANSPOSE(KA$19:KA$22))} -> #REF! | KC65: =CEILING(JO65,$JC65) -> #REF! | KD65: =CEILING(SUM($JO65:JP65)-SUM($KC65:KC65),$JC65) -> #REF! | KE65: =CEILING(SUM($JO65:JQ65)-SUM($KC65:KD65),$JC65) -> #REF! | KF65: =CEILING(SUM($JO65:JR65)-SUM($KC65:KE65),$JC65) -> #REF! | KG65: =CEILING(SUM($JO65:JS65)-SUM($KC65:KF65),$JC65) -> #REF! | KH65: =CEILING(SUM($JO65:JT65)-SUM($KC65:KG65),$JC65) -> #REF! | KI65: =CEILING(SUM($JO65:JU65)-SUM($KC65:KH65),$JC65) -> #REF! | KJ65: =CEILING(SUM($JO65:JV65)-SUM($KC65:KI65),$JC65) -> #REF! | KK65: =CEILING(SUM($JO65:JW65)-SUM($KC65:KJ65),$JC65) -> #REF! | ... KM65: =CEILING(SUM($JO65:JY65)-SUM($KC65:KL65),$JC65) -> #REF! | KN65: =JF65-SUM(KC65:KM65) -> #REF! | KO65: =JF65-SUM(KC65:KN65) -> #REF! | KQ65: =KC65*$JB65 -> #REF! | KR65: =KD65*$JB65 -> #REF! | KS65: =KE65*$JB65 -> #REF! | KT65: =KF65*$JB65 -> #REF! | KU65: =KG65*$JB65 -> #REF! | KV65: =KH65*$JB65 -> #REF! | KW65: =KI65*$JB65 -> #REF! | KX65: =KJ65*$JB65 -> #REF! | ... LC65: =KO65*$JB65 -> #REF! | LD65: =SUM(KQ65:LC65) -> #REF! | LE65: 6 | LF65: =SUM(KC65:KD65) -> #REF! | LH65: =SUM(KE65:KF65) -> #REF! | LJ65: =SUM(KG65:KH65) -> #REF! | LL65: =SUM(KI65:KJ65) -> #REF! | LN65: =SUM(KK65:KL65) -> #REF! | LP65: =SUM(KM65:KO65) -> #REF! | LR65: =KO65 -> #REF! | LT65: =LF65*$JB65 -> #REF! | LU65: =LG65*$JB65 -> #NAME? | LV65: =LH65*$JB65 -> #REF! | LW65: =LI65*$JB65 -> #NAME? | LX65: =LJ65*$JB65 -> #REF! | LY65: =LK65*$JB65 -> #NAME? | LZ65: =LL65*$JB65 -> #REF! | MA65: =LM65*$JB65 -> #NAME? | ... MF65: =LR65*$JB65 -> #REF! | MG65: =SUM(LT65:MF65) -> #REF! | MH65: LT01-035 | MI65: P0013 | MJ65: 45525 | MK65: Yes | MM65: Yes
A66: 44 | B66: LT01-036 | C66: 1094N773-003 | D66: -1 | E66: 417679932 | F66: INSIDE COVER | H66: EA | I66: 1 | J66: 3 | K66: 0 | L66: 1 | M66: 0 | N66: 0 | O66: 0 | P66: 0 | Q66: 0 | R66: 0 | S66: 0 | T66: 0 | U66: 0 | V66: 0 | W66: 1 | X66: 0 | Y66: 0 | Z66: 0 | AA66: 0 | AB66: 0 | AC66: 0 | AD66: 0 | AE66: 0 | AF66: 1 | AG66: 0 | AH66: =SUM(K66:AB66) -> 2 | AI66: =SUMPRODUCT(K66:AG66,$K$24:$AG$24) -> 70589 | AJ66: 1 | AL66: WAVE MECHANICS | AM66: WAVE | AP66: 24 | AQ66: USD | AR66: Sujith John | AS66: sujith.ninan@wm.kahm.co | AU66: 91.973119 | AV66: =MI66 -> P0013 | AW66: =JB66 -> #NAME? | AY66: =JF66 -> #REF! | BG66: 6065 | BJ66: 6065 | BM66: 6065 | BO66: 6065 | BQ66: 6065 | BT66: 6065 | BW66: 6065 | BZ66: 6065 | CC66: 6065 | CF66: 6050 | CI66: 6000 | CL66: 3986 | DD66: =SUM($AZ66,$BA66:BF66)-SUM($EU66:FA66) -> -460 | DE66: =SUM($AZ66,$BA66:BG66)-SUM($EU66:FB66) -> 3807 | DF66: =SUM($AZ66,$BA66:BH66)-SUM($EU66:FC66) -> 1476 | DG66: =SUM($AZ66,$BA66:BI66)-SUM($EU66:FD66) -> -524 | DH66: =SUM($AZ66,$BA66:BJ66)-SUM($EU66:FE66) -> 3541 | DI66: =SUM($AZ66,$BA66:BK66)-SUM($EU66:FF66) -> 1541 | DJ66: =SUM($AZ66,$BA66:BL66)-SUM($EU66:FG66) -> -459 | DK66: =SUM($AZ66,$BA66:BM66)-SUM($EU66:FH66) -> 3606 | ... EQ66: =SUM($AZ66,$BA66:CS66)-SUM($EU66:GN66) -> 32 | FA66: {=SUMPRODUCT($K66:$AG66,TRANSPOSE(FA$5:FA$27))} -> 460 | FB66: {=SUMPRODUCT($K66:$AG66,TRANSPOSE(FB$5:FB$27))} -> 1798 | FC66: {=SUMPRODUCT($K66:$AG66,TRANSPOSE(FC$5:FC$27))} -> 2331 | FD66: {=SUMPRODUCT($K66:$AG66,TRANSPOSE(FD$5:FD$27))} -> 2000 | FE66: {=SUMPRODUCT($K66:$AG66,TRANSPOSE(FE$5:FE$27))} -> 2000 | FF66: {=SUMPRODUCT($K66:$AG66,TRANSPOSE(FF$5:FF$27))} -> 2000 | FG66: {=SUMPRODUCT($K66:$AG66,TRANSPOSE(FG$5:FG$27))} -> 2000 | FH66: {=SUMPRODUCT($K66:$AG66,TRANSPOSE(FH$5:FH$27))} -> 2000 | ... GN66: {=SUMPRODUCT($K66:$AG66,TRANSPOSE(GN$5:GN$27))} -> 0 | IV66: =AM66 -> WAVE | IW66: =C66 -> 1094N773-003 | IX66: =AL66 -> WAVE MECHANICS | IY66: =AP66 -> 24 | IZ66: =AQ66 -> USD | JA66: =_xlfn.XLOOKUP(IZ66,IZ$21:IZ$24,JA$21:JA$24,0) -> #NAME? | JB66: =IY66*JA66 -> #NAME? | JC66: =AJ66 -> 1 | JD66: =AJ66 -> 1 | JF66: =MAX(JD66,CEILING(#REF!+JE66,JC66)) -> #REF! | JG66: =JF66*JB66 -> #REF! | JH66: =JF66-#REF! -> #REF! | JI66: =JH66*JB66 -> #REF! | JJ66: 45523 | JK66: Sagi | JL66: Ordered | JM66: Y | JN66: RNSE | JO66: {=SUMPRODUCT(#REF!,TRANSPOSE(JO$19:JO$22))} -> #REF! | JP66: {=SUMPRODUCT(#REF!,TRANSPOSE(JP$19:JP$22))} -> #REF! | JQ66: {=SUMPRODUCT(#REF!,TRANSPOSE(JQ$19:JQ$22))} -> #REF! | JR66: {=SUMPRODUCT(#REF!,TRANSPOSE(JR$19:JR$22))} -> #REF! | JS66: {=SUMPRODUCT(#REF!,TRANSPOSE(JS$19:JS$22))} -> #REF! | JT66: {=SUMPRODUCT(#REF!,TRANSPOSE(JT$19:JT$22))} -> #REF! | JU66: {=SUMPRODUCT(#REF!,TRANSPOSE(JU$19:JU$22))} -> #REF! | JV66: {=SUMPRODUCT(#REF!,TRANSPOSE(JV$19:JV$22))} -> #REF! | ... KA66: {=SUMPRODUCT(#REF!,TRANSPOSE(KA$19:KA$22))} -> #REF! | KC66: =CEILING(JO66,$JC66) -> #REF! | KD66: =CEILING(SUM($JO66:JP66)-SUM($KC66:KC66),$JC66) -> #REF! | KE66: =CEILING(SUM($JO66:JQ66)-SUM($KC66:KD66),$JC66) -> #REF! | KF66: =CEILING(SUM($JO66:JR66)-SUM($KC66:KE66),$JC66) -> #REF! | KG66: =CEILING(SUM($JO66:JS66)-SUM($KC66:KF66),$JC66) -> #REF! | KH66: =CEILING(SUM($JO66:JT66)-SUM($KC66:KG66),$JC66) -> #REF! | KI66: =CEILING(SUM($JO66:JU66)-SUM($KC66:KH66),$JC66) -> #REF! | KJ66: =CEILING(SUM($JO66:JV66)-SUM($KC66:KI66),$JC66) -> #REF! | KK66: =CEILING(SUM($JO66:JW66)-SUM($KC66:KJ66),$JC66) -> #REF! | ... KM66: =CEILING(SUM($JO66:JY66)-SUM($KC66:KL66),$JC66) -> #REF! | KN66: =JF66-SUM(KC66:KM66) -> #REF! | KO66: =JF66-SUM(KC66:KN66) -> #REF! | KQ66: =KC66*$JB66 -> #REF! | KR66: =KD66*$JB66 -> #REF! | KS66: =KE66*$JB66 -> #REF! | KT66: =KF66*$JB66 -> #REF! | KU66: =KG66*$JB66 -> #REF! | KV66: =KH66*$JB66 -> #REF! | KW66: =KI66*$JB66 -> #REF! | KX66: =KJ66*$JB66 -> #REF! | ... LC66: =KO66*$JB66 -> #REF! | LD66: =SUM(KQ66:LC66) -> #REF! | LE66: 12 | LF66: =KC66 -> #REF! | LG66: =KD66 -> #REF! | LH66: =KE66 -> #REF! | LI66: =KF66 -> #REF! | LJ66: =KG66 -> #REF! | LK66: =KH66 -> #REF! | LL66: =KI66 -> #REF! | LM66: =KJ66 -> #REF! | ... LR66: =KO66 -> #REF! | LT66: =LF66*$JB66 -> #REF! | LU66: =LG66*$JB66 -> #REF! | LV66: =LH66*$JB66 -> #REF! | LW66: =LI66*$JB66 -> #REF! | LX66: =LJ66*$JB66 -> #REF! | LY66: =LK66*$JB66 -> #REF! | LZ66: =LL66*$JB66 -> #REF! | MA66: =LM66*$JB66 -> #REF! | ... MF66: =LR66*$JB66 -> #REF! | MG66: =SUM(LT66:MF66) -> #REF! | MH66: LT01-036 | MI66: P0013 | MJ66: 45525 | MK66: Yes | MM66: Yes
A67: 45 | B67: LT01-037 | C67: 1094N776-001 | D67: - | E67: 411179618 | F67: 0-80 NUT | H67: EA | I67: 1 | J67: 6 | K67: 0 | L67: 2 | M67: 0 | N67: 0 | O67: 0 | P67: 0 | Q67: 2 | R67: 0 | S67: 0 | T67: 0 | U67: 0 | V67: 0 | W67: 0 | X67: 0 | Y67: 0 | Z67: 2 | AA67: 0 | AB67: 0 | AC67: 0 | AD67: 0 | AE67: 0 | AF67: 0 | AG67: 0 | AH67: =SUM(K67:AB67) -> 6 | AI67: =SUMPRODUCT(K67:AG67,$K$24:$AG$24) -> 141178 | AJ67: 1 | AL67: NIK MANUFACTURING CO. LTD. | AM67: WAVE | AP67: 1.2 | AQ67: USD | AR67: Sujith John | AS67: sujith.ninan@wm.kahm.co | AU67: 91.973119 | AV67: =MI67 -> P0013 | AW67: =JB67 -> #NAME? | AY67: =JF67 -> #REF! | BG67: 36390 | BO67: 36390 | BW67: 36390 | CF67: 32072 | DD67: =SUM($AZ67,$BA67:BF67)-SUM($EU67:FA67) -> -920 | DE67: =SUM($AZ67,$BA67:BG67)-SUM($EU67:FB67) -> 31874 | DF67: =SUM($AZ67,$BA67:BH67)-SUM($EU67:FC67) -> 27212 | DG67: =SUM($AZ67,$BA67:BI67)-SUM($EU67:FD67) -> 23212 | DH67: =SUM($AZ67,$BA67:BJ67)-SUM($EU67:FE67) -> 19212 | DI67: =SUM($AZ67,$BA67:BK67)-SUM($EU67:FF67) -> 15212 | DJ67: =SUM($AZ67,$BA67:BL67)-SUM($EU67:FG67) -> 11212 | DK67: =SUM($AZ67,$BA67:BM67)-SUM($EU67:FH67) -> 7212 | ... EQ67: =SUM($AZ67,$BA67:CS67)-SUM($EU67:GN67) -> 64 | FA67: {=SUMPRODUCT($K67:$AG67,TRANSPOSE(FA$5:FA$27))} -> 920 | FB67: {=SUMPRODUCT($K67:$AG67,TRANSPOSE(FB$5:FB$27))} -> 3596 | FC67: {=SUMPRODUCT($K67:$AG67,TRANSPOSE(FC$5:FC$27))} -> 4662 | FD67: {=SUMPRODUCT($K67:$AG67,TRANSPOSE(FD$5:FD$27))} -> 4000 | FE67: {=SUMPRODUCT($K67:$AG67,TRANSPOSE(FE$5:FE$27))} -> 4000 | FF67: {=SUMPRODUCT($K67:$AG67,TRANSPOSE(FF$5:FF$27))} -> 4000 | FG67: {=SUMPRODUCT($K67:$AG67,TRANSPOSE(FG$5:FG$27))} -> 4000 | FH67: {=SUMPRODUCT($K67:$AG67,TRANSPOSE(FH$5:FH$27))} -> 4000 | ... GN67: {=SUMPRODUCT($K67:$AG67,TRANSPOSE(GN$5:GN$27))} -> 0 | IV67: =AM67 -> WAVE | IW67: =C67 -> 1094N776-001 | IX67: WAVE MECHANICS | IY67: =AP67 -> 1.2 | IZ67: =AQ67 -> USD | JA67: =_xlfn.XLOOKUP(IZ67,IZ$21:IZ$24,JA$21:JA$24,0) -> #NAME? | JB67: =IY67*JA67 -> #NAME? | JC67: =AJ67 -> 1 | JD67: =AJ67 -> 1 | JF67: =MAX(JD67,CEILING(#REF!+JE67,JC67)) -> #REF! | JG67: =JF67*JB67 -> #REF! | JH67: =JF67-#REF! -> #REF! | JI67: =JH67*JB67 -> #REF! | JJ67: 45523 | JK67: Sagi | JL67: Ordered | JM67: Y | JN67: RNSE | JO67: {=SUMPRODUCT(#REF!,TRANSPOSE(JO$19:JO$22))} -> #REF! | JP67: {=SUMPRODUCT(#REF!,TRANSPOSE(JP$19:JP$22))} -> #REF! | JQ67: {=SUMPRODUCT(#REF!,TRANSPOSE(JQ$19:JQ$22))} -> #REF! | JR67: {=SUMPRODUCT(#REF!,TRANSPOSE(JR$19:JR$22))} -> #REF! | JS67: {=SUMPRODUCT(#REF!,TRANSPOSE(JS$19:JS$22))} -> #REF! | JT67: {=SUMPRODUCT(#REF!,TRANSPOSE(JT$19:JT$22))} -> #REF! | JU67: {=SUMPRODUCT(#REF!,TRANSPOSE(JU$19:JU$22))} -> #REF! | JV67: {=SUMPRODUCT(#REF!,TRANSPOSE(JV$19:JV$22))} -> #REF! | ... KA67: {=SUMPRODUCT(#REF!,TRANSPOSE(KA$19:KA$22))} -> #REF! | KC67: =CEILING(JO67,$JC67) -> #REF! | KD67: =CEILING(SUM($JO67:JP67)-SUM($KC67:KC67),$JC67) -> #REF! | KE67: =CEILING(SUM($JO67:JQ67)-SUM($KC67:KD67),$JC67) -> #REF! | KF67: =CEILING(SUM($JO67:JR67)-SUM($KC67:KE67),$JC67) -> #REF! | KG67: =CEILING(SUM($JO67:JS67)-SUM($KC67:KF67),$JC67) -> #REF! | KH67: =CEILING(SUM($JO67:JT67)-SUM($KC67:KG67),$JC67) -> #REF! | KI67: =CEILING(SUM($JO67:JU67)-SUM($KC67:KH67),$JC67) -> #REF! | KJ67: =CEILING(SUM($JO67:JV67)-SUM($KC67:KI67),$JC67) -> #REF! | KK67: =CEILING(SUM($JO67:JW67)-SUM($KC67:KJ67),$JC67) -> #REF! | ... KM67: =CEILING(SUM($JO67:JY67)-SUM($KC67:KL67),$JC67) -> #REF! | KN67: =JF67-SUM(KC67:KM67) -> #REF! | KO67: =JF67-SUM(KC67:KN67) -> #REF! | KQ67: =KC67*$JB67 -> #REF! | KR67: =KD67*$JB67 -> #REF! | KS67: =KE67*$JB67 -> #REF! | KT67: =KF67*$JB67 -> #REF! | KU67: =KG67*$JB67 -> #REF! | KV67: =KH67*$JB67 -> #REF! | KW67: =KI67*$JB67 -> #REF! | KX67: =KJ67*$JB67 -> #REF! | ... LC67: =KO67*$JB67 -> #REF! | LD67: =SUM(KQ67:LC67) -> #REF! | LE67: 4 | LF67: =SUM(KC67:KE67) -> #REF! | LI67: =SUM(KF67:KH67) -> #REF! | LL67: =SUM(KI67:KK67) -> #REF! | LO67: =SUM(KL67:KO67) -> #REF! | LR67: =KO67 -> #REF! | LT67: =LF67*$JB67 -> #REF! | LU67: =LG67*$JB67 -> #NAME? | LV67: =LH67*$JB67 -> #NAME? | LW67: =LI67*$JB67 -> #REF! | LX67: =LJ67*$JB67 -> #NAME? | LY67: =LK67*$JB67 -> #NAME? | LZ67: =LL67*$JB67 -> #REF! | MA67: =LM67*$JB67 -> #NAME? | ... MF67: =LR67*$JB67 -> #REF! | MG67: =SUM(LT67:MF67) -> #REF! | MH67: LT01-037 | MI67: P0013 | MJ67: 45525 | MK67: Yes | MM67: Yes
A68: 46 | B68: LT01-038 | C68: 1094N777-001 | D68: - | E68: 411179617 | F68: WEDGE | H68: EA | I68: 1 | J68: 6 | K68: 0 | L68: 2 | M68: 0 | N68: 0 | O68: 0 | P68: 0 | Q68: 2 | R68: 0 | S68: 0 | T68: 0 | U68: 0 | V68: 0 | W68: 0 | X68: 0 | Y68: 0 | Z68: 2 | AA68: 0 | AB68: 0 | AC68: 0 | AD68: 0 | AE68: 0 | AF68: 0 | AG68: 0 | AH68: =SUM(K68:AB68) -> 6 | AI68: =SUMPRODUCT(K68:AG68,$K$24:$AG$24) -> 141178 | AJ68: 1 | AL68: WAVE MECHANICS | AM68: WAVE | AP68: 2.25 | AQ68: USD | AR68: Sujith John | AS68: sujith.ninan@wm.kahm.co | AU68: 91.973119 | AV68: =MI68 -> P0013 | AW68: =JB68 -> #NAME? | AY68: =JF68 -> #REF! | BG68: 24260 | BM68: 24260 | BQ68: 24260 | BW68: 24260 | CC68: 24230 | CI68: 19972 | DD68: =SUM($AZ68,$BA68:BF68)-SUM($EU68:FA68) -> -920 | DE68: =SUM($AZ68,$BA68:BG68)-SUM($EU68:FB68) -> 19744 | DF68: =SUM($AZ68,$BA68:BH68)-SUM($EU68:FC68) -> 15082 | DG68: =SUM($AZ68,$BA68:BI68)-SUM($EU68:FD68) -> 11082 | DH68: =SUM($AZ68,$BA68:BJ68)-SUM($EU68:FE68) -> 7082 | DI68: =SUM($AZ68,$BA68:BK68)-SUM($EU68:FF68) -> 3082 | DJ68: =SUM($AZ68,$BA68:BL68)-SUM($EU68:FG68) -> -918 | DK68: =SUM($AZ68,$BA68:BM68)-SUM($EU68:FH68) -> 19342 | ... EQ68: =SUM($AZ68,$BA68:CS68)-SUM($EU68:GN68) -> 64 | FA68: {=SUMPRODUCT($K68:$AG68,TRANSPOSE(FA$5:FA$27))} -> 920 | FB68: {=SUMPRODUCT($K68:$AG68,TRANSPOSE(FB$5:FB$27))} -> 3596 | FC68: {=SUMPRODUCT($K68:$AG68,TRANSPOSE(FC$5:FC$27))} -> 4662 | FD68: {=SUMPRODUCT($K68:$AG68,TRANSPOSE(FD$5:FD$27))} -> 4000 | FE68: {=SUMPRODUCT($K68:$AG68,TRANSPOSE(FE$5:FE$27))} -> 4000 | FF68: {=SUMPRODUCT($K68:$AG68,TRANSPOSE(FF$5:FF$27))} -> 4000 | FG68: {=SUMPRODUCT($K68:$AG68,TRANSPOSE(FG$5:FG$27))} -> 4000 | FH68: {=SUMPRODUCT($K68:$AG68,TRANSPOSE(FH$5:FH$27))} -> 4000 | ... GN68: {=SUMPRODUCT($K68:$AG68,TRANSPOSE(GN$5:GN$27))} -> 0 | IV68: =AM68 -> WAVE | IW68: =C68 -> 1094N777-001 | IX68: =AL68 -> WAVE MECHANICS | IY68: =AP68 -> 2.25 | IZ68: =AQ68 -> USD | JA68: =_xlfn.XLOOKUP(IZ68,IZ$21:IZ$24,JA$21:JA$24,0) -> #NAME? | JB68: =IY68*JA68 -> #NAME? | JC68: =AJ68 -> 1 | JD68: =AJ68 -> 1 | JF68: =MAX(JD68,CEILING(#REF!+JE68,JC68)) -> #REF! | JG68: =JF68*JB68 -> #REF! | JH68: =JF68-#REF! -> #REF! | JI68: =JH68*JB68 -> #REF! | JJ68: 45523 | JK68: Sagi | JL68: Ordered | JM68: Y | JN68: RNSE | JO68: {=SUMPRODUCT(#REF!,TRANSPOSE(JO$19:JO$22))} -> #REF! | JP68: {=SUMPRODUCT(#REF!,TRANSPOSE(JP$19:JP$22))} -> #REF! | JQ68: {=SUMPRODUCT(#REF!,TRANSPOSE(JQ$19:JQ$22))} -> #REF! | JR68: {=SUMPRODUCT(#REF!,TRANSPOSE(JR$19:JR$22))} -> #REF! | JS68: {=SUMPRODUCT(#REF!,TRANSPOSE(JS$19:JS$22))} -> #REF! | JT68: {=SUMPRODUCT(#REF!,TRANSPOSE(JT$19:JT$22))} -> #REF! | JU68: {=SUMPRODUCT(#REF!,TRANSPOSE(JU$19:JU$22))} -> #REF! | JV68: {=SUMPRODUCT(#REF!,TRANSPOSE(JV$19:JV$22))} -> #REF! | ... KA68: {=SUMPRODUCT(#REF!,TRANSPOSE(KA$19:KA$22))} -> #REF! | KC68: =CEILING(JO68,$JC68) -> #REF! | KD68: =CEILING(SUM($JO68:JP68)-SUM($KC68:KC68),$JC68) -> #REF! | KE68: =CEILING(SUM($JO68:JQ68)-SUM($KC68:KD68),$JC68) -> #REF! | KF68: =CEILING(SUM($JO68:JR68)-SUM($KC68:KE68),$JC68) -> #REF! | KG68: =CEILING(SUM($JO68:JS68)-SUM($KC68:KF68),$JC68) -> #REF! | KH68: =CEILING(SUM($JO68:JT68)-SUM($KC68:KG68),$JC68) -> #REF! | KI68: =CEILING(SUM($JO68:JU68)-SUM($KC68:KH68),$JC68) -> #REF! | KJ68: =CEILING(SUM($JO68:JV68)-SUM($KC68:KI68),$JC68) -> #REF! | KK68: =CEILING(SUM($JO68:JW68)-SUM($KC68:KJ68),$JC68) -> #REF! | ... KM68: =CEILING(SUM($JO68:JY68)-SUM($KC68:KL68),$JC68) -> #REF! | KN68: =JF68-SUM(KC68:KM68) -> #REF! | KO68: =JF68-SUM(KC68:KN68) -> #REF! | KQ68: =KC68*$JB68 -> #REF! | KR68: =KD68*$JB68 -> #REF! | KS68: =KE68*$JB68 -> #REF! | KT68: =KF68*$JB68 -> #REF! | KU68: =KG68*$JB68 -> #REF! | KV68: =KH68*$JB68 -> #REF! | KW68: =KI68*$JB68 -> #REF! | KX68: =KJ68*$JB68 -> #REF! | ... LC68: =KO68*$JB68 -> #REF! | LD68: =SUM(KQ68:LC68) -> #REF! | LE68: 6 | LF68: =SUM(KC68:KD68) -> #REF! | LH68: =SUM(KE68:KF68) -> #REF! | LJ68: =SUM(KG68:KH68) -> #REF! | LL68: =SUM(KI68:KJ68) -> #REF! | LN68: =SUM(KK68:KL68) -> #REF! | LP68: =SUM(KM68:KO68) -> #REF! | LR68: =KO68 -> #REF! | LT68: =LF68*$JB68 -> #REF! | LU68: =LG68*$JB68 -> #NAME? | LV68: =LH68*$JB68 -> #REF! | LW68: =LI68*$JB68 -> #NAME? | LX68: =LJ68*$JB68 -> #REF! | LY68: =LK68*$JB68 -> #NAME? | LZ68: =LL68*$JB68 -> #REF! | MA68: =LM68*$JB68 -> #NAME? | ... MF68: =LR68*$JB68 -> #REF! | MG68: =SUM(LT68:MF68) -> #REF! | MH68: LT01-038 | MI68: P0013 | MJ68: 45525 | MK68: Yes | MM68: Yes
