Workbook
Name ______DAT1: #REF!
Name ______DAT10: '[4]רכש 20 כרטיסים'!#REF!
Name ______DAT11: '[4]רכש 20 כרטיסים'!#REF!
Name ______DAT12: '[4]רכש 20 כרטיסים'!#REF!
Name ______DAT13: '[4]רכש 20 כרטיסים'!#REF!
Name ______DAT15: #REF!
Name ______DAT16: #REF!
Name ______DAT2: '[4]רכש 20 כרטיסים'!#REF!
Name ______DAT3: '[4]רכש 20 כרטיסים'!#REF!
Name ______DAT4: '[4]רכש 20 כרטיסים'!#REF!
Name ______DAT5: '[4]רכש 20 כרטיסים'!#REF!
Name ______DAT6: #REF!
Name ______DAT7: #REF!
Name ______DAT8: '[4]רכש 20 כרטיסים'!#REF!
Name ______DAT9: '[4]רכש 20 כרטיסים'!#REF!
Name ______USE2: #REF!
Name _____DAT1: #REF!
Name _____DAT10: '[4]רכש 20 כרטיסים'!#REF!
Name _____DAT11: '[4]רכש 20 כרטיסים'!#REF!
Name _____DAT12: '[4]רכש 20 כרטיסים'!#REF!
Name _____DAT13: '[4]רכש 20 כרטיסים'!#REF!
Name _____DAT14: '[4]רכש 20 כרטיסים'!#REF!
Name _____DAT15: #REF!
Name _____DAT16: #REF!
Name _____DAT2: '[4]רכש 20 כרטיסים'!#REF!
Name _____DAT3: '[4]רכש 20 כרטיסים'!#REF!
Name _____DAT4: '[4]רכש 20 כרטיסים'!#REF!
Name _____DAT5: '[4]רכש 20 כרטיסים'!#REF!
Name _____DAT6: #REF!
Name _____DAT7: #REF!
Name _____DAT8: '[4]רכש 20 כרטיסים'!#REF!
Name _____DAT9: '[4]רכש 20 כרטיסים'!#REF!
Name _____USE2: #REF!
Name ____DAT1: #REF!
Name ____DAT10: '[4]רכש 20 כרטיסים'!#REF!
Name ____DAT11: '[4]רכש 20 כרטיסים'!#REF!
Name ____DAT12: '[4]רכש 20 כרטיסים'!#REF!
Name ____DAT13: '[4]רכש 20 כרטיסים'!#REF!
Name ____DAT14: '[4]רכש 20 כרטיסים'!#REF!
Name ____DAT15: #REF!
Name ____DAT16: #REF!
Name ____DAT2: '[4]רכש 20 כרטיסים'!#REF!
Name ____DAT3: '[4]רכש 20 כרטיסים'!#REF!
Name ____DAT4: '[4]רכש 20 כרטיסים'!#REF!
Name ____DAT5: '[4]רכש 20 כרטיסים'!#REF!
Name ____DAT6: #REF!
Name ____DAT7: #REF!
Name ____DAT8: '[4]רכש 20 כרטיסים'!#REF!
Name ____DAT9: '[4]רכש 20 כרטיסים'!#REF!
Name ____USE2: #REF!
Name ___DAT1: #REF!
Name ___DAT10: '[4]רכש 20 כרטיסים'!#REF!
Name ___DAT11: '[4]רכש 20 כרטיסים'!#REF!
Name ___DAT12: '[4]רכש 20 כרטיסים'!#REF!
Name ___DAT13: '[4]רכש 20 כרטיסים'!#REF!
Name ___DAT14: '[4]רכש 20 כרטיסים'!#REF!
Name ___DAT15: #REF!
Name ___DAT16: #REF!
Name ___DAT2: '[4]רכש 20 כרטיסים'!#REF!
Name ___DAT3: '[4]רכש 20 כרטיסים'!#REF!

Sheet AVL
AI1: ETD | BC1: WORK PLAN | BY1: DEMAND
BC2: DRM F/ASSY | BD2: 0 | BE2: 1094T030-002 | BP2: 100 | BQ2: 150 | BR2: 250 | BS2: 220 | BT2: 200 | BU2: 150 | BV2: 240 | BW2: 240 | CI2: 100 | CJ2: 150 | CK2: 250 | CL2: 220 | CM2: 200 | CN2: 150 | CO2: 240 | CP2: 240
BC3: DRM F/ASSY | BD3: 1 | BE3: 1094T040-001 | BP3: 100 | BQ3: 150 | BR3: 250 | BS3: 220 | BT3: 200 | BU3: 150 | BV3: 240 | BW3: 240 | CI3: 100 | CJ3: 150 | CK3: 250 | CL3: 220 | CM3: 200 | CN3: 150 | CO3: 240 | CP3: 240
BC4: PS ASSY RX | BD4: 2 | BE4: 1094T050-002 | BO4: 100 | BP4: 150 | BQ4: 250 | BR4: 220 | BS4: 200 | BT4: 150 | BU4: 240 | BV4: 240 | CH4: 100 | CI4: 150 | CJ4: 250 | CK4: 220 | CL4: 200 | CM4: 150 | CN4: 240 | CO4: 240
BC5: RX ASSY | BD5: 3 | BE5: 1094T060-002 | BN5: 100 | BO5: 150 | BP5: 250 | BQ5: 220 | BR5: 200 | BS5: 150 | BT5: 240 | BU5: 240 | CG5: 100 | CH5: 150 | CI5: 250 | CJ5: 220 | CK5: 200 | CL5: 150 | CM5: 240 | CN5: 240
BC6: PC ASSY DRM CONTROLER NG 400 | BD6: 2 | BE6: 1094T037-001 | BN6: 100 | BO6: 150 | BP6: 250 | BQ6: 220 | BR6: 200 | BS6: 150 | BT6: 240 | BU6: 240 | CG6: 100 | CH6: 150 | CI6: 250 | CJ6: 220 | CK6: 200 | CL6: 150 | CM6: 240 | CN6: 240
BC7: DTRM F/ASSY | BD7: 0 | BE7: 1094N740-001 | BP7: 100 | BQ7: 150 | BR7: 250 | BS7: 200 | BT7: 200 | BU7: 200 | BV7: 300 | BW7: 260 | CI7: 100 | CJ7: 150 | CK7: 250 | CL7: 200 | CM7: 200 | CN7: 200 | CO7: 300 | CP7: 260
BC8: DTRM F/ASSY | BD8: 1 | BE8: 1094N750-003 | BP8: 100 | BQ8: 150 | BR8: 250 | BS8: 200 | BT8: 200 | BU8: 200 | BV8: 300 | BW8: 260 | CI8: 100 | CJ8: 150 | CK8: 250 | CL8: 200 | CM8: 200 | CN8: 200 | CO8: 300 | CP8: 260
BC9: POWER AMP ASSY | BD9: 2 | BE9: 1094N781-005 | BO9: 100 | BP9: 150 | BQ9: 250 | BR9: 200 | BS9: 200 | BT9: 200 | BU9: 300 | BV9: 260 | CH9: 100 | CI9: 150 | CJ9: 250 | CK9: 200 | CL9: 200 | CM9: 200 | CN9: 300 | CO9: 260
BC10: PC ASSY PA CR | BD10: 3 | BE10: 1094Y030-002 | BN10: 100 | BO10: 150 | BP10: 250 | BQ10: 200 | BR10: 200 | BS10: 200 | BT10: 300 | BU10: 260 | CG10: 100 | CH10: 150 | CI10: 250 | CJ10: 200 | CK10: 200 | CL10: 200 | CM10: 300 | CN10: 260
BC11: CAPASITORS CALIBRATION KIT | BD11: 4 | BE11: 1094Y038-001 | BN11: 100 | BO11: 150 | BP11: 250 | BQ11: 200 | BR11: 200 | BS11: 200 | BT11: 300 | BU11: 260 | CG11: 100 | CH11: 150 | CI11: 250 | CJ11: 200 | CK11: 200 | CL11: 200 | CM11: 300 | CN11: 260
BC12: BEND OF TRANSISTOR | BD12: 3 | BE12: 1094N754-001 | BN12: 100 | BO12: 150 | BP12: 250 | BQ12: 200 | BR12: 200 | BS12: 200 | BT12: 300 | BU12: 260 | CG12: 100 | CH12: 150 | CI12: 250 | CJ12: 200 | CK12: 200 | CL12: 200 | CM12: 300 | CN12: 260
H13: QTY | I13: 1550 | J13: 1550 | K13: 1550 | L13: 1550 | M13: 1550 | N13: 1660 | O13: 1660 | P13: 1660 | Q13: 1660 | R13: 1660 | S13: 1660 | T13: 1660 | U13: 1660 | V13: 1660 | BC13: EV CAP WITH BRACKET | BD13: 3 | BE13: 1093G277-001 | BN13: 100 | BO13: 150 | BP13: 250 | BQ13: 200 | BR13: 200 | BS13: 200 | BT13: 300 | BU13: 260 | CG13: 100 | CH13: 150 | CI13: 250 | CJ13: 200 | CK13: 200 | CL13: 200 | CM13: 300 | CN13: 260
A14: 34 | H14: DESC | I14: =VLOOKUP(I17,$B$18:$F$297,5,) -> DRM F/ASSY | J14: =VLOOKUP(J17,$B$18:$F$297,5,) -> DRM F/ASSY | K14: =VLOOKUP(K17,$B$18:$F$297,5,) -> PS ASSY RX | L14: =VLOOKUP(L17,$B$18:$F$297,5,) -> RX ASSY | M14: =VLOOKUP(M17,$B$18:$F$297,5,) -> PC ASSY DRM CONTROLER NG 400 | N14: =VLOOKUP(N17,$B$18:$F$297,5,) -> DTRM F/ASSY | O14: =VLOOKUP(O17,$B$18:$F$297,5,) -> DTRM F/ASSY | P14: =VLOOKUP(P17,$B$18:$F$297,5,) -> POWER AMP ASSY | ... V14: =VLOOKUP(V17,$B$18:$F$297,5,) -> PC ASSY CONTROLLER 400 | BC14: INSIDE COVER ASSY | BD14: 2 | BE14: 1093N746-001 | BO14: 100 | BP14: 150 | BQ14: 250 | BR14: 200 | BS14: 200 | BT14: 200 | BU14: 300 | BV14: 260 | CH14: 100 | CI14: 150 | CJ14: 250 | CK14: 200 | CL14: 200 | CM14: 200 | CN14: 300 | CO14: 260
A15: 1 | H15: COUNT | I15: =COUNTIF(I18:I293,">0") -> 3 | J15: =COUNTIF(J18:J293,">0") -> 32 | K15: =COUNTIF(K18:K293,">0") -> 13 | L15: =COUNTIF(L18:L293,">0") -> 47 | M15: =COUNTIF(M18:M293,">0") -> 97 | N15: =COUNTIF(N18:N293,">0") -> 4 | O15: =COUNTIF(O18:O293,">0") -> 34 | P15: =COUNTIF(P18:P293,">0") -> 30 | ... V15: =COUNTIF(V18:V293,">0") -> 98 | BC15: PC ASSY CONTROLLER 400 | BD15: 2 | BE15: 1094N790-003 | BO15: 100 | BP15: 150 | BQ15: 250 | BR15: 200 | BS15: 200 | BT15: 200 | BU15: 300 | BV15: 260 | CH15: 100 | CI15: 150 | CJ15: 250 | CK15: 200 | CL15: 200 | CM15: 200 | CN15: 300 | CO15: 260
H16: LEVEL | I16: =VLOOKUP(I17,'[1]הזנת נתונים'!$K$2:$L$50,2,) -> 0 | J16: =VLOOKUP(J17,'[1]הזנת נתונים'!$K$2:$L$50,2,) -> 1 | K16: =VLOOKUP(K17,'[1]הזנת נתונים'!$K$2:$L$50,2,) -> 2 | L16: =VLOOKUP(L17,'[1]הזנת נתונים'!$K$2:$L$50,2,) -> 3 | M16: =VLOOKUP(M17,'[1]הזנת נתונים'!$K$2:$L$50,2,) -> 2 | N16: =VLOOKUP(N17,'[1]הזנת נתונים'!$K$2:$L$50,2,) -> 0 | O16: =VLOOKUP(O17,'[1]הזנת נתונים'!$K$2:$L$50,2,) -> 1 | P16: =VLOOKUP(P17,'[1]הזנת נתונים'!$K$2:$L$50,2,) -> 2 | ... V16: =VLOOKUP(V17,'[1]הזנת נתונים'!$K$2:$L$50,2,) -> 2
A17: # | B17: PN_ID | C17: REV | D17: CATALOG | E17: FFF | F17: DESCRIPTION | G17: UOM | H17: ORIG_QTY | I17: 1094T030-002 | J17: 1094T040-001 | K17: 1094T050-002 | L17: 1094T060-002 | M17: 1094T037-001 | N17: 1094N740-001 | O17: 1094N750-003 | P17: 1094N781-005 | Q17: 1094Y030-002 | R17: 1094Y038-001 | S17: 1094N754-001 | T17: 1093G277-001 | U17: 1093N746-001 | V17: 1094N790-003 | W17: SUM | X17: TOTAL PRICE | Y17: manufacturer | Z17: MPQ | AA17: MOQ | AB17: TOATL QUANTITY TO BUY | AC17: TARGET PRICE | AD17: SUPPLIER | AE17: POC SUPPLIER | AF17: SUPPLIER MAIL | AG17: SUPPLIER PHONE | AH17: NOTES | AI17: 46174 | AJ17: 46204 | AK17: 46235 | AL17: 46266 | AM17: 46296 | AN17: 46327 | AO17: 46357 | AP17: 46388 | AQ17: 46419 | AR17: 46447 | AS17: 46478 | AT17: 46508 | AU17: 46539 | AV17: 46569 | AW17: 46600 | AX17: 46631 | AY17: 46661 | AZ17: 46692 | BA17: 46722 | BB17: STOCK | BC17: DESC | BD17: LEVEL | BE17: PN | BF17: 46174 | BG17: 46204 | BH17: 46235 | BI17: 46266 | BJ17: 46296 | BK17: 46327 | BL17: 46357 | BM17: 46388 | BN17: 46419 | BO17: 46447 | BP17: 46478 | BQ17: 46508 | BR17: 46539 | BS17: 46569 | BT17: 46600 | BU17: 46631 | BV17: 46661 | BW17: 46692 | BX17: 46722 | BY17: 46174 | BZ17: 46204 | CA17: 46235 | CB17: 46266 | CC17: 46296 | CD17: 46327 | CE17: 46357 | CF17: 46388 | CG17: 46419 | CH17: 46447 | CI17: 46478 | CJ17: 46508 | CK17: 46539 | CL17: 46569 | CM17: 46600 | CN17: 46631 | CO17: 46661 | CP17: 46692 | CQ17: 46722
A18: 1 | B18: 1094N740-001 | C18: D | D18: 409547026 | F18: DTRM F/ASSY | G18: EA | H18: 1 | I18: 0 | J18: 0 | K18: 0 | L18: 0 | M18: 0 | N18: 1 | O18: 0 | P18: 0 | Q18: 0 | R18: 0 | S18: 0 | T18: 0 | U18: 0 | V18: 0 | W18: =SUMPRODUCT(I18:V18,$I$13:$V$13) -> 1660 | X18: =SUM(I18:V18)*AC18 -> 0 | Y18: ASSY | Z18: ASSY | AA18: ASSY | AB18: ASSY | AC18: 0 | AD18: ASSY | AE18: ASSY | AF18: ASSY | AG18: ASSY | BG18: =SUM($BB18,$AI18:AI18)-SUM($BY18:BZ18) -> 0 | BH18: =SUM($BB18,$AI18:AJ18)-SUM($BY18:CA18) -> 0 | BI18: =SUM($BB18,$AI18:AK18)-SUM($BY18:CB18) -> 0 | BJ18: =SUM($BB18,$AI18:AL18)-SUM($BY18:CC18) -> 0 | BK18: =SUM($BB18,$AI18:AM18)-SUM($BY18:CD18) -> 0 | BL18: =SUM($BB18,$AI18:AN18)-SUM($BY18:CE18) -> 0 | BM18: =SUM($BB18,$AI18:AO18)-SUM($BY18:CF18) -> 0 | BN18: =SUM($BB18,$AI18:AP18)-SUM($BY18:CG18) -> 0 | ... BX18: =SUM($BB18,$AI18:AZ18)-SUM($BY18:CQ18) -> -1660 | BY18: {=SUMPRODUCT(TRANSPOSE(BY$2:BY$15),$I18:$V18)} -> 0 | BZ18: {=SUMPRODUCT(TRANSPOSE(BZ$2:BZ$15),$I18:$V18)} -> 0 | CA18: {=SUMPRODUCT(TRANSPOSE(CA$2:CA$15),$I18:$V18)} -> 0 | CB18: {=SUMPRODUCT(TRANSPOSE(CB$2:CB$15),$I18:$V18)} -> 0 | CC18: {=SUMPRODUCT(TRANSPOSE(CC$2:CC$15),$I18:$V18)} -> 0 | CD18: {=SUMPRODUCT(TRANSPOSE(CD$2:CD$15),$I18:$V18)} -> 0 | CE18: {=SUMPRODUCT(TRANSPOSE(CE$2:CE$15),$I18:$V18)} -> 0 | CF18: {=SUMPRODUCT(TRANSPOSE(CF$2:CF$15),$I18:$V18)} -> 0 | ... CQ18: {=SUMPRODUCT(TRANSPOSE(CQ$2:CQ$15),$I18:$V18)} -> 0
A19: 2 | B19: 1094T030-002 | C19: B | D19: 421530806 | F19: DRM F/ASSY | G19: EA | H19: 1 | I19: 1 | J19: 0 | K19: 0 | L19: 0 | M19: 0 | N19: 0 | O19: 0 | P19: 0 | Q19: 0 | R19: 0 | S19: 0 | T19: 0 | U19: 0 | V19: 0 | W19: =SUMPRODUCT(I19:V19,$I$13:$V$13) -> 1550 | X19: =SUM(I19:V19)*AC19 -> 0 | Y19: ASSY | Z19: ASSY | AA19: ASSY | AB19: ASSY | AC19: 0 | AD19: ASSY | AE19: ASSY | AF19: ASSY | AG19: ASSY | BG19: =SUM($BB19,$AI19:AI19)-SUM($BY19:BZ19) -> 0 | BH19: =SUM($BB19,$AI19:AJ19)-SUM($BY19:CA19) -> 0 | BI19: =SUM($BB19,$AI19:AK19)-SUM($BY19:CB19) -> 0 | BJ19: =SUM($BB19,$AI19:AL19)-SUM($BY19:CC19) -> 0 | BK19: =SUM($BB19,$AI19:AM19)-SUM($BY19:CD19) -> 0 | BL19: =SUM($BB19,$AI19:AN19)-SUM($BY19:CE19) -> 0 | BM19: =SUM($BB19,$AI19:AO19)-SUM($BY19:CF19) -> 0 | BN19: =SUM($BB19,$AI19:AP19)-SUM($BY19:CG19) -> 0 | ... BX19: =SUM($BB19,$AI19:AZ19)-SUM($BY19:CQ19) -> -1550 | BY19: {=SUMPRODUCT(TRANSPOSE(BY$2:BY$15),$I19:$V19)} -> 0 | BZ19: {=SUMPRODUCT(TRANSPOSE(BZ$2:BZ$15),$I19:$V19)} -> 0 | CA19: {=SUMPRODUCT(TRANSPOSE(CA$2:CA$15),$I19:$V19)} -> 0 | CB19: {=SUMPRODUCT(TRANSPOSE(CB$2:CB$15),$I19:$V19)} -> 0 | CC19: {=SUMPRODUCT(TRANSPOSE(CC$2:CC$15),$I19:$V19)} -> 0 | CD19: {=SUMPRODUCT(TRANSPOSE(CD$2:CD$15),$I19:$V19)} -> 0 | CE19: {=SUMPRODUCT(TRANSPOSE(CE$2:CE$15),$I19:$V19)} -> 0 | CF19: {=SUMPRODUCT(TRANSPOSE(CF$2:CF$15),$I19:$V19)} -> 0 | ... CQ19: {=SUMPRODUCT(TRANSPOSE(CQ$2:CQ$15),$I19:$V19)} -> 0
A20: 60 | B20: 1094T060-002 | C20: D | D20: 411235298 | F20: RX ASSY | G20: EA | H20: 1 | I20: 0 | J20: 0 | K20: 1 | L20: 0 | M20: 0 | N20: 0 | O20: 0 | P20: 0 | Q20: 0 | R20: 0 | S20: 0 | T20: 0 | U20: 0 | V20: 0 | W20: =SUMPRODUCT(I20:V20,$I$13:$V$13) -> 1550 | X20: =SUM(I20:V20)*AC20 -> 0 | Y20: ASSY | Z20: ASSY | AA20: ASSY | AB20: ASSY | AC20: 0 | AD20: ASSY | AE20: ASSY | AF20: ASSY | AG20: ASSY | BG20: =SUM($BB20,$AI20:AI20)-SUM($BY20:BZ20) -> 0 | BH20: =SUM($BB20,$AI20:AJ20)-SUM($BY20:CA20) -> 0 | BI20: =SUM($BB20,$AI20:AK20)-SUM($BY20:CB20) -> 0 | BJ20: =SUM($BB20,$AI20:AL20)-SUM($BY20:CC20) -> 0 | BK20: =SUM($BB20,$AI20:AM20)-SUM($BY20:CD20) -> 0 | BL20: =SUM($BB20,$AI20:AN20)-SUM($BY20:CE20) -> 0 | BM20: =SUM($BB20,$AI20:AO20)-SUM($BY20:CF20) -> 0 | BN20: =SUM($BB20,$AI20:AP20)-SUM($BY20:CG20) -> 0 | ... BX20: =SUM($BB20,$AI20:AZ20)-SUM($BY20:CQ20) -> -1550 | BY20: {=SUMPRODUCT(TRANSPOSE(BY$2:BY$15),$I20:$V20)} -> 0 | BZ20: {=SUMPRODUCT(TRANSPOSE(BZ$2:BZ$15),$I20:$V20)} -> 0 | CA20: {=SUMPRODUCT(TRANSPOSE(CA$2:CA$15),$I20:$V20)} -> 0 | CB20: {=SUMPRODUCT(TRANSPOSE(CB$2:CB$15),$I20:$V20)} -> 0 | CC20: {=SUMPRODUCT(TRANSPOSE(CC$2:CC$15),$I20:$V20)} -> 0 | CD20: {=SUMPRODUCT(TRANSPOSE(CD$2:CD$15),$I20:$V20)} -> 0 | CE20: {=SUMPRODUCT(TRANSPOSE(CE$2:CE$15),$I20:$V20)} -> 0 | CF20: {=SUMPRODUCT(TRANSPOSE(CF$2:CF$15),$I20:$V20)} -> 0 | ... CQ20: {=SUMPRODUCT(TRANSPOSE(CQ$2:CQ$15),$I20:$V20)} -> 0
A21: 66 | B21: 1097U145-001 | C21: A | D21: 412594024 | F21: S-BAND MFC F/ASSY | G21: EA | H21: 2 | I21: 0 | J21: 0 | K21: 0 | L21: 0 | M21: 0 | N21: 0 | O21: 0 | P21: 0 | Q21: 2 | R21: 0 | S21: 0 | T21: 0 | U21: 0 | V21: 0 | W21: =SUMPRODUCT(I21:V21,$I$13:$V$13) -> 3320 | X21: =SUM(I21:V21)*AC21 -> 1258 | Y21: =VLOOKUP(D21,[1]PARTS!$A$1:$G$65536,7,0) | AA21: 3280 | AB21: 3208 | AC21: =620+9 -> 629 | BG21: =SUM($BB21,$AI21:AI21)-SUM($BY21:BZ21) -> 0 | BH21: =SUM($BB21,$AI21:AJ21)-SUM($BY21:CA21) -> 0 | BI21: =SUM($BB21,$AI21:AK21)-SUM($BY21:CB21) -> 0 | BJ21: =SUM($BB21,$AI21:AL21)-SUM($BY21:CC21) -> 0 | BK21: =SUM($BB21,$AI21:AM21)-SUM($BY21:CD21) -> 0 | BL21: =SUM($BB21,$AI21:AN21)-SUM($BY21:CE21) -> 0 | BM21: =SUM($BB21,$AI21:AO21)-SUM($BY21:CF21) -> 0 | BN21: =SUM($BB21,$AI21:AP21)-SUM($BY21:CG21) -> -200 | ... BX21: =SUM($BB21,$AI21:AZ21)-SUM($BY21:CQ21) -> -3320 | BY21: {=SUMPRODUCT(TRANSPOSE(BY$2:BY$15),$I21:$V21)} -> 0 | BZ21: {=SUMPRODUCT(TRANSPOSE(BZ$2:BZ$15),$I21:$V21)} -> 0 | CA21: {=SUMPRODUCT(TRANSPOSE(CA$2:CA$15),$I21:$V21)} -> 0 | CB21: {=SUMPRODUCT(TRANSPOSE(CB$2:CB$15),$I21:$V21)} -> 0 | CC21: {=SUMPRODUCT(TRANSPOSE(CC$2:CC$15),$I21:$V21)} -> 0 | CD21: {=SUMPRODUCT(TRANSPOSE(CD$2:CD$15),$I21:$V21)} -> 0 | CE21: {=SUMPRODUCT(TRANSPOSE(CE$2:CE$15),$I21:$V21)} -> 0 | CF21: {=SUMPRODUCT(TRANSPOSE(CF$2:CF$15),$I21:$V21)} -> 0 | ... CQ21: {=SUMPRODUCT(TRANSPOSE(CQ$2:CQ$15),$I21:$V21)} -> 0
A22: 68 | B22: 1097U147-001 | C22: A | D22: 412594026 | F22: S-BAND DPS LS F/ASSY | G22: EA | H22: 2 | I22: 0 | J22: 0 | K22: 0 | L22: 0 | M22: 0 | N22: 0 | O22: 0 | P22: 0 | Q22: 2 | R22: 0 | S22: 0 | T22: 0 | U22: 0 | V22: 0 | W22: =SUMPRODUCT(I22:V22,$I$13:$V$13) -> 3320 | X22: =SUM(I22:V22)*AC22 -> 1180 | Y22: =VLOOKUP(D22,[1]PARTS!$A$1:$G$65536,7,0) | AA22: 3280 | AB22: 3208 | AC22: =551.59+38.41 -> 590 | BG22: =SUM($BB22,$AI22:AI22)-SUM($BY22:BZ22) -> 0 | BH22: =SUM($BB22,$AI22:AJ22)-SUM($BY22:CA22) -> 0 | BI22: =SUM($BB22,$AI22:AK22)-SUM($BY22:CB22) -> 0 | BJ22: =SUM($BB22,$AI22:AL22)-SUM($BY22:CC22) -> 0 | BK22: =SUM($BB22,$AI22:AM22)-SUM($BY22:CD22) -> 0 | BL22: =SUM($BB22,$AI22:AN22)-SUM($BY22:CE22) -> 0 | BM22: =SUM($BB22,$AI22:AO22)-SUM($BY22:CF22) -> 0 | BN22: =SUM($BB22,$AI22:AP22)-SUM($BY22:CG22) -> -200 | ... BX22: =SUM($BB22,$AI22:AZ22)-SUM($BY22:CQ22) -> -3320 | BY22: {=SUMPRODUCT(TRANSPOSE(BY$2:BY$15),$I22:$V22)} -> 0 | BZ22: {=SUMPRODUCT(TRANSPOSE(BZ$2:BZ$15),$I22:$V22)} -> 0 | CA22: {=SUMPRODUCT(TRANSPOSE(CA$2:CA$15),$I22:$V22)} -> 0 | CB22: {=SUMPRODUCT(TRANSPOSE(CB$2:CB$15),$I22:$V22)} -> 0 | CC22: {=SUMPRODUCT(TRANSPOSE(CC$2:CC$15),$I22:$V22)} -> 0 | CD22: {=SUMPRODUCT(TRANSPOSE(CD$2:CD$15),$I22:$V22)} -> 0 | CE22: {=SUMPRODUCT(TRANSPOSE(CE$2:CE$15),$I22:$V22)} -> 0 | CF22: {=SUMPRODUCT(TRANSPOSE(CF$2:CF$15),$I22:$V22)} -> 0 | ... CQ22: {=SUMPRODUCT(TRANSPOSE(CQ$2:CQ$15),$I22:$V22)} -> 0
A23: 47 | B23: 1094N782-003 | C23: A | D23: 414338971 | F23: PC BLANK MASTER DWG. MMR-40 Z5 | G23: EA | H23: 1 | I23: 0 | J23: 0 | K23: 0 | L23: 0 | M23: 0 | N23: 0 | O23: 0 | P23: 0 | Q23: 1 | R23: 0 | S23: 0 | T23: 0 | U23: 0 | V23: 0 | W23: =SUMPRODUCT(I23:V23,$I$13:$V$13) -> 1660 | X23: =SUM(I23:V23)*AC23 -> 200 | Y23: =VLOOKUP(D23,[1]PARTS!$A$1:$G$65536,7,0) | Z23: 1 | AA23: 1640 | AB23: =CEILING(W23,Z23) -> 1660 | AC23: 200 | AD23: SANMINA/MICROPACK/CPC | AE23: SANMINA/MICROPACK/CPC | AF23: SANMINA/MICROPACK/CPC | AG23: SANMINA/MICROPACK/CPC | AH23: SANMINA/MICROPACK/CPC | BG23: =SUM($BB23,$AI23:AI23)-SUM($BY23:BZ23) -> 0 | BH23: =SUM($BB23,$AI23:AJ23)-SUM($BY23:CA23) -> 0 | BI23: =SUM($BB23,$AI23:AK23)-SUM($BY23:CB23) -> 0 | BJ23: =SUM($BB23,$AI23:AL23)-SUM($BY23:CC23) -> 0 | BK23: =SUM($BB23,$AI23:AM23)-SUM($BY23:CD23) -> 0 | BL23: =SUM($BB23,$AI23:AN23)-SUM($BY23:CE23) -> 0 | BM23: =SUM($BB23,$AI23:AO23)-SUM($BY23:CF23) -> 0 | BN23: =SUM($BB23,$AI23:AP23)-SUM($BY23:CG23) -> -100 | ... BX23: =SUM($BB23,$AI23:AZ23)-SUM($BY23:CQ23) -> -1660 | BY23: {=SUMPRODUCT(TRANSPOSE(BY$2:BY$15),$I23:$V23)} -> 0 | BZ23: {=SUMPRODUCT(TRANSPOSE(BZ$2:BZ$15),$I23:$V23)} -> 0 | CA23: {=SUMPRODUCT(TRANSPOSE(CA$2:CA$15),$I23:$V23)} -> 0 | CB23: {=SUMPRODUCT(TRANSPOSE(CB$2:CB$15),$I23:$V23)} -> 0 | CC23: {=SUMPRODUCT(TRANSPOSE(CC$2:CC$15),$I23:$V23)} -> 0 | CD23: {=SUMPRODUCT(TRANSPOSE(CD$2:CD$15),$I23:$V23)} -> 0 | CE23: {=SUMPRODUCT(TRANSPOSE(CE$2:CE$15),$I23:$V23)} -> 0 | CF23: {=SUMPRODUCT(TRANSPOSE(CF$2:CF$15),$I23:$V23)} -> 0 | ... CQ23: {=SUMPRODUCT(TRANSPOSE(CQ$2:CQ$15),$I23:$V23)} -> 0
A24: 137 | B24: CGHV35400F1 | C24: BUY1 | D24: 402803473 | F24: AMPL RF GAN 400W 2.9-3.5GHZ 11DB SMT | G24: EA | H24: 2 | I24: 0 | J24: 0 | K24: 0 | L24: 0 | M24: 0 | N24: 0 | O24: 0 | P24: 2 | Q24: 0 | R24: 0 | S24: 0 | T24: 0 | U24: 0 | V24: 0 | W24: =SUMPRODUCT(I24:V24,$I$13:$V$13) -> 3320 | X24: =SUM(I24:V24)*AC24 -> 428 | Y24: =VLOOKUP(D24,[1]PARTS!$A$1:$G$65536,7,0) -> Wolfspeed | Z24: 50 | AA24: 3280 | AB24: =CEILING(W24,Z24) -> 3350 | AC24: 214 | AD24: MACOM | AE24: DANIELA PINHAS | AF24: Daniela@nisko.com | AG24: 972-54-2007783 | BG24: =SUM($BB24,$AI24:AI24)-SUM($BY24:BZ24) -> 0 | BH24: =SUM($BB24,$AI24:AJ24)-SUM($BY24:CA24) -> 0 | BI24: =SUM($BB24,$AI24:AK24)-SUM($BY24:CB24) -> 0 | BJ24: =SUM($BB24,$AI24:AL24)-SUM($BY24:CC24) -> 0 | BK24: =SUM($BB24,$AI24:AM24)-SUM($BY24:CD24) -> 0 | BL24: =SUM($BB24,$AI24:AN24)-SUM($BY24:CE24) -> 0 | BM24: =SUM($BB24,$AI24:AO24)-SUM($BY24:CF24) -> 0 | BN24: =SUM($BB24,$AI24:AP24)-SUM($BY24:CG24) -> 0 | ... BX24: =SUM($BB24,$AI24:AZ24)-SUM($BY24:CQ24) -> -3320 | BY24: {=SUMPRODUCT(TRANSPOSE(BY$2:BY$15),$I24:$V24)} -> 0 | BZ24: {=SUMPRODUCT(TRANSPOSE(BZ$2:BZ$15),$I24:$V24)} -> 0 | CA24: {=SUMPRODUCT(TRANSPOSE(CA$2:CA$15),$I24:$V24)} -> 0 | CB24: {=SUMPRODUCT(TRANSPOSE(CB$2:CB$15),$I24:$V24)} -> 0 | CC24: {=SUMPRODUCT(TRANSPOSE(CC$2:CC$15),$I24:$V24)} -> 0 | CD24: {=SUMPRODUCT(TRANSPOSE(CD$2:CD$15),$I24:$V24)} -> 0 | CE24: {=SUMPRODUCT(TRANSPOSE(CE$2:CE$15),$I24:$V24)} -> 0 | CF24: {=SUMPRODUCT(TRANSPOSE(CF$2:CF$15),$I24:$V24)} -> 0 | ... CQ24: {=SUMPRODUCT(TRANSPOSE(CQ$2:CQ$15),$I24:$V24)} -> 0
A25: 70 | B25: 1097U217-001 | C25: A | D25: 412779594 | F25: F/ASSY LNA DCA | G25: EA | H25: 2 | I25: 0 | J25: 0 | K25: 0 | L25: 2 | M25: 0 | N25: 0 | O25: 0 | P25: 0 | Q25: 0 | R25: 0 | S25: 0 | T25: 0 | U25: 0 | V25: 0 | W25: =SUMPRODUCT(I25:V25,$I$13:$V$13) -> 3100 | X25: =SUM(I25:V25)*AC25 -> 654 | Y25: =VLOOKUP(D25,[1]PARTS!$A$1:$G$65536,7,0) | AA25: 3060 | AB25: 3060 | AC25: =310+17 -> 327 | BG25: =SUM($BB25,$AI25:AI25)-SUM($BY25:BZ25) -> 0 | BH25: =SUM($BB25,$AI25:AJ25)-SUM($BY25:CA25) -> 0 | BI25: =SUM($BB25,$AI25:AK25)-SUM($BY25:CB25) -> 0 | BJ25: =SUM($BB25,$AI25:AL25)-SUM($BY25:CC25) -> 0 | BK25: =SUM($BB25,$AI25:AM25)-SUM($BY25:CD25) -> 0 | BL25: =SUM($BB25,$AI25:AN25)-SUM($BY25:CE25) -> 0 | BM25: =SUM($BB25,$AI25:AO25)-SUM($BY25:CF25) -> 0 | BN25: =SUM($BB25,$AI25:AP25)-SUM($BY25:CG25) -> -200 | ... BX25: =SUM($BB25,$AI25:AZ25)-SUM($BY25:CQ25) -> -3100 | BY25: {=SUMPRODUCT(TRANSPOSE(BY$2:BY$15),$I25:$V25)} -> 0 | BZ25: {=SUMPRODUCT(TRANSPOSE(BZ$2:BZ$15),$I25:$V25)} -> 0 | CA25: {=SUMPRODUCT(TRANSPOSE(CA$2:CA$15),$I25:$V25)} -> 0 | CB25: {=SUMPRODUCT(TRANSPOSE(CB$2:CB$15),$I25:$V25)} -> 0 | CC25: {=SUMPRODUCT(TRANSPOSE(CC$2:CC$15),$I25:$V25)} -> 0 | CD25: {=SUMPRODUCT(TRANSPOSE(CD$2:CD$15),$I25:$V25)} -> 0 | CE25: {=SUMPRODUCT(TRANSPOSE(CE$2:CE$15),$I25:$V25)} -> 0 | CF25: {=SUMPRODUCT(TRANSPOSE(CF$2:CF$15),$I25:$V25)} -> 0 | ... CQ25: {=SUMPRODUCT(TRANSPOSE(CQ$2:CQ$15),$I25:$V25)} -> 0
A26: 72 | B26: 1097U219-001 | C26: A | D26: 412779595 | F26: F/ASSY PH/SH | G26: EA | H26: 2 | I26: 0 | J26: 0 | K26: 0 | L26: 2 | M26: 0 | N26: 0 | O26: 0 | P26: 0 | Q26: 0 | R26: 0 | S26: 0 | T26: 0 | U26: 0 | V26: 0 | W26: =SUMPRODUCT(I26:V26,$I$13:$V$13) -> 3100 | X26: =SUM(I26:V26)*AC26 -> 626 | Y26: =VLOOKUP(D26,[1]PARTS!$A$1:$G$65536,7,0) | AA26: 3060 | AB26: 3060 | AC26: =296+17 -> 313 | BG26: =SUM($BB26,$AI26:AI26)-SUM($BY26:BZ26) -> 0 | BH26: =SUM($BB26,$AI26:AJ26)-SUM($BY26:CA26) -> 0 | BI26: =SUM($BB26,$AI26:AK26)-SUM($BY26:CB26) -> 0 | BJ26: =SUM($BB26,$AI26:AL26)-SUM($BY26:CC26) -> 0 | BK26: =SUM($BB26,$AI26:AM26)-SUM($BY26:CD26) -> 0 | BL26: =SUM($BB26,$AI26:AN26)-SUM($BY26:CE26) -> 0 | BM26: =SUM($BB26,$AI26:AO26)-SUM($BY26:CF26) -> 0 | BN26: =SUM($BB26,$AI26:AP26)-SUM($BY26:CG26) -> -200 | ... BX26: =SUM($BB26,$AI26:AZ26)-SUM($BY26:CQ26) -> -3100 | BY26: {=SUMPRODUCT(TRANSPOSE(BY$2:BY$15),$I26:$V26)} -> 0 | BZ26: {=SUMPRODUCT(TRANSPOSE(BZ$2:BZ$15),$I26:$V26)} -> 0 | CA26: {=SUMPRODUCT(TRANSPOSE(CA$2:CA$15),$I26:$V26)} -> 0 | CB26: {=SUMPRODUCT(TRANSPOSE(CB$2:CB$15),$I26:$V26)} -> 0 | CC26: {=SUMPRODUCT(TRANSPOSE(CC$2:CC$15),$I26:$V26)} -> 0 | CD26: {=SUMPRODUCT(TRANSPOSE(CD$2:CD$15),$I26:$V26)} -> 0 | CE26: {=SUMPRODUCT(TRANSPOSE(CE$2:CE$15),$I26:$V26)} -> 0 | CF26: {=SUMPRODUCT(TRANSPOSE(CF$2:CF$15),$I26:$V26)} -> 0 | ... CQ26: {=SUMPRODUCT(TRANSPOSE(CQ$2:CQ$15),$I26:$V26)} -> 0
A27: 225 | B27: IHQ2063942 | C27: BUY1 | D27: 411346444 | F27: HYBRID CAPACITOR 63V 9400UF | G27: EA | H27: 1 | I27: 0 | J27: 0 | K27: 0 | L27: 0 | M27: 0 | N27: 0 | O27: 0 | P27: 0 | Q27: 0 | R27: 0 | S27: 0 | T27: 1 | U27: 0 | V27: 0 | W27: =SUMPRODUCT(I27:V27,$I$13:$V$13) -> 1660 | X27: =SUM(I27:V27)*AC27 -> 298 | Y27: =VLOOKUP(D27,[1]PARTS!$A$1:$G$65536,7,0) -> EVANS CAPACITOR COMPANY | Z27: 1 | AA27: 1640 | AB27: =CEILING(W27,Z27) -> 1660 | AC27: =VLOOKUP(D27,[2]pareto!$D$12:$AX$306,47,0) -> 298 | AD27: EVANS | AE27: Haim Koren | AF27: Haimk@militram.com | AG27: 972-547709603 | BG27: =SUM($BB27,$AI27:AI27)-SUM($BY27:BZ27) -> 0 | BH27: =SUM($BB27,$AI27:AJ27)-SUM($BY27:CA27) -> 0 | BI27: =SUM($BB27,$AI27:AK27)-SUM($BY27:CB27) -> 0 | BJ27: =SUM($BB27,$AI27:AL27)-SUM($BY27:CC27) -> 0 | BK27: =SUM($BB27,$AI27:AM27)-SUM($BY27:CD27) -> 0 | BL27: =SUM($BB27,$AI27:AN27)-SUM($BY27:CE27) -> 0 | BM27: =SUM($BB27,$AI27:AO27)-SUM($BY27:CF27) -> 0 | BN27: =SUM($BB27,$AI27:AP27)-SUM($BY27:CG27) -> -100 | ... BX27: =SUM($BB27,$AI27:AZ27)-SUM($BY27:CQ27) -> -1660 | BY27: {=SUMPRODUCT(TRANSPOSE(BY$2:BY$15),$I27:$V27)} -> 0 | BZ27: {=SUMPRODUCT(TRANSPOSE(BZ$2:BZ$15),$I27:$V27)} -> 0 | CA27: {=SUMPRODUCT(TRANSPOSE(CA$2:CA$15),$I27:$V27)} -> 0 | CB27: {=SUMPRODUCT(TRANSPOSE(CB$2:CB$15),$I27:$V27)} -> 0 | CC27: {=SUMPRODUCT(TRANSPOSE(CC$2:CC$15),$I27:$V27)} -> 0 | CD27: {=SUMPRODUCT(TRANSPOSE(CD$2:CD$15),$I27:$V27)} -> 0 | CE27: {=SUMPRODUCT(TRANSPOSE(CE$2:CE$15),$I27:$V27)} -> 0 | CF27: {=SUMPRODUCT(TRANSPOSE(CF$2:CF$15),$I27:$V27)} -> 0 | ... CQ27: {=SUMPRODUCT(TRANSPOSE(CQ$2:CQ$15),$I27:$V27)} -> 0
A28: 61 | B28: 1094T062-002 | C28: -1 | D28: 411235297 | F28: PC BLANK MASTER DRAWING MMR-41 Z2 | G28: EA | H28: 1 | I28: 0 | J28: 0 | K28: 0 | L28: 1 | M28: 0 | N28: 0 | O28: 0 | P28: 0 | Q28: 0 | R28: 0 | S28: 0 | T28: 0 | U28: 0 | V28: 0 | W28: =SUMPRODUCT(I28:V28,$I$13:$V$13) -> 1550 | X28: =SUM(I28:V28)*AC28 -> 68 | Y28: =VLOOKUP(D28,[1]PARTS!$A$1:$G$65536,7,0) | Z28: 1 | AA28: 1530 | AB28: =CEILING(W28,Z28) -> 1550 | AC28: 68 | AD28: SANMINA/MICROPACK/CPC | AE28: SANMINA/MICROPACK/CPC | AF28: SANMINA/MICROPACK/CPC | AG28: SANMINA/MICROPACK/CPC | AH28: SANMINA/MICROPACK/CPC | BG28: =SUM($BB28,$AI28:AI28)-SUM($BY28:BZ28) -> 0 | BH28: =SUM($BB28,$AI28:AJ28)-SUM($BY28:CA28) -> 0 | BI28: =SUM($BB28,$AI28:AK28)-SUM($BY28:CB28) -> 0 | BJ28: =SUM($BB28,$AI28:AL28)-SUM($BY28:CC28) -> 0 | BK28: =SUM($BB28,$AI28:AM28)-SUM($BY28:CD28) -> 0 | BL28: =SUM($BB28,$AI28:AN28)-SUM($BY28:CE28) -> 0 | BM28: =SUM($BB28,$AI28:AO28)-SUM($BY28:CF28) -> 0 | BN28: =SUM($BB28,$AI28:AP28)-SUM($BY28:CG28) -> -100 | ... BX28: =SUM($BB28,$AI28:AZ28)-SUM($BY28:CQ28) -> -1550 | BY28: {=SUMPRODUCT(TRANSPOSE(BY$2:BY$15),$I28:$V28)} -> 0 | BZ28: {=SUMPRODUCT(TRANSPOSE(BZ$2:BZ$15),$I28:$V28)} -> 0 | CA28: {=SUMPRODUCT(TRANSPOSE(CA$2:CA$15),$I28:$V28)} -> 0 | CB28: {=SUMPRODUCT(TRANSPOSE(CB$2:CB$15),$I28:$V28)} -> 0 | CC28: {=SUMPRODUCT(TRANSPOSE(CC$2:CC$15),$I28:$V28)} -> 0 | CD28: {=SUMPRODUCT(TRANSPOSE(CD$2:CD$15),$I28:$V28)} -> 0 | CE28: {=SUMPRODUCT(TRANSPOSE(CE$2:CE$15),$I28:$V28)} -> 0 | CF28: {=SUMPRODUCT(TRANSPOSE(CF$2:CF$15),$I28:$V28)} -> 0 | ... CQ28: {=SUMPRODUCT(TRANSPOSE(CQ$2:CQ$15),$I28:$V28)} -> 0
A29: 35 | B29: 1094N761-002 | C29: - | D29: 411160563 | F29: BOX MACHINING | G29: EA | H29: 2 | I29: 0 | J29: 0 | K29: 1 | L29: 0 | M29: 0 | N29: 0 | O29: 0 | P29: 1 | Q29: 0 | R29: 0 | S29: 0 | T29: 0 | U29: 0 | V29: 0 | W29: =SUMPRODUCT(I29:V29,$I$13:$V$13) -> 3210 | X29: =SUM(I29:V29)*AC29 -> 94.3 | Y29: =VLOOKUP(D29,[1]PARTS!$A$1:$G$65536,7,0) | Z29: 1 | AA29: 3170 | AB29: =CEILING(W29,Z29) -> 3210 | AC29: =VLOOKUP(D29,[2]pareto!$D$12:$AX$306,47,0) -> 47.15 | AD29: WAVE MECHANICS | AE29: WAVE MECHANICS | AF29: =VLOOKUP(D29,[2]pareto!$D$11:$BD$306,52,0) -> tnp@wave-mechanics.com | AG29: =VLOOKUP(D29,[2]pareto!$D$11:$BD$306,51) -> #REF! | BG29: =SUM($BB29,$AI29:AI29)-SUM($BY29:BZ29) -> 0 | BH29: =SUM($BB29,$AI29:AJ29)-SUM($BY29:CA29) -> 0 | BI29: =SUM($BB29,$AI29:AK29)-SUM($BY29:CB29) -> 0 | BJ29: =SUM($BB29,$AI29:AL29)-SUM($BY29:CC29) -> 0 | BK29: =SUM($BB29,$AI29:AM29)-SUM($BY29:CD29) -> 0 | BL29: =SUM($BB29,$AI29:AN29)-SUM($BY29:CE29) -> 0 | BM29: =SUM($BB29,$AI29:AO29)-SUM($BY29:CF29) -> 0 | BN29: =SUM($BB29,$AI29:AP29)-SUM($BY29:CG29) -> 0 | ... BX29: =SUM($BB29,$AI29:AZ29)-SUM($BY29:CQ29) -> -3210 | BY29: {=SUMPRODUCT(TRANSPOSE(BY$2:BY$15),$I29:$V29)} -> 0 | BZ29: {=SUMPRODUCT(TRANSPOSE(BZ$2:BZ$15),$I29:$V29)} -> 0 | CA29: {=SUMPRODUCT(TRANSPOSE(CA$2:CA$15),$I29:$V29)} -> 0 | CB29: {=SUMPRODUCT(TRANSPOSE(CB$2:CB$15),$I29:$V29)} -> 0 | CC29: {=SUMPRODUCT(TRANSPOSE(CC$2:CC$15),$I29:$V29)} -> 0 | CD29: {=SUMPRODUCT(TRANSPOSE(CD$2:CD$15),$I29:$V29)} -> 0 | CE29: {=SUMPRODUCT(TRANSPOSE(CE$2:CE$15),$I29:$V29)} -> 0 | CF29: {=SUMPRODUCT(TRANSPOSE(CF$2:CF$15),$I29:$V29)} -> 0 | ... CQ29: {=SUMPRODUCT(TRANSPOSE(CQ$2:CQ$15),$I29:$V29)} -> 0
A30: 46 | B30: 1094N781-005 | C30: A03 | D30: 405170958 | F30: POWER AMP ASSY | G30: EA | H30: 1 | I30: 0 | J30: 0 | K30: 0 | L30: 0 | M30: 0 | N30: 0 | O30: 1 | P30: 0 | Q30: 0 | R30: 0 | S30: 0 | T30: 0 | U30: 0 | V30: 0 | W30: =SUMPRODUCT(I30:V30,$I$13:$V$13) -> 1660 | X30: =SUM(I30:V30)*AC30 -> 0 | Y30: ASSY | Z30: ASSY | AA30: ASSY | AB30: ASSY | AC30: 0 | AD30: ASSY | AE30: ASSY | AF30: ASSY | AG30: ASSY | BG30: =SUM($BB30,$AI30:AI30)-SUM($BY30:BZ30) -> 0 | BH30: =SUM($BB30,$AI30:AJ30)-SUM($BY30:CA30) -> 0 | BI30: =SUM($BB30,$AI30:AK30)-SUM($BY30:CB30) -> 0 | BJ30: =SUM($BB30,$AI30:AL30)-SUM($BY30:CC30) -> 0 | BK30: =SUM($BB30,$AI30:AM30)-SUM($BY30:CD30) -> 0 | BL30: =SUM($BB30,$AI30:AN30)-SUM($BY30:CE30) -> 0 | BM30: =SUM($BB30,$AI30:AO30)-SUM($BY30:CF30) -> 0 | BN30: =SUM($BB30,$AI30:AP30)-SUM($BY30:CG30) -> 0 | ... BX30: =SUM($BB30,$AI30:AZ30)-SUM($BY30:CQ30) -> -1660 | BY30: {=SUMPRODUCT(TRANSPOSE(BY$2:BY$15),$I30:$V30)} -> 0 | BZ30: {=SUMPRODUCT(TRANSPOSE(BZ$2:BZ$15),$I30:$V30)} -> 0 | CA30: {=SUMPRODUCT(TRANSPOSE(CA$2:CA$15),$I30:$V30)} -> 0 | CB30: {=SUMPRODUCT(TRANSPOSE(CB$2:CB$15),$I30:$V30)} -> 0 | CC30: {=SUMPRODUCT(TRANSPOSE(CC$2:CC$15),$I30:$V30)} -> 0 | CD30: {=SUMPRODUCT(TRANSPOSE(CD$2:CD$15),$I30:$V30)} -> 0 | CE30: {=SUMPRODUCT(TRANSPOSE(CE$2:CE$15),$I30:$V30)} -> 0 | CF30: {=SUMPRODUCT(TRANSPOSE(CF$2:CF$15),$I30:$V30)} -> 0 | ... CQ30: {=SUMPRODUCT(TRANSPOSE(CQ$2:CQ$15),$I30:$V30)} -> 0
A31: 22 | B31: 1093N721-001 | C31: - | D31: 417083200 | F31: COVER | G31: EA | H31: 2 | I31: 0 | J31: 1 | K31: 0 | L31: 0 | M31: 0 | N31: 0 | O31: 1 | P31: 0 | Q31: 0 | R31: 0 | S31: 0 | T31: 0 | U31: 0 | V31: 0 | W31: =SUMPRODUCT(I31:V31,$I$13:$V$13) -> 3210 | X31: =SUM(I31:V31)*AC31 -> 75.9 | Y31: =VLOOKUP(D31,[1]PARTS!$A$1:$G$65536,7,0) | Z31: 1 | AA31: 3170 | AB31: =CEILING(W31,Z31) -> 3210 | AC31: =VLOOKUP(D31,[2]pareto!$D$12:$AX$306,47,0) -> 37.95 | AD31: WAVE MECHANICS | AE31: WAVE MECHANICS | AF31: =VLOOKUP(D31,[2]pareto!$D$11:$BD$306,52,0) -> tnp@wave-mechanics.com | AG31: =VLOOKUP(D31,[2]pareto!$D$11:$BD$306,51) -> #REF! | BG31: =SUM($BB31,$AI31:AI31)-SUM($BY31:BZ31) -> 0 | BH31: =SUM($BB31,$AI31:AJ31)-SUM($BY31:CA31) -> 0 | BI31: =SUM($BB31,$AI31:AK31)-SUM($BY31:CB31) -> 0 | BJ31: =SUM($BB31,$AI31:AL31)-SUM($BY31:CC31) -> 0 | BK31: =SUM($BB31,$AI31:AM31)-SUM($BY31:CD31) -> 0 | BL31: =SUM($BB31,$AI31:AN31)-SUM($BY31:CE31) -> 0 | BM31: =SUM($BB31,$AI31:AO31)-SUM($BY31:CF31) -> 0 | BN31: =SUM($BB31,$AI31:AP31)-SUM($BY31:CG31) -> 0 | ... BX31: =SUM($BB31,$AI31:AZ31)-SUM($BY31:CQ31) -> -3210 | BY31: {=SUMPRODUCT(TRANSPOSE(BY$2:BY$15),$I31:$V31)} -> 0 | BZ31: {=SUMPRODUCT(TRANSPOSE(BZ$2:BZ$15),$I31:$V31)} -> 0 | CA31: {=SUMPRODUCT(TRANSPOSE(CA$2:CA$15),$I31:$V31)} -> 0 | CB31: {=SUMPRODUCT(TRANSPOSE(CB$2:CB$15),$I31:$V31)} -> 0 | CC31: {=SUMPRODUCT(TRANSPOSE(CC$2:CC$15),$I31:$V31)} -> 0 | CD31: {=SUMPRODUCT(TRANSPOSE(CD$2:CD$15),$I31:$V31)} -> 0 | CE31: {=SUMPRODUCT(TRANSPOSE(CE$2:CE$15),$I31:$V31)} -> 0 | CF31: {=SUMPRODUCT(TRANSPOSE(CF$2:CF$15),$I31:$V31)} -> 0 | ... CQ31: {=SUMPRODUCT(TRANSPOSE(CQ$2:CQ$15),$I31:$V31)} -> 0
A32: 64 | B32: 1094Y030-002 | C32: -1 | D32: 418707643 | F32: PC ASSY PA CR | G32: EA | H32: 1 | I32: 0 | J32: 0 | K32: 0 | L32: 0 | M32: 0 | N32: 0 | O32: 0 | P32: 1 | Q32: 0 | R32: 0 | S32: 0 | T32: 0 | U32: 0 | V32: 0 | W32: =SUMPRODUCT(I32:V32,$I$13:$V$13) -> 1660 | X32: =SUM(I32:V32)*AC32 -> 0 | Y32: ASSY | Z32: ASSY | AA32: ASSY | AB32: ASSY | AC32: 0 | AD32: ASSY | AE32: ASSY | AF32: ASSY | AG32: ASSY | BG32: =SUM($BB32,$AI32:AI32)-SUM($BY32:BZ32) -> 0 | BH32: =SUM($BB32,$AI32:AJ32)-SUM($BY32:CA32) -> 0 | BI32: =SUM($BB32,$AI32:AK32)-SUM($BY32:CB32) -> 0 | BJ32: =SUM($BB32,$AI32:AL32)-SUM($BY32:CC32) -> 0 | BK32: =SUM($BB32,$AI32:AM32)-SUM($BY32:CD32) -> 0 | BL32: =SUM($BB32,$AI32:AN32)-SUM($BY32:CE32) -> 0 | BM32: =SUM($BB32,$AI32:AO32)-SUM($BY32:CF32) -> 0 | BN32: =SUM($BB32,$AI32:AP32)-SUM($BY32:CG32) -> 0 | ... BX32: =SUM($BB32,$AI32:AZ32)-SUM($BY32:CQ32) -> -1660 | BY32: {=SUMPRODUCT(TRANSPOSE(BY$2:BY$15),$I32:$V32)} -> 0 | BZ32: {=SUMPRODUCT(TRANSPOSE(BZ$2:BZ$15),$I32:$V32)} -> 0 | CA32: {=SUMPRODUCT(TRANSPOSE(CA$2:CA$15),$I32:$V32)} -> 0 | CB32: {=SUMPRODUCT(TRANSPOSE(CB$2:CB$15),$I32:$V32)} -> 0 | CC32: {=SUMPRODUCT(TRANSPOSE(CC$2:CC$15),$I32:$V32)} -> 0 | CD32: {=SUMPRODUCT(TRANSPOSE(CD$2:CD$15),$I32:$V32)} -> 0 | CE32: {=SUMPRODUCT(TRANSPOSE(CE$2:CE$15),$I32:$V32)} -> 0 | CF32: {=SUMPRODUCT(TRANSPOSE(CF$2:CF$15),$I32:$V32)} -> 0 | ... CQ32: {=SUMPRODUCT(TRANSPOSE(CQ$2:CQ$15),$I32:$V32)} -> 0
A33: 308 | B33: TGL2927-SM | C33: BUY1 | D33: 409604724 | F33: VPIN LIMITER 200W 2-4GHZ | G33: EA | H33: 4 | I33: 0 | J33: 0 | K33: 0 | L33: 2 | M33: 0 | N33: 0 | O33: 0 | P33: 0 | Q33: 2 | R33: 0 | S33: 0 | T33: 0 | U33: 0 | V33: 0 | W33: =SUMPRODUCT(I33:V33,$I$13:$V$13) -> 6420 | X33: =SUM(I33:V33)*AC33 -> 64 | Y33: =VLOOKUP(D33,[1]PARTS!$A$1:$G$65536,7,0) -> QORVO US, INC | Z33: 500 | AA33: =VLOOKUP(D33,[2]pareto!$D$12:$AX$306,45,0) -> 5500 | AB33: =CEILING(W33,Z33) -> 6500 | AC33: =VLOOKUP(D33,[2]pareto!$D$12:$AX$306,47,0) -> 16 | AD33: QURVO | AE33: Shuli Ronin | AF33: =VLOOKUP(D33,[2]pareto!$D$11:$BD$306,52,0) -> shuli.ronin@qorvo.com | AG33: 972 - 9-7926694 | BG33: =SUM($BB33,$AI33:AI33)-SUM($BY33:BZ33) -> 0 | BH33: =SUM($BB33,$AI33:AJ33)-SUM($BY33:CA33) -> 0 | BI33: =SUM($BB33,$AI33:AK33)-SUM($BY33:CB33) -> 0 | BJ33: =SUM($BB33,$AI33:AL33)-SUM($BY33:CC33) -> 0 | BK33: =SUM($BB33,$AI33:AM33)-SUM($BY33:CD33) -> 0 | BL33: =SUM($BB33,$AI33:AN33)-SUM($BY33:CE33) -> 0 | BM33: =SUM($BB33,$AI33:AO33)-SUM($BY33:CF33) -> 0 | BN33: =SUM($BB33,$AI33:AP33)-SUM($BY33:CG33) -> -400 | ... BX33: =SUM($BB33,$AI33:AZ33)-SUM($BY33:CQ33) -> -6420 | BY33: {=SUMPRODUCT(TRANSPOSE(BY$2:BY$15),$I33:$V33)} -> 0 | BZ33: {=SUMPRODUCT(TRANSPOSE(BZ$2:BZ$15),$I33:$V33)} -> 0 | CA33: {=SUMPRODUCT(TRANSPOSE(CA$2:CA$15),$I33:$V33)} -> 0 | CB33: {=SUMPRODUCT(TRANSPOSE(CB$2:CB$15),$I33:$V33)} -> 0 | CC33: {=SUMPRODUCT(TRANSPOSE(CC$2:CC$15),$I33:$V33)} -> 0 | CD33: {=SUMPRODUCT(TRANSPOSE(CD$2:CD$15),$I33:$V33)} -> 0 | CE33: {=SUMPRODUCT(TRANSPOSE(CE$2:CE$15),$I33:$V33)} -> 0 | CF33: {=SUMPRODUCT(TRANSPOSE(CF$2:CF$15),$I33:$V33)} -> 0 | ... CQ33: {=SUMPRODUCT(TRANSPOSE(CQ$2:CQ$15),$I33:$V33)} -> 0
A34: 41 | B34: 1094N771-001 | C34: - | D34: 410773154 | F34: SPACER DIAM 4X2 | G34: EA | H34: 9 | I34: 0 | J34: 0 | K34: 5 | L34: 0 | M34: 0 | N34: 0 | O34: 0 | P34: 4 | Q34: 0 | R34: 0 | S34: 0 | T34: 0 | U34: 0 | V34: 0 | W34: =SUMPRODUCT(I34:V34,$I$13:$V$13) -> 14390 | X34: =SUM(I34:V34)*AC34 -> 4.59 | Y34: =VLOOKUP(D34,[1]PARTS!$A$1:$G$65536,7,0) | Z34: 1 | AA34: 14210 | AB34: =CEILING(W34,Z34) -> 14390 | AC34: =VLOOKUP(D34,[2]pareto!$D$12:$AX$306,47,0) -> 0.51 | AD34: WAVE MECHANICS | AE34: WAVE MECHANICS | AF34: =VLOOKUP(D34,[2]pareto!$D$11:$BD$306,52,0) -> tnp@wave-mechanics.com | AG34: =VLOOKUP(D34,[2]pareto!$D$11:$BD$306,51) -> #REF! | BG34: =SUM($BB34,$AI34:AI34)-SUM($BY34:BZ34) -> 0 | BH34: =SUM($BB34,$AI34:AJ34)-SUM($BY34:CA34) -> 0 | BI34: =SUM($BB34,$AI34:AK34)-SUM($BY34:CB34) -> 0 | BJ34: =SUM($BB34,$AI34:AL34)-SUM($BY34:CC34) -> 0 | BK34: =SUM($BB34,$AI34:AM34)-SUM($BY34:CD34) -> 0 | BL34: =SUM($BB34,$AI34:AN34)-SUM($BY34:CE34) -> 0 | BM34: =SUM($BB34,$AI34:AO34)-SUM($BY34:CF34) -> 0 | BN34: =SUM($BB34,$AI34:AP34)-SUM($BY34:CG34) -> 0 | ... BX34: =SUM($BB34,$AI34:AZ34)-SUM($BY34:CQ34) -> -14390 | BY34: {=SUMPRODUCT(TRANSPOSE(BY$2:BY$15),$I34:$V34)} -> 0 | BZ34: {=SUMPRODUCT(TRANSPOSE(BZ$2:BZ$15),$I34:$V34)} -> 0 | CA34: {=SUMPRODUCT(TRANSPOSE(CA$2:CA$15),$I34:$V34)} -> 0 | CB34: {=SUMPRODUCT(TRANSPOSE(CB$2:CB$15),$I34:$V34)} -> 0 | CC34: {=SUMPRODUCT(TRANSPOSE(CC$2:CC$15),$I34:$V34)} -> 0 | CD34: {=SUMPRODUCT(TRANSPOSE(CD$2:CD$15),$I34:$V34)} -> 0 | CE34: {=SUMPRODUCT(TRANSPOSE(CE$2:CE$15),$I34:$V34)} -> 0 | CF34: {=SUMPRODUCT(TRANSPOSE(CF$2:CF$15),$I34:$V34)} -> 0 | ... CQ34: {=SUMPRODUCT(TRANSPOSE(CQ$2:CQ$15),$I34:$V34)} -> 0
A35: 211 | B35: FM25V20A-DG | C35: BUY1 | D35: 405043942 | E35: =VLOOKUP(D35,FFF!$A$2:$B$674,2,) -> 405046714 | F35: IC 2MB SERIAL F-RAM MEMORY | G35: EA | H35: 4 | I35: 0 | J35: 0 | K35: 0 | L35: 0 | M35: 2 | N35: 0 | O35: 0 | P35: 0 | Q35: 0 | R35: 0 | S35: 0 | T35: 0 | U35: 0 | V35: 2 | W35: =SUMPRODUCT(I35:V35,$I$13:$V$13) -> 6420 | X35: =SUM(I35:V35)*AC35 -> 57.36 | Y35: =VLOOKUP(D35,[1]PARTS!$A$1:$G$65536,7,0) -> INFINEON TECHNOLOGIES AG | Z35: 74 | AA35: 6340 | AB35: 6660 | AC35: 14.34 | AD35: ARROW | AE35: ALON SAGIV | AF35: alon.sagiv@arrow.com | AG35: 972 537704117 | BG35: =SUM($BB35,$AI35:AI35)-SUM($BY35:BZ35) -> 0 | BH35: =SUM($BB35,$AI35:AJ35)-SUM($BY35:CA35) -> 0 | BI35: =SUM($BB35,$AI35:AK35)-SUM($BY35:CB35) -> 0 | BJ35: =SUM($BB35,$AI35:AL35)-SUM($BY35:CC35) -> 0 | BK35: =SUM($BB35,$AI35:AM35)-SUM($BY35:CD35) -> 0 | BL35: =SUM($BB35,$AI35:AN35)-SUM($BY35:CE35) -> 0 | BM35: =SUM($BB35,$AI35:AO35)-SUM($BY35:CF35) -> 0 | BN35: =SUM($BB35,$AI35:AP35)-SUM($BY35:CG35) -> -200 | ... BX35: =SUM($BB35,$AI35:AZ35)-SUM($BY35:CQ35) -> -6420 | BY35: {=SUMPRODUCT(TRANSPOSE(BY$2:BY$15),$I35:$V35)} -> 0 | BZ35: {=SUMPRODUCT(TRANSPOSE(BZ$2:BZ$15),$I35:$V35)} -> 0 | CA35: {=SUMPRODUCT(TRANSPOSE(CA$2:CA$15),$I35:$V35)} -> 0 | CB35: {=SUMPRODUCT(TRANSPOSE(CB$2:CB$15),$I35:$V35)} -> 0 | CC35: {=SUMPRODUCT(TRANSPOSE(CC$2:CC$15),$I35:$V35)} -> 0 | CD35: {=SUMPRODUCT(TRANSPOSE(CD$2:CD$15),$I35:$V35)} -> 0 | CE35: {=SUMPRODUCT(TRANSPOSE(CE$2:CE$15),$I35:$V35)} -> 0 | CF35: {=SUMPRODUCT(TRANSPOSE(CF$2:CF$15),$I35:$V35)} -> 0 | ... CQ35: {=SUMPRODUCT(TRANSPOSE(CQ$2:CQ$15),$I35:$V35)} -> 0
A36: 3 | B36: 000800-0826 | C36: BUY1 | D36: 400550300 | F36: CONN RECT PCB R/A PLUG 42 BLADES 3 ROWS, | G36: EA | H36: 2 | I36: 0 | J36: 0 | K36: 0 | L36: 0 | M36: 1 | N36: 0 | O36: 0 | P36: 0 | Q36: 0 | R36: 0 | S36: 0 | T36: 0 | U36: 0 | V36: 1 | W36: =SUMPRODUCT(I36:V36,$I$13:$V$13) -> 3210 | X36: =SUM(I36:V36)*AC36 -> 54 | Y36: =VLOOKUP(D36,[1]PARTS!$A$1:$G$65536,7,0) -> DCX-CHOL Entr. Inc | Z36: 1 | AA36: 3170 | AB36: =CEILING(W36,Z36) -> 3210 | AC36: =VLOOKUP(D36,[2]pareto!$D$12:$AX$306,47,0) -> 27 | AD36: Emet | AE36: Elad Zafrir | AF36: elad.zafrir@emet.co.il | AG36: 972 - 523326582 | BG36: =SUM($BB36,$AI36:AI36)-SUM($BY36:BZ36) -> 0 | BH36: =SUM($BB36,$AI36:AJ36)-SUM($BY36:CA36) -> 0 | BI36: =SUM($BB36,$AI36:AK36)-SUM($BY36:CB36) -> 0 | BJ36: =SUM($BB36,$AI36:AL36)-SUM($BY36:CC36) -> 0 | BK36: =SUM($BB36,$AI36:AM36)-SUM($BY36:CD36) -> 0 | BL36: =SUM($BB36,$AI36:AN36)-SUM($BY36:CE36) -> 0 | BM36: =SUM($BB36,$AI36:AO36)-SUM($BY36:CF36) -> 0 | BN36: =SUM($BB36,$AI36:AP36)-SUM($BY36:CG36) -> -100 | ... BX36: =SUM($BB36,$AI36:AZ36)-SUM($BY36:CQ36) -> -3210 | BY36: {=SUMPRODUCT(TRANSPOSE(BY$2:BY$15),$I36:$V36)} -> 0 | BZ36: {=SUMPRODUCT(TRANSPOSE(BZ$2:BZ$15),$I36:$V36)} -> 0 | CA36: {=SUMPRODUCT(TRANSPOSE(CA$2:CA$15),$I36:$V36)} -> 0 | CB36: {=SUMPRODUCT(TRANSPOSE(CB$2:CB$15),$I36:$V36)} -> 0 | CC36: {=SUMPRODUCT(TRANSPOSE(CC$2:CC$15),$I36:$V36)} -> 0 | CD36: {=SUMPRODUCT(TRANSPOSE(CD$2:CD$15),$I36:$V36)} -> 0 | CE36: {=SUMPRODUCT(TRANSPOSE(CE$2:CE$15),$I36:$V36)} -> 0 | CF36: {=SUMPRODUCT(TRANSPOSE(CF$2:CF$15),$I36:$V36)} -> 0 | ... CQ36: {=SUMPRODUCT(TRANSPOSE(CQ$2:CQ$15),$I36:$V36)} -> 0
A37: 62 | B37: LTM8049IY | C37: BUY1 | D37: 409704332 | F37: CONVERTER DC/DC 2.6-20VIN 2.5-24VOUT 1A | G37: EA | H37: 2 | I37: 0 | J37: 0 | K37: 0 | L37: 0 | M37: 1 | N37: 0 | O37: 0 | P37: 0 | Q37: 0 | R37: 0 | S37: 0 | T37: 0 | U37: 0 | V37: 1 | W37: =SUMPRODUCT(I37:V37,$I$13:$V$13) -> 3210 | X37: =SUM(I37:V37)*AC37 -> 0 | Y37: =VLOOKUP(D37,[1]PARTS!$A$1:$G$65536,7,0) -> #N/A | Z37: 1 | AA37: 3170 | AB37: 3170 | BG37: =SUM($BB37,$AI37:AI37)-SUM($BY37:BZ37) -> 0 | BH37: =SUM($BB37,$AI37:AJ37)-SUM($BY37:CA37) -> 0 | BI37: =SUM($BB37,$AI37:AK37)-SUM($BY37:CB37) -> 0 | BJ37: =SUM($BB37,$AI37:AL37)-SUM($BY37:CC37) -> 0 | BK37: =SUM($BB37,$AI37:AM37)-SUM($BY37:CD37) -> 0 | BL37: =SUM($BB37,$AI37:AN37)-SUM($BY37:CE37) -> 0 | BM37: =SUM($BB37,$AI37:AO37)-SUM($BY37:CF37) -> 0 | BN37: =SUM($BB37,$AI37:AP37)-SUM($BY37:CG37) -> -100 | ... BX37: =SUM($BB37,$AI37:AZ37)-SUM($BY37:CQ37) -> -3210 | BY37: {=SUMPRODUCT(TRANSPOSE(BY$2:BY$15),$I37:$V37)} -> 0 | BZ37: {=SUMPRODUCT(TRANSPOSE(BZ$2:BZ$15),$I37:$V37)} -> 0 | CA37: {=SUMPRODUCT(TRANSPOSE(CA$2:CA$15),$I37:$V37)} -> 0 | CB37: {=SUMPRODUCT(TRANSPOSE(CB$2:CB$15),$I37:$V37)} -> 0 | CC37: {=SUMPRODUCT(TRANSPOSE(CC$2:CC$15),$I37:$V37)} -> 0 | CD37: {=SUMPRODUCT(TRANSPOSE(CD$2:CD$15),$I37:$V37)} -> 0 | CE37: {=SUMPRODUCT(TRANSPOSE(CE$2:CE$15),$I37:$V37)} -> 0 | CF37: {=SUMPRODUCT(TRANSPOSE(CF$2:CF$15),$I37:$V37)} -> 0 | ... CQ37: {=SUMPRODUCT(TRANSPOSE(CQ$2:CQ$15),$I37:$V37)} -> 0
A38: 92 | B38: 5CEFA4U19I7 | C38: BUY1 | D38: 421375236 | F38: IC CYCLONE V FPGA | G38: EA | H38: 2 | I38: 0 | J38: 0 | K38: 0 | L38: 0 | M38: 1 | N38: 0 | O38: 0 | P38: 0 | Q38: 0 | R38: 0 | S38: 0 | T38: 0 | U38: 0 | V38: 1 | W38: =SUMPRODUCT(I38:V38,$I$13:$V$13) -> 3210 | X38: =SUM(I38:V38)*AC38 -> 50.6 | Y38: =VLOOKUP(D38,[1]PARTS!$A$1:$G$65536,7,0) -> Intel Prgrammable SolutionsGroup(AL | Z38: 240 | AA38: 3170 | AB38: =CEILING(W38,Z38) -> 3360 | AC38: =VLOOKUP(D38,[2]pareto!$D$12:$AX$306,47,0) -> 25.3 | AD38: ALTERA | AE38: SHLOMI BIGI | AF38: =VLOOKUP(D38,[2]pareto!$D$11:$BD$306,52,0) -> Shlomi.bigi@easx.co.il | AG38: 972 - 505252790 | BG38: =SUM($BB38,$AI38:AI38)-SUM($BY38:BZ38) -> 0 | BH38: =SUM($BB38,$AI38:AJ38)-SUM($BY38:CA38) -> 0 | BI38: =SUM($BB38,$AI38:AK38)-SUM($BY38:CB38) -> 0 | BJ38: =SUM($BB38,$AI38:AL38)-SUM($BY38:CC38) -> 0 | BK38: =SUM($BB38,$AI38:AM38)-SUM($BY38:CD38) -> 0 | BL38: =SUM($BB38,$AI38:AN38)-SUM($BY38:CE38) -> 0 | BM38: =SUM($BB38,$AI38:AO38)-SUM($BY38:CF38) -> 0 | BN38: =SUM($BB38,$AI38:AP38)-SUM($BY38:CG38) -> -100 | ... BX38: =SUM($BB38,$AI38:AZ38)-SUM($BY38:CQ38) -> -3210 | BY38: {=SUMPRODUCT(TRANSPOSE(BY$2:BY$15),$I38:$V38)} -> 0 | BZ38: {=SUMPRODUCT(TRANSPOSE(BZ$2:BZ$15),$I38:$V38)} -> 0 | CA38: {=SUMPRODUCT(TRANSPOSE(CA$2:CA$15),$I38:$V38)} -> 0 | CB38: {=SUMPRODUCT(TRANSPOSE(CB$2:CB$15),$I38:$V38)} -> 0 | CC38: {=SUMPRODUCT(TRANSPOSE(CC$2:CC$15),$I38:$V38)} -> 0 | CD38: {=SUMPRODUCT(TRANSPOSE(CD$2:CD$15),$I38:$V38)} -> 0 | CE38: {=SUMPRODUCT(TRANSPOSE(CE$2:CE$15),$I38:$V38)} -> 0 | CF38: {=SUMPRODUCT(TRANSPOSE(CF$2:CF$15),$I38:$V38)} -> 0 | ... CQ38: {=SUMPRODUCT(TRANSPOSE(CQ$2:CQ$15),$I38:$V38)} -> 0
A39: 43 | B39: 1094N773-003 | C39: -1 | D39: 417679932 | F39: INSIDE COVER | G39: EA | H39: 2 | I39: 0 | J39: 1 | K39: 0 | L39: 0 | M39: 0 | N39: 0 | O39: 0 | P39: 0 | Q39: 0 | R39: 0 | S39: 0 | T39: 0 | U39: 1 | V39: 0 | W39: =SUMPRODUCT(I39:V39,$I$13:$V$13) -> 3210 | X39: =SUM(I39:V39)*AC39 -> 49.2 | Y39: =VLOOKUP(D39,[1]PARTS!$A$1:$G$65536,7,0) | Z39: 1 | AA39: 3170 | AB39: =CEILING(W39,Z39) -> 3210 | AC39: =VLOOKUP(D39,[2]pareto!$D$12:$AX$306,47,0) -> 24.6 | AD39: WAVE MECHANICS | AE39: WAVE MECHANICS | AF39: =VLOOKUP(D39,[2]pareto!$D$11:$BD$306,52,0) -> tnp@wave-mechanics.com | AG39: =VLOOKUP(D39,[2]pareto!$D$11:$BD$306,51) -> #REF! | BG39: =SUM($BB39,$AI39:AI39)-SUM($BY39:BZ39) -> 0 | BH39: =SUM($BB39,$AI39:AJ39)-SUM($BY39:CA39) -> 0 | BI39: =SUM($BB39,$AI39:AK39)-SUM($BY39:CB39) -> 0 | BJ39: =SUM($BB39,$AI39:AL39)-SUM($BY39:CC39) -> 0 | BK39: =SUM($BB39,$AI39:AM39)-SUM($BY39:CD39) -> 0 | BL39: =SUM($BB39,$AI39:AN39)-SUM($BY39:CE39) -> 0 | BM39: =SUM($BB39,$AI39:AO39)-SUM($BY39:CF39) -> 0 | BN39: =SUM($BB39,$AI39:AP39)-SUM($BY39:CG39) -> 0 | ... BX39: =SUM($BB39,$AI39:AZ39)-SUM($BY39:CQ39) -> -3210 | BY39: {=SUMPRODUCT(TRANSPOSE(BY$2:BY$15),$I39:$V39)} -> 0 | BZ39: {=SUMPRODUCT(TRANSPOSE(BZ$2:BZ$15),$I39:$V39)} -> 0 | CA39: {=SUMPRODUCT(TRANSPOSE(CA$2:CA$15),$I39:$V39)} -> 0 | CB39: {=SUMPRODUCT(TRANSPOSE(CB$2:CB$15),$I39:$V39)} -> 0 | CC39: {=SUMPRODUCT(TRANSPOSE(CC$2:CC$15),$I39:$V39)} -> 0 | CD39: {=SUMPRODUCT(TRANSPOSE(CD$2:CD$15),$I39:$V39)} -> 0 | CE39: {=SUMPRODUCT(TRANSPOSE(CE$2:CE$15),$I39:$V39)} -> 0 | CF39: {=SUMPRODUCT(TRANSPOSE(CF$2:CF$15),$I39:$V39)} -> 0 | ... CQ39: {=SUMPRODUCT(TRANSPOSE(CQ$2:CQ$15),$I39:$V39)} -> 0
A40: 236 | B40: LT1764EQ#TRPBF | C40: BUY3 | D40: 401359639 | E40: =VLOOKUP(D40,FFF!$A$2:$B$674,2,) -> 400510825 | F40: IC VOL. REG. ADJ. T&R | G40: EA | H40: 8 | I40: 0 | J40: 0 | K40: 0 | L40: 0 | M40: 4 | N40: 0 | O40: 0 | P40: 0 | Q40: 0 | R40: 0 | S40: 0 | T40: 0 | U40: 0 | V40: 4 | W40: =SUMPRODUCT(I40:V40,$I$13:$V$13) -> 12840 | X40: =SUM(I40:V40)*AC40 -> 28.84 | Y40: =VLOOKUP(D40,[1]PARTS!$A$1:$G$65536,7,0) -> ANALOG DEVICES | Z40: 750 | AA40: =VLOOKUP(D40,[2]pareto!$D$12:$AX$306,45,0) -> 50 | AB40: =CEILING(W40,Z40) -> 13500 | AC40: =VLOOKUP(D40,[2]pareto!$D$12:$AX$306,47,0) -> 3.605 | AD40: Elbatech | AE40: Anat Eylon | AF40: anat@elbatech.co.il | AG40: 972 - 88516111 | BG40: =SUM($BB40,$AI40:AI40)-SUM($BY40:BZ40) -> 0 | BH40: =SUM($BB40,$AI40:AJ40)-SUM($BY40:CA40) -> 0 | BI40: =SUM($BB40,$AI40:AK40)-SUM($BY40:CB40) -> 0 | BJ40: =SUM($BB40,$AI40:AL40)-SUM($BY40:CC40) -> 0 | BK40: =SUM($BB40,$AI40:AM40)-SUM($BY40:CD40) -> 0 | BL40: =SUM($BB40,$AI40:AN40)-SUM($BY40:CE40) -> 0 | BM40: =SUM($BB40,$AI40:AO40)-SUM($BY40:CF40) -> 0 | BN40: =SUM($BB40,$AI40:AP40)-SUM($BY40:CG40) -> -400 | ... BX40: =SUM($BB40,$AI40:AZ40)-SUM($BY40:CQ40) -> -12840 | BY40: {=SUMPRODUCT(TRANSPOSE(BY$2:BY$15),$I40:$V40)} -> 0 | BZ40: {=SUMPRODUCT(TRANSPOSE(BZ$2:BZ$15),$I40:$V40)} -> 0 | CA40: {=SUMPRODUCT(TRANSPOSE(CA$2:CA$15),$I40:$V40)} -> 0 | CB40: {=SUMPRODUCT(TRANSPOSE(CB$2:CB$15),$I40:$V40)} -> 0 | CC40: {=SUMPRODUCT(TRANSPOSE(CC$2:CC$15),$I40:$V40)} -> 0 | CD40: {=SUMPRODUCT(TRANSPOSE(CD$2:CD$15),$I40:$V40)} -> 0 | CE40: {=SUMPRODUCT(TRANSPOSE(CE$2:CE$15),$I40:$V40)} -> 0 | CF40: {=SUMPRODUCT(TRANSPOSE(CF$2:CF$15),$I40:$V40)} -> 0 | ... CQ40: {=SUMPRODUCT(TRANSPOSE(CQ$2:CQ$15),$I40:$V40)} -> 0
A41: 50 | B41: 1094N792-002 | C41: B | D41: 411330925 | F41: PC BLANK MASTER DWG.CLL-577 Z4 | G41: EA | H41: 2 | I41: 0 | J41: 0 | K41: 0 | L41: 0 | M41: 1 | N41: 0 | O41: 0 | P41: 0 | Q41: 0 | R41: 0 | S41: 0 | T41: 0 | U41: 0 | V41: 1 | W41: =SUMPRODUCT(I41:V41,$I$13:$V$13) -> 3210 | X41: =SUM(I41:V41)*AC41 -> 42.24 | Y41: =VLOOKUP(D41,[1]PARTS!$A$1:$G$65536,7,0) | Z41: 1 | AA41: 3170 | AB41: =CEILING(W41,Z41) -> 3210 | AC41: 21.12 | AD41: SANMINA/MICROPACK/CPC | AE41: SANMINA/MICROPACK/CPC | AF41: SANMINA/MICROPACK/CPC | AG41: SANMINA/MICROPACK/CPC | AH41: SANMINA/MICROPACK/CPC | BG41: =SUM($BB41,$AI41:AI41)-SUM($BY41:BZ41) -> 0 | BH41: =SUM($BB41,$AI41:AJ41)-SUM($BY41:CA41) -> 0 | BI41: =SUM($BB41,$AI41:AK41)-SUM($BY41:CB41) -> 0 | BJ41: =SUM($BB41,$AI41:AL41)-SUM($BY41:CC41) -> 0 | BK41: =SUM($BB41,$AI41:AM41)-SUM($BY41:CD41) -> 0 | BL41: =SUM($BB41,$AI41:AN41)-SUM($BY41:CE41) -> 0 | BM41: =SUM($BB41,$AI41:AO41)-SUM($BY41:CF41) -> 0 | BN41: =SUM($BB41,$AI41:AP41)-SUM($BY41:CG41) -> -100 | ... BX41: =SUM($BB41,$AI41:AZ41)-SUM($BY41:CQ41) -> -3210 | BY41: {=SUMPRODUCT(TRANSPOSE(BY$2:BY$15),$I41:$V41)} -> 0 | BZ41: {=SUMPRODUCT(TRANSPOSE(BZ$2:BZ$15),$I41:$V41)} -> 0 | CA41: {=SUMPRODUCT(TRANSPOSE(CA$2:CA$15),$I41:$V41)} -> 0 | CB41: {=SUMPRODUCT(TRANSPOSE(CB$2:CB$15),$I41:$V41)} -> 0 | CC41: {=SUMPRODUCT(TRANSPOSE(CC$2:CC$15),$I41:$V41)} -> 0 | CD41: {=SUMPRODUCT(TRANSPOSE(CD$2:CD$15),$I41:$V41)} -> 0 | CE41: {=SUMPRODUCT(TRANSPOSE(CE$2:CE$15),$I41:$V41)} -> 0 | CF41: {=SUMPRODUCT(TRANSPOSE(CF$2:CF$15),$I41:$V41)} -> 0 | ... CQ41: {=SUMPRODUCT(TRANSPOSE(CQ$2:CQ$15),$I41:$V41)} -> 0
A42: 79 | B42: 160-A62Q/188(SF162) | C42: BUY1 | D42: 407566005 | F42: CONN RF ADAPTER BMA(F)/BMA(F) STR | G42: EA | H42: 4 | I42: 0 | J42: 0 | K42: 2 | L42: 0 | M42: 0 | N42: 0 | O42: 0 | P42: 2 | Q42: 0 | R42: 0 | S42: 0 | T42: 0 | U42: 0 | V42: 0 | W42: =SUMPRODUCT(I42:V42,$I$13:$V$13) -> 6420 | X42: =SUM(I42:V42)*AC42 -> 23 | Y42: =VLOOKUP(D42,[1]PARTS!$A$1:$G$65536,7,0) -> HUANG LIANG TECHNOLOGIES CO.,LTD. | Z42: 1 | AA42: 6340 | AB42: =CEILING(W42,Z42) -> 6420 | AC42: =VLOOKUP(D42,[2]pareto!$D$12:$AX$306,47,0) -> 5.75 | AD42: STARLIGHT | AE42: NOA KHAITOV | AF42: =VLOOKUP(D42,[2]pareto!$D$11:$BD$306,52,0) -> ada@starlight.co.iL | AG42: =VLOOKUP(D42,[2]pareto!$D$11:$BD$306,51) -> #REF! | BG42: =SUM($BB42,$AI42:AI42)-SUM($BY42:BZ42) -> 0 | BH42: =SUM($BB42,$AI42:AJ42)-SUM($BY42:CA42) -> 0 | BI42: =SUM($BB42,$AI42:AK42)-SUM($BY42:CB42) -> 0 | BJ42: =SUM($BB42,$AI42:AL42)-SUM($BY42:CC42) -> 0 | BK42: =SUM($BB42,$AI42:AM42)-SUM($BY42:CD42) -> 0 | BL42: =SUM($BB42,$AI42:AN42)-SUM($BY42:CE42) -> 0 | BM42: =SUM($BB42,$AI42:AO42)-SUM($BY42:CF42) -> 0 | BN42: =SUM($BB42,$AI42:AP42)-SUM($BY42:CG42) -> 0 | ... BX42: =SUM($BB42,$AI42:AZ42)-SUM($BY42:CQ42) -> -6420 | BY42: {=SUMPRODUCT(TRANSPOSE(BY$2:BY$15),$I42:$V42)} -> 0 | BZ42: {=SUMPRODUCT(TRANSPOSE(BZ$2:BZ$15),$I42:$V42)} -> 0 | CA42: {=SUMPRODUCT(TRANSPOSE(CA$2:CA$15),$I42:$V42)} -> 0 | CB42: {=SUMPRODUCT(TRANSPOSE(CB$2:CB$15),$I42:$V42)} -> 0 | CC42: {=SUMPRODUCT(TRANSPOSE(CC$2:CC$15),$I42:$V42)} -> 0 | CD42: {=SUMPRODUCT(TRANSPOSE(CD$2:CD$15),$I42:$V42)} -> 0 | CE42: {=SUMPRODUCT(TRANSPOSE(CE$2:CE$15),$I42:$V42)} -> 0 | CF42: {=SUMPRODUCT(TRANSPOSE(CF$2:CF$15),$I42:$V42)} -> 0 | ... CQ42: {=SUMPRODUCT(TRANSPOSE(CQ$2:CQ$15),$I42:$V42)} -> 0
A43: 136 | B43: CGHV35060MP | C43: BUY1 | D43: 409177478 | F43: GAN HEMT 60W 2700-3800MHZ 50V | G43: EA | H43: 2 | I43: 0 | J43: 0 | K43: 0 | L43: 0 | M43: 0 | N43: 0 | O43: 0 | P43: 0 | Q43: 2 | R43: 0 | S43: 0 | T43: 0 | U43: 0 | V43: 0 | W43: =SUMPRODUCT(I43:V43,$I$13:$V$13) -> 3320 | X43: =SUM(I43:V43)*AC43 -> 30 | Y43: =VLOOKUP(D43,[1]PARTS!$A$1:$G$65536,7,0) -> M/A-COM TECHNOLOGY SOLUTIONS | Z43: 110 | AA43: 3280 | AB43: =CEILING(W43,Z43) -> 3410 | AC43: 15 | AD43: NISKO | AE43: DANIELA PINHAS | AF43: Daniela@nisko.com | AG43: 972-54-2007783 | BG43: =SUM($BB43,$AI43:AI43)-SUM($BY43:BZ43) -> 0 | BH43: =SUM($BB43,$AI43:AJ43)-SUM($BY43:CA43) -> 0 | BI43: =SUM($BB43,$AI43:AK43)-SUM($BY43:CB43) -> 0 | BJ43: =SUM($BB43,$AI43:AL43)-SUM($BY43:CC43) -> 0 | BK43: =SUM($BB43,$AI43:AM43)-SUM($BY43:CD43) -> 0 | BL43: =SUM($BB43,$AI43:AN43)-SUM($BY43:CE43) -> 0 | BM43: =SUM($BB43,$AI43:AO43)-SUM($BY43:CF43) -> 0 | BN43: =SUM($BB43,$AI43:AP43)-SUM($BY43:CG43) -> -200 | ... BX43: =SUM($BB43,$AI43:AZ43)-SUM($BY43:CQ43) -> -3320 | BY43: {=SUMPRODUCT(TRANSPOSE(BY$2:BY$15),$I43:$V43)} -> 0 | BZ43: {=SUMPRODUCT(TRANSPOSE(BZ$2:BZ$15),$I43:$V43)} -> 0 | CA43: {=SUMPRODUCT(TRANSPOSE(CA$2:CA$15),$I43:$V43)} -> 0 | CB43: {=SUMPRODUCT(TRANSPOSE(CB$2:CB$15),$I43:$V43)} -> 0 | CC43: {=SUMPRODUCT(TRANSPOSE(CC$2:CC$15),$I43:$V43)} -> 0 | CD43: {=SUMPRODUCT(TRANSPOSE(CD$2:CD$15),$I43:$V43)} -> 0 | CE43: {=SUMPRODUCT(TRANSPOSE(CE$2:CE$15),$I43:$V43)} -> 0 | CF43: {=SUMPRODUCT(TRANSPOSE(CF$2:CF$15),$I43:$V43)} -> 0 | ... CQ43: {=SUMPRODUCT(TRANSPOSE(CQ$2:CQ$15),$I43:$V43)} -> 0
A44: 243 | B44: MBT10644 | C44: BUY1 | D44: 412449735 | F44: CHIP PIN DIODE | G44: EA | H44: 4 | I44: 0 | J44: 0 | K44: 0 | L44: 0 | M44: 0 | N44: 0 | O44: 0 | P44: 0 | Q44: 4 | R44: 0 | S44: 0 | T44: 0 | U44: 0 | V44: 0 | W44: =SUMPRODUCT(I44:V44,$I$13:$V$13) -> 6640 | X44: =SUM(I44:V44)*AC44 -> 34 | Y44: =VLOOKUP(D44,[1]PARTS!$A$1:$G$65536,7,0) -> MASSACHUSETTS BAY TECHNOLOGIE | Z44: 1000 | AA44: 6560 | AB44: =CEILING(W44,Z44) -> 7000 | AC44: =VLOOKUP(D44,[2]pareto!$D$12:$AX$306,47,0) -> 8.5 | AD44: MTI SUMMIT | AE44: Niv Kalaf | AF44: nivk@mtisummit.co.il | AG44: =VLOOKUP(D44,[2]pareto!$D$11:$BD$306,51) -> #REF! | BG44: =SUM($BB44,$AI44:AI44)-SUM($BY44:BZ44) -> 0 | BH44: =SUM($BB44,$AI44:AJ44)-SUM($BY44:CA44) -> 0 | BI44: =SUM($BB44,$AI44:AK44)-SUM($BY44:CB44) -> 0 | BJ44: =SUM($BB44,$AI44:AL44)-SUM($BY44:CC44) -> 0 | BK44: =SUM($BB44,$AI44:AM44)-SUM($BY44:CD44) -> 0 | BL44: =SUM($BB44,$AI44:AN44)-SUM($BY44:CE44) -> 0 | BM44: =SUM($BB44,$AI44:AO44)-SUM($BY44:CF44) -> 0 | BN44: =SUM($BB44,$AI44:AP44)-SUM($BY44:CG44) -> -400 | ... BX44: =SUM($BB44,$AI44:AZ44)-SUM($BY44:CQ44) -> -6640 | BY44: {=SUMPRODUCT(TRANSPOSE(BY$2:BY$15),$I44:$V44)} -> 0 | BZ44: {=SUMPRODUCT(TRANSPOSE(BZ$2:BZ$15),$I44:$V44)} -> 0 | CA44: {=SUMPRODUCT(TRANSPOSE(CA$2:CA$15),$I44:$V44)} -> 0 | CB44: {=SUMPRODUCT(TRANSPOSE(CB$2:CB$15),$I44:$V44)} -> 0 | CC44: {=SUMPRODUCT(TRANSPOSE(CC$2:CC$15),$I44:$V44)} -> 0 | CD44: {=SUMPRODUCT(TRANSPOSE(CD$2:CD$15),$I44:$V44)} -> 0 | CE44: {=SUMPRODUCT(TRANSPOSE(CE$2:CE$15),$I44:$V44)} -> 0 | CF44: {=SUMPRODUCT(TRANSPOSE(CF$2:CF$15),$I44:$V44)} -> 0 | ... CQ44: {=SUMPRODUCT(TRANSPOSE(CQ$2:CQ$15),$I44:$V44)} -> 0
A45: 24 | B45: 1094B532-001 | C45: - | D45: 400969533 | F45: INSULATOR | G45: EA | H45: 1 | I45: 0 | J45: 0 | K45: 0 | L45: 0 | M45: 0 | N45: 0 | O45: 0 | P45: 1 | Q45: 0 | R45: 0 | S45: 0 | T45: 0 | U45: 0 | V45: 0 | W45: =SUMPRODUCT(I45:V45,$I$13:$V$13) -> 1660 | X45: =SUM(I45:V45)*AC45 -> 1.03 | Y45: =VLOOKUP(D45,[1]PARTS!$A$1:$G$65536,7,0) | Z45: 1 | AA45: 1640 | AB45: =CEILING(W45,Z45) -> 1660 | AC45: =VLOOKUP(D45,[2]pareto!$D$12:$AX$306,47,0) -> 1.03 | AD45: WAVE MECHANICS | AE45: WAVE MECHANICS | AF45: =VLOOKUP(D45,[2]pareto!$D$11:$BD$306,52,0) -> tnp@wave-mechanics.com | AG45: =VLOOKUP(D45,[2]pareto!$D$11:$BD$306,51) -> #REF! | BG45: =SUM($BB45,$AI45:AI45)-SUM($BY45:BZ45) -> 0 | BH45: =SUM($BB45,$AI45:AJ45)-SUM($BY45:CA45) -> 0 | BI45: =SUM($BB45,$AI45:AK45)-SUM($BY45:CB45) -> 0 | BJ45: =SUM($BB45,$AI45:AL45)-SUM($BY45:CC45) -> 0 | BK45: =SUM($BB45,$AI45:AM45)-SUM($BY45:CD45) -> 0 | BL45: =SUM($BB45,$AI45:AN45)-SUM($BY45:CE45) -> 0 | BM45: =SUM($BB45,$AI45:AO45)-SUM($BY45:CF45) -> 0 | BN45: =SUM($BB45,$AI45:AP45)-SUM($BY45:CG45) -> 0 | ... BX45: =SUM($BB45,$AI45:AZ45)-SUM($BY45:CQ45) -> -1660 | BY45: {=SUMPRODUCT(TRANSPOSE(BY$2:BY$15),$I45:$V45)} -> 0 | BZ45: {=SUMPRODUCT(TRANSPOSE(BZ$2:BZ$15),$I45:$V45)} -> 0 | CA45: {=SUMPRODUCT(TRANSPOSE(CA$2:CA$15),$I45:$V45)} -> 0 | CB45: {=SUMPRODUCT(TRANSPOSE(CB$2:CB$15),$I45:$V45)} -> 0 | CC45: {=SUMPRODUCT(TRANSPOSE(CC$2:CC$15),$I45:$V45)} -> 0 | CD45: {=SUMPRODUCT(TRANSPOSE(CD$2:CD$15),$I45:$V45)} -> 0 | CE45: {=SUMPRODUCT(TRANSPOSE(CE$2:CE$15),$I45:$V45)} -> 0 | CF45: {=SUMPRODUCT(TRANSPOSE(CF$2:CF$15),$I45:$V45)} -> 0 | ... CQ45: {=SUMPRODUCT(TRANSPOSE(CQ$2:CQ$15),$I45:$V45)} -> 0
A46: 77 | B46: 10S523-8H0S5 | C46: BUY1 | D46: 405579850 | F46: CONN RF BMA PLUG BULKHEAD SOLDER,22 GHZ | G46: EA | H46: 4 | I46: 0 | J46: 0 | K46: 2 | L46: 0 | M46: 0 | N46: 0 | O46: 0 | P46: 2 | Q46: 0 | R46: 0 | S46: 0 | T46: 0 | U46: 0 | V46: 0 | W46: =SUMPRODUCT(I46:V46,$I$13:$V$13) -> 6420 | X46: =SUM(I46:V46)*AC46 -> 36.424 | Y46: =VLOOKUP(D46,[1]PARTS!$A$1:$G$65536,7,0) -> ROSENBERGER | Z46: 1 | AA46: 6340 | AB46: =CEILING(W46,Z46) -> 6420 | AC46: 9.106 | AD46: MTI SUMMIT | AE46: Niv Kalaf | AF46: nivk@mtisummit.co.il | AG46: =VLOOKUP(D46,[2]pareto!$D$11:$BD$306,51) -> #REF! | BG46: =SUM($BB46,$AI46:AI46)-SUM($BY46:BZ46) -> 0 | BH46: =SUM($BB46,$AI46:AJ46)-SUM($BY46:CA46) -> 0 | BI46: =SUM($BB46,$AI46:AK46)-SUM($BY46:CB46) -> 0 | BJ46: =SUM($BB46,$AI46:AL46)-SUM($BY46:CC46) -> 0 | BK46: =SUM($BB46,$AI46:AM46)-SUM($BY46:CD46) -> 0 | BL46: =SUM($BB46,$AI46:AN46)-SUM($BY46:CE46) -> 0 | BM46: =SUM($BB46,$AI46:AO46)-SUM($BY46:CF46) -> 0 | BN46: =SUM($BB46,$AI46:AP46)-SUM($BY46:CG46) -> 0 | ... BX46: =SUM($BB46,$AI46:AZ46)-SUM($BY46:CQ46) -> -6420 | BY46: {=SUMPRODUCT(TRANSPOSE(BY$2:BY$15),$I46:$V46)} -> 0 | BZ46: {=SUMPRODUCT(TRANSPOSE(BZ$2:BZ$15),$I46:$V46)} -> 0 | CA46: {=SUMPRODUCT(TRANSPOSE(CA$2:CA$15),$I46:$V46)} -> 0 | CB46: {=SUMPRODUCT(TRANSPOSE(CB$2:CB$15),$I46:$V46)} -> 0 | CC46: {=SUMPRODUCT(TRANSPOSE(CC$2:CC$15),$I46:$V46)} -> 0 | CD46: {=SUMPRODUCT(TRANSPOSE(CD$2:CD$15),$I46:$V46)} -> 0 | CE46: {=SUMPRODUCT(TRANSPOSE(CE$2:CE$15),$I46:$V46)} -> 0 | CF46: {=SUMPRODUCT(TRANSPOSE(CF$2:CF$15),$I46:$V46)} -> 0 | ... CQ46: {=SUMPRODUCT(TRANSPOSE(CQ$2:CQ$15),$I46:$V46)} -> 0
A47: 273 | B47: NFL18ST507X1C3D | C47: BUY1 | D47: 400123225 | F47: CHIP FILTER EMI T&R | G47: EA | H47: 48 | I47: 0 | J47: 0 | K47: 0 | L47: 20 | M47: 0 | N47: 0 | O47: 0 | P47: 0 | Q47: 28 | R47: 0 | S47: 0 | T47: 0 | U47: 0 | V47: 0 | W47: =SUMPRODUCT(I47:V47,$I$13:$V$13) -> 77480 | X47: =SUM(I47:V47)*AC47 -> 0 | Y47: =VLOOKUP(D47,[1]PARTS!$A$1:$G$65536,7,0) -> MURATA MANUFACTURING CO. LTD | Z47: BFE | AA47: BFE | AB47: 76520 | AC47: 0 | AD47: BFE | AE47: BFE | AF47: BFE | AG47: BFE | AH47: BFE | BG47: =SUM($BB47,$AI47:AI47)-SUM($BY47:BZ47) -> 0 | BH47: =SUM($BB47,$AI47:AJ47)-SUM($BY47:CA47) -> 0 | BI47: =SUM($BB47,$AI47:AK47)-SUM($BY47:CB47) -> 0 | BJ47: =SUM($BB47,$AI47:AL47)-SUM($BY47:CC47) -> 0 | BK47: =SUM($BB47,$AI47:AM47)-SUM($BY47:CD47) -> 0 | BL47: =SUM($BB47,$AI47:AN47)-SUM($BY47:CE47) -> 0 | BM47: =SUM($BB47,$AI47:AO47)-SUM($BY47:CF47) -> 0 | BN47: =SUM($BB47,$AI47:AP47)-SUM($BY47:CG47) -> -4800 | ... BX47: =SUM($BB47,$AI47:AZ47)-SUM($BY47:CQ47) -> -77480 | BY47: {=SUMPRODUCT(TRANSPOSE(BY$2:BY$15),$I47:$V47)} -> 0 | BZ47: {=SUMPRODUCT(TRANSPOSE(BZ$2:BZ$15),$I47:$V47)} -> 0 | CA47: {=SUMPRODUCT(TRANSPOSE(CA$2:CA$15),$I47:$V47)} -> 0 | CB47: {=SUMPRODUCT(TRANSPOSE(CB$2:CB$15),$I47:$V47)} -> 0 | CC47: {=SUMPRODUCT(TRANSPOSE(CC$2:CC$15),$I47:$V47)} -> 0 | CD47: {=SUMPRODUCT(TRANSPOSE(CD$2:CD$15),$I47:$V47)} -> 0 | CE47: {=SUMPRODUCT(TRANSPOSE(CE$2:CE$15),$I47:$V47)} -> 0 | CF47: {=SUMPRODUCT(TRANSPOSE(CF$2:CF$15),$I47:$V47)} -> 0 | ... CQ47: {=SUMPRODUCT(TRANSPOSE(CQ$2:CQ$15),$I47:$V47)} -> 0
A48: 272 | B48: NFL18ST207X1C3D | C48: BUY1 | D48: 400359927 | E48: =VLOOKUP(D48,FFF!$A$2:$B$674,2,) -> 415895808 | F48: CHIP EMI FILTER T&R | G48: EA | H48: 24 | I48: 0 | J48: 0 | K48: 0 | L48: 12 | M48: 0 | N48: 0 | O48: 0 | P48: 0 | Q48: 12 | R48: 0 | S48: 0 | T48: 0 | U48: 0 | V48: 0 | W48: =SUMPRODUCT(I48:V48,$I$13:$V$13) -> 38520 | X48: =SUM(I48:V48)*AC48 -> 0 | Y48: =VLOOKUP(D48,[1]PARTS!$A$1:$G$65536,7,0) -> MURATA MANUFACTURING CO. LTD | Z48: BFE | AA48: BFE | AB48: 38040 | AC48: 0 | AD48: BFE | AE48: BFE | AF48: BFE | AG48: BFE | AH48: BFE | BG48: =SUM($BB48,$AI48:AI48)-SUM($BY48:BZ48) -> 0 | BH48: =SUM($BB48,$AI48:AJ48)-SUM($BY48:CA48) -> 0 | BI48: =SUM($BB48,$AI48:AK48)-SUM($BY48:CB48) -> 0 | BJ48: =SUM($BB48,$AI48:AL48)-SUM($BY48:CC48) -> 0 | BK48: =SUM($BB48,$AI48:AM48)-SUM($BY48:CD48) -> 0 | BL48: =SUM($BB48,$AI48:AN48)-SUM($BY48:CE48) -> 0 | BM48: =SUM($BB48,$AI48:AO48)-SUM($BY48:CF48) -> 0 | BN48: =SUM($BB48,$AI48:AP48)-SUM($BY48:CG48) -> -2400 | ... BX48: =SUM($BB48,$AI48:AZ48)-SUM($BY48:CQ48) -> -38520 | BY48: {=SUMPRODUCT(TRANSPOSE(BY$2:BY$15),$I48:$V48)} -> 0 | BZ48: {=SUMPRODUCT(TRANSPOSE(BZ$2:BZ$15),$I48:$V48)} -> 0 | CA48: {=SUMPRODUCT(TRANSPOSE(CA$2:CA$15),$I48:$V48)} -> 0 | CB48: {=SUMPRODUCT(TRANSPOSE(CB$2:CB$15),$I48:$V48)} -> 0 | CC48: {=SUMPRODUCT(TRANSPOSE(CC$2:CC$15),$I48:$V48)} -> 0 | CD48: {=SUMPRODUCT(TRANSPOSE(CD$2:CD$15),$I48:$V48)} -> 0 | CE48: {=SUMPRODUCT(TRANSPOSE(CE$2:CE$15),$I48:$V48)} -> 0 | CF48: {=SUMPRODUCT(TRANSPOSE(CF$2:CF$15),$I48:$V48)} -> 0 | ... CQ48: {=SUMPRODUCT(TRANSPOSE(CQ$2:CQ$15),$I48:$V48)} -> 0
A49: 260 | B49: MT28EW01GABA1HPC-0SIT | C49: BUY1 | D49: 411123562 | F49: IC PARALLEL NOR FLASH 1GB | G49: EA | H49: 2 | I49: 0 | J49: 0 | K49: 0 | L49: 0 | M49: 1 | N49: 0 | O49: 0 | P49: 0 | Q49: 0 | R49: 0 | S49: 0 | T49: 0 | U49: 0 | V49: 1 | W49: =SUMPRODUCT(I49:V49,$I$13:$V$13) -> 3210 | X49: =SUM(I49:V49)*AC49 -> 24.74 | Y49: =VLOOKUP(D49,[1]PARTS!$A$1:$G$65536,7,0) -> MICRON TECHNOLOGY | Z49: 1104 | AA49: 3170 | AB49: =CEILING(AA49,Z49) -> 3312 | AC49: 12.37 | AD49: ARROW | AE49: ALON SAGIV | AF49: alon.sagiv@arrow.com | AG49: 972 537704117 | BG49: =SUM($BB49,$AI49:AI49)-SUM($BY49:BZ49) -> 0 | BH49: =SUM($BB49,$AI49:AJ49)-SUM($BY49:CA49) -> 0 | BI49: =SUM($BB49,$AI49:AK49)-SUM($BY49:CB49) -> 0 | BJ49: =SUM($BB49,$AI49:AL49)-SUM($BY49:CC49) -> 0 | BK49: =SUM($BB49,$AI49:AM49)-SUM($BY49:CD49) -> 0 | BL49: =SUM($BB49,$AI49:AN49)-SUM($BY49:CE49) -> 0 | BM49: =SUM($BB49,$AI49:AO49)-SUM($BY49:CF49) -> 0 | BN49: =SUM($BB49,$AI49:AP49)-SUM($BY49:CG49) -> -100 | ... BX49: =SUM($BB49,$AI49:AZ49)-SUM($BY49:CQ49) -> -3210 | BY49: {=SUMPRODUCT(TRANSPOSE(BY$2:BY$15),$I49:$V49)} -> 0 | BZ49: {=SUMPRODUCT(TRANSPOSE(BZ$2:BZ$15),$I49:$V49)} -> 0 | CA49: {=SUMPRODUCT(TRANSPOSE(CA$2:CA$15),$I49:$V49)} -> 0 | CB49: {=SUMPRODUCT(TRANSPOSE(CB$2:CB$15),$I49:$V49)} -> 0 | CC49: {=SUMPRODUCT(TRANSPOSE(CC$2:CC$15),$I49:$V49)} -> 0 | CD49: {=SUMPRODUCT(TRANSPOSE(CD$2:CD$15),$I49:$V49)} -> 0 | CE49: {=SUMPRODUCT(TRANSPOSE(CE$2:CE$15),$I49:$V49)} -> 0 | CF49: {=SUMPRODUCT(TRANSPOSE(CF$2:CF$15),$I49:$V49)} -> 0 | ... CQ49: {=SUMPRODUCT(TRANSPOSE(CQ$2:CQ$15),$I49:$V49)} -> 0
A50: 100 | B50: ADN4650BRSZ-RL7 | C50: BUY1 | D50: 414282400 | E50: =VLOOKUP(D50,FFF!$A$2:$B$674,2,) -> 414290600 | F50: IC DUAL CHANNEL LVDS ISOLATOR T&R | G50: EA | H50: 6 | I50: 0 | J50: 0 | K50: 0 | L50: 0 | M50: 3 | N50: 0 | O50: 0 | P50: 0 | Q50: 0 | R50: 0 | S50: 0 | T50: 0 | U50: 0 | V50: 3 | W50: =SUMPRODUCT(I50:V50,$I$13:$V$13) -> 9630 | X50: =SUM(I50:V50)*AC50 -> 17.1804 | Y50: =VLOOKUP(D50,[1]PARTS!$A$1:$G$65536,7,0) -> ANALOG DEVICES | Z50: 1 | AA50: =VLOOKUP(D50,[2]pareto!$D$12:$AX$306,45,0) -> 66 | AB50: =CEILING(W50,Z50) -> 9630 | AC50: 2.8634 | AD50: Elbatech | AE50: Anat Eylon | AF50: anat@elbatech.co.il | AG50: 972 - 88516111 | BG50: =SUM($BB50,$AI50:AI50)-SUM($BY50:BZ50) -> 0 | BH50: =SUM($BB50,$AI50:AJ50)-SUM($BY50:CA50) -> 0 | BI50: =SUM($BB50,$AI50:AK50)-SUM($BY50:CB50) -> 0 | BJ50: =SUM($BB50,$AI50:AL50)-SUM($BY50:CC50) -> 0 | BK50: =SUM($BB50,$AI50:AM50)-SUM($BY50:CD50) -> 0 | BL50: =SUM($BB50,$AI50:AN50)-SUM($BY50:CE50) -> 0 | BM50: =SUM($BB50,$AI50:AO50)-SUM($BY50:CF50) -> 0 | BN50: =SUM($BB50,$AI50:AP50)-SUM($BY50:CG50) -> -300 | ... BX50: =SUM($BB50,$AI50:AZ50)-SUM($BY50:CQ50) -> -9630 | BY50: {=SUMPRODUCT(TRANSPOSE(BY$2:BY$15),$I50:$V50)} -> 0 | BZ50: {=SUMPRODUCT(TRANSPOSE(BZ$2:BZ$15),$I50:$V50)} -> 0 | CA50: {=SUMPRODUCT(TRANSPOSE(CA$2:CA$15),$I50:$V50)} -> 0 | CB50: {=SUMPRODUCT(TRANSPOSE(CB$2:CB$15),$I50:$V50)} -> 0 | CC50: {=SUMPRODUCT(TRANSPOSE(CC$2:CC$15),$I50:$V50)} -> 0 | CD50: {=SUMPRODUCT(TRANSPOSE(CD$2:CD$15),$I50:$V50)} -> 0 | CE50: {=SUMPRODUCT(TRANSPOSE(CE$2:CE$15),$I50:$V50)} -> 0 | CF50: {=SUMPRODUCT(TRANSPOSE(CF$2:CF$15),$I50:$V50)} -> 0 | ... CQ50: {=SUMPRODUCT(TRANSPOSE(CQ$2:CQ$15),$I50:$V50)} -> 0
A51: 306 | B51: TBJV227K016LSLC0H24 | C51: BUY1 | D51: 425577966 | F51: CHIP CAP TANTALUM 220UF 10^ 16V 2924 T&R | G51: EA | H51: 7 | I51: 0 | J51: 0 | K51: 0 | L51: 0 | M51: 0 | N51: 0 | O51: 0 | P51: 0 | Q51: 0 | R51: 0 | S51: 0 | T51: 0 | U51: 0 | V51: 7 | W51: =SUMPRODUCT(I51:V51,$I$13:$V$13) -> 11620 | X51: =SUM(I51:V51)*AC51 -> 28 | Y51: =VLOOKUP(D51,[1]PARTS!$A$1:$G$65536,7,0) -> AVX | Z51: 1500 | AA51: 1 | AB51: =CEILING(W51,Z51) -> 12000 | AC51: =VLOOKUP(D51,[2]pareto!$D$12:$AX$306,47,0) -> 4 | AD51: PHEONIX | AE51: TANYA | AF51: Tanyal@phnx.co.il | AG51: 972 - 97644844 | BG51: =SUM($BB51,$AI51:AI51)-SUM($BY51:BZ51) -> 0 | BH51: =SUM($BB51,$AI51:AJ51)-SUM($BY51:CA51) -> 0 | BI51: =SUM($BB51,$AI51:AK51)-SUM($BY51:CB51) -> 0 | BJ51: =SUM($BB51,$AI51:AL51)-SUM($BY51:CC51) -> 0 | BK51: =SUM($BB51,$AI51:AM51)-SUM($BY51:CD51) -> 0 | BL51: =SUM($BB51,$AI51:AN51)-SUM($BY51:CE51) -> 0 | BM51: =SUM($BB51,$AI51:AO51)-SUM($BY51:CF51) -> 0 | BN51: =SUM($BB51,$AI51:AP51)-SUM($BY51:CG51) -> 0 | ... BX51: =SUM($BB51,$AI51:AZ51)-SUM($BY51:CQ51) -> -11620 | BY51: {=SUMPRODUCT(TRANSPOSE(BY$2:BY$15),$I51:$V51)} -> 0 | BZ51: {=SUMPRODUCT(TRANSPOSE(BZ$2:BZ$15),$I51:$V51)} -> 0 | CA51: {=SUMPRODUCT(TRANSPOSE(CA$2:CA$15),$I51:$V51)} -> 0 | CB51: {=SUMPRODUCT(TRANSPOSE(CB$2:CB$15),$I51:$V51)} -> 0 | CC51: {=SUMPRODUCT(TRANSPOSE(CC$2:CC$15),$I51:$V51)} -> 0 | CD51: {=SUMPRODUCT(TRANSPOSE(CD$2:CD$15),$I51:$V51)} -> 0 | CE51: {=SUMPRODUCT(TRANSPOSE(CE$2:CE$15),$I51:$V51)} -> 0 | CF51: {=SUMPRODUCT(TRANSPOSE(CF$2:CF$15),$I51:$V51)} -> 0 | ... CQ51: {=SUMPRODUCT(TRANSPOSE(CQ$2:CQ$15),$I51:$V51)} -> 0
A52: 36 | B52: 1094N762-001 | C52: A | D52: 421436480 | F52: RF GASKET | G52: EA | H52: 2 | I52: 0 | J52: 1 | K52: 0 | L52: 0 | M52: 0 | N52: 0 | O52: 1 | P52: 0 | Q52: 0 | R52: 0 | S52: 0 | T52: 0 | U52: 0 | V52: 0 | W52: =SUMPRODUCT(I52:V52,$I$13:$V$13) -> 3210 | X52: =SUM(I52:V52)*AC52 -> 27 | Y52: =VLOOKUP(D52,[1]PARTS!$A$1:$G$65536,7,0) | Z52: 1 | AA52: 3170 | AB52: =CEILING(W52,Z52) -> 3210 | AC52: =VLOOKUP(D52,[2]pareto!$D$12:$AX$306,47,0) -> 13.5 | AD52: GUMIYAN | AE52: AVI MOSHE | AF52: =VLOOKUP(D52,[2]pareto!$D$11:$BD$306,52,0) -> avi@gumiyan.co.il | AG52: 972- 8-9224911 | BG52: =SUM($BB52,$AI52:AI52)-SUM($BY52:BZ52) -> 0 | BH52: =SUM($BB52,$AI52:AJ52)-SUM($BY52:CA52) -> 0 | BI52: =SUM($BB52,$AI52:AK52)-SUM($BY52:CB52) -> 0 | BJ52: =SUM($BB52,$AI52:AL52)-SUM($BY52:CC52) -> 0 | BK52: =SUM($BB52,$AI52:AM52)-SUM($BY52:CD52) -> 0 | BL52: =SUM($BB52,$AI52:AN52)-SUM($BY52:CE52) -> 0 | BM52: =SUM($BB52,$AI52:AO52)-SUM($BY52:CF52) -> 0 | BN52: =SUM($BB52,$AI52:AP52)-SUM($BY52:CG52) -> 0 | ... BX52: =SUM($BB52,$AI52:AZ52)-SUM($BY52:CQ52) -> -3210 | BY52: {=SUMPRODUCT(TRANSPOSE(BY$2:BY$15),$I52:$V52)} -> 0 | BZ52: {=SUMPRODUCT(TRANSPOSE(BZ$2:BZ$15),$I52:$V52)} -> 0 | CA52: {=SUMPRODUCT(TRANSPOSE(CA$2:CA$15),$I52:$V52)} -> 0 | CB52: {=SUMPRODUCT(TRANSPOSE(CB$2:CB$15),$I52:$V52)} -> 0 | CC52: {=SUMPRODUCT(TRANSPOSE(CC$2:CC$15),$I52:$V52)} -> 0 | CD52: {=SUMPRODUCT(TRANSPOSE(CD$2:CD$15),$I52:$V52)} -> 0 | CE52: {=SUMPRODUCT(TRANSPOSE(CE$2:CE$15),$I52:$V52)} -> 0 | CF52: {=SUMPRODUCT(TRANSPOSE(CF$2:CF$15),$I52:$V52)} -> 0 | ... CQ52: {=SUMPRODUCT(TRANSPOSE(CQ$2:CQ$15),$I52:$V52)} -> 0
A53: 241 | B53: MADP-011104-TR0500 | C53: BUY1 | D53: 413047332 | E53: =VLOOKUP(D53,FFF!$A$2:$B$674,2,) -> 413064801 | F53: PIN DIODE HIGH POWER 50MHZ-4GHZ T&R | G53: EA | H53: 4 | I53: 0 | J53: 0 | K53: 0 | L53: 4 | M53: 0 | N53: 0 | O53: 0 | P53: 0 | Q53: 0 | R53: 0 | S53: 0 | T53: 0 | U53: 0 | V53: 0 | W53: =SUMPRODUCT(I53:V53,$I$13:$V$13) -> 6200 | X53: =SUM(I53:V53)*AC53 -> 24 | Y53: =VLOOKUP(D53,[1]PARTS!$A$1:$G$65536,7,0) -> M/A-COM TECHNOLOGY SOLUTIONS | Z53: 500 | AA53: 6120 | AB53: =CEILING(W53,Z53) -> 6500 | AC53: =VLOOKUP(D53,[2]pareto!$D$12:$AX$306,47,0) -> 6 | AD53: SHIRTECH | AE53: Liza Cohen | AF53: =VLOOKUP(D53,[2]pareto!$D$11:$BD$306,52,0) -> Liza@Shirtech.co.il | AG53: 972 - 39516495 | BG53: =SUM($BB53,$AI53:AI53)-SUM($BY53:BZ53) -> 0 | BH53: =SUM($BB53,$AI53:AJ53)-SUM($BY53:CA53) -> 0 | BI53: =SUM($BB53,$AI53:AK53)-SUM($BY53:CB53) -> 0 | BJ53: =SUM($BB53,$AI53:AL53)-SUM($BY53:CC53) -> 0 | BK53: =SUM($BB53,$AI53:AM53)-SUM($BY53:CD53) -> 0 | BL53: =SUM($BB53,$AI53:AN53)-SUM($BY53:CE53) -> 0 | BM53: =SUM($BB53,$AI53:AO53)-SUM($BY53:CF53) -> 0 | BN53: =SUM($BB53,$AI53:AP53)-SUM($BY53:CG53) -> -400 | ... BX53: =SUM($BB53,$AI53:AZ53)-SUM($BY53:CQ53) -> -6200 | BY53: {=SUMPRODUCT(TRANSPOSE(BY$2:BY$15),$I53:$V53)} -> 0 | BZ53: {=SUMPRODUCT(TRANSPOSE(BZ$2:BZ$15),$I53:$V53)} -> 0 | CA53: {=SUMPRODUCT(TRANSPOSE(CA$2:CA$15),$I53:$V53)} -> 0 | CB53: {=SUMPRODUCT(TRANSPOSE(CB$2:CB$15),$I53:$V53)} -> 0 | CC53: {=SUMPRODUCT(TRANSPOSE(CC$2:CC$15),$I53:$V53)} -> 0 | CD53: {=SUMPRODUCT(TRANSPOSE(CD$2:CD$15),$I53:$V53)} -> 0 | CE53: {=SUMPRODUCT(TRANSPOSE(CE$2:CE$15),$I53:$V53)} -> 0 | CF53: {=SUMPRODUCT(TRANSPOSE(CF$2:CF$15),$I53:$V53)} -> 0 | ... CQ53: {=SUMPRODUCT(TRANSPOSE(CQ$2:CQ$15),$I53:$V53)} -> 0
A54: 228 | B54: JCM3100T3500S10-ASC | C54: BUY1 | D54: 409177480 | F54: CIRCULATOR SMT 3.100-3.500GHZ | G54: EA | H54: 1 | I54: 0 | J54: 0 | K54: 0 | L54: 0 | M54: 0 | N54: 0 | O54: 0 | P54: 0 | Q54: 1 | R54: 0 | S54: 0 | T54: 0 | U54: 0 | V54: 0 | W54: =SUMPRODUCT(I54:V54,$I$13:$V$13) -> 1660 | X54: =SUM(I54:V54)*AC54 -> 22.5 | Y54: =VLOOKUP(D54,[1]PARTS!$A$1:$G$65536,7,0) -> JQL ELECTRONICS | Z54: 1 | AA54: 0 | AB54: =CEILING(W54,Z54) -> 1660 | AC54: =VLOOKUP(D54,[2]pareto!$D$12:$AX$306,47,0) -> 22.5 | AD54: Ascotech | AE54: Lenova | AF54: Lenova@asco.co.il | AG54: 972-3-6496891 | BG54: =SUM($BB54,$AI54:AI54)-SUM($BY54:BZ54) -> 0 | BH54: =SUM($BB54,$AI54:AJ54)-SUM($BY54:CA54) -> 0 | BI54: =SUM($BB54,$AI54:AK54)-SUM($BY54:CB54) -> 0 | BJ54: =SUM($BB54,$AI54:AL54)-SUM($BY54:CC54) -> 0 | BK54: =SUM($BB54,$AI54:AM54)-SUM($BY54:CD54) -> 0 | BL54: =SUM($BB54,$AI54:AN54)-SUM($BY54:CE54) -> 0 | BM54: =SUM($BB54,$AI54:AO54)-SUM($BY54:CF54) -> 0 | BN54: =SUM($BB54,$AI54:AP54)-SUM($BY54:CG54) -> -100 | ... BX54: =SUM($BB54,$AI54:AZ54)-SUM($BY54:CQ54) -> -1660 | BY54: {=SUMPRODUCT(TRANSPOSE(BY$2:BY$15),$I54:$V54)} -> 0 | BZ54: {=SUMPRODUCT(TRANSPOSE(BZ$2:BZ$15),$I54:$V54)} -> 0 | CA54: {=SUMPRODUCT(TRANSPOSE(CA$2:CA$15),$I54:$V54)} -> 0 | CB54: {=SUMPRODUCT(TRANSPOSE(CB$2:CB$15),$I54:$V54)} -> 0 | CC54: {=SUMPRODUCT(TRANSPOSE(CC$2:CC$15),$I54:$V54)} -> 0 | CD54: {=SUMPRODUCT(TRANSPOSE(CD$2:CD$15),$I54:$V54)} -> 0 | CE54: {=SUMPRODUCT(TRANSPOSE(CE$2:CE$15),$I54:$V54)} -> 0 | CF54: {=SUMPRODUCT(TRANSPOSE(CF$2:CF$15),$I54:$V54)} -> 0 | ... CQ54: {=SUMPRODUCT(TRANSPOSE(CQ$2:CQ$15),$I54:$V54)} -> 0
A55: 229 | B55: JCM3100T3500S10C-ASC | C55: BUY1 | D55: 409187951 | F55: CIRCULATOR SMT 3.100-3.500GHZ | G55: EA | H55: 1 | I55: 0 | J55: 0 | K55: 0 | L55: 0 | M55: 0 | N55: 0 | O55: 0 | P55: 0 | Q55: 1 | R55: 0 | S55: 0 | T55: 0 | U55: 0 | V55: 0 | W55: =SUMPRODUCT(I55:V55,$I$13:$V$13) -> 1660 | X55: =SUM(I55:V55)*AC55 -> 22.5 | Y55: =VLOOKUP(D55,[1]PARTS!$A$1:$G$65536,7,0) -> JQL ELECTRONICS | Z55: 1 | AA55: 0 | AB55: =CEILING(W55,Z55) -> 1660 | AC55: =VLOOKUP(D55,[2]pareto!$D$12:$AX$306,47,0) -> 22.5 | AD55: Ascotech | AE55: Lenova | AF55: Lenova@asco.co.il | AG55: 972-3-6496891 | BG55: =SUM($BB55,$AI55:AI55)-SUM($BY55:BZ55) -> 0 | BH55: =SUM($BB55,$AI55:AJ55)-SUM($BY55:CA55) -> 0 | BI55: =SUM($BB55,$AI55:AK55)-SUM($BY55:CB55) -> 0 | BJ55: =SUM($BB55,$AI55:AL55)-SUM($BY55:CC55) -> 0 | BK55: =SUM($BB55,$AI55:AM55)-SUM($BY55:CD55) -> 0 | BL55: =SUM($BB55,$AI55:AN55)-SUM($BY55:CE55) -> 0 | BM55: =SUM($BB55,$AI55:AO55)-SUM($BY55:CF55) -> 0 | BN55: =SUM($BB55,$AI55:AP55)-SUM($BY55:CG55) -> -100 | ... BX55: =SUM($BB55,$AI55:AZ55)-SUM($BY55:CQ55) -> -1660 | BY55: {=SUMPRODUCT(TRANSPOSE(BY$2:BY$15),$I55:$V55)} -> 0 | BZ55: {=SUMPRODUCT(TRANSPOSE(BZ$2:BZ$15),$I55:$V55)} -> 0 | CA55: {=SUMPRODUCT(TRANSPOSE(CA$2:CA$15),$I55:$V55)} -> 0 | CB55: {=SUMPRODUCT(TRANSPOSE(CB$2:CB$15),$I55:$V55)} -> 0 | CC55: {=SUMPRODUCT(TRANSPOSE(CC$2:CC$15),$I55:$V55)} -> 0 | CD55: {=SUMPRODUCT(TRANSPOSE(CD$2:CD$15),$I55:$V55)} -> 0 | CE55: {=SUMPRODUCT(TRANSPOSE(CE$2:CE$15),$I55:$V55)} -> 0 | CF55: {=SUMPRODUCT(TRANSPOSE(CF$2:CF$15),$I55:$V55)} -> 0 | ... CQ55: {=SUMPRODUCT(TRANSPOSE(CQ$2:CQ$15),$I55:$V55)} -> 0
A56: 78 | B56: 145-A01H/118 | C56: BUY1 | D56: 411067141 | F56: CONN RF ADAPTER SPRING SMP(F)/SMP(F) | G56: EA | H56: 4 | I56: 0 | J56: 0 | K56: 2 | L56: 0 | M56: 0 | N56: 0 | O56: 0 | P56: 2 | Q56: 0 | R56: 0 | S56: 0 | T56: 0 | U56: 0 | V56: 0 | W56: =SUMPRODUCT(I56:V56,$I$13:$V$13) -> 6420 | X56: =SUM(I56:V56)*AC56 -> 21 | Y56: =VLOOKUP(D56,[1]PARTS!$A$1:$G$65536,7,0) -> HUANG LIANG TECHNOLOGIES CO.,LTD. | Z56: 1 | AA56: 6340 | AB56: =CEILING(W56,Z56) -> 6420 | AC56: =VLOOKUP(D56,[2]pareto!$D$12:$AX$306,47,0) -> 5.25 | AD56: STARLIGHT | AE56: NOA KHAITOV | AF56: =VLOOKUP(D56,[2]pareto!$D$11:$BD$306,52,0) -> ada@starlight.co.iL | AG56: =VLOOKUP(D56,[2]pareto!$D$11:$BD$306,51) -> #REF! | BG56: =SUM($BB56,$AI56:AI56)-SUM($BY56:BZ56) -> 0 | BH56: =SUM($BB56,$AI56:AJ56)-SUM($BY56:CA56) -> 0 | BI56: =SUM($BB56,$AI56:AK56)-SUM($BY56:CB56) -> 0 | BJ56: =SUM($BB56,$AI56:AL56)-SUM($BY56:CC56) -> 0 | BK56: =SUM($BB56,$AI56:AM56)-SUM($BY56:CD56) -> 0 | BL56: =SUM($BB56,$AI56:AN56)-SUM($BY56:CE56) -> 0 | BM56: =SUM($BB56,$AI56:AO56)-SUM($BY56:CF56) -> 0 | BN56: =SUM($BB56,$AI56:AP56)-SUM($BY56:CG56) -> 0 | ... BX56: =SUM($BB56,$AI56:AZ56)-SUM($BY56:CQ56) -> -6420 | BY56: {=SUMPRODUCT(TRANSPOSE(BY$2:BY$15),$I56:$V56)} -> 0 | BZ56: {=SUMPRODUCT(TRANSPOSE(BZ$2:BZ$15),$I56:$V56)} -> 0 | CA56: {=SUMPRODUCT(TRANSPOSE(CA$2:CA$15),$I56:$V56)} -> 0 | CB56: {=SUMPRODUCT(TRANSPOSE(CB$2:CB$15),$I56:$V56)} -> 0 | CC56: {=SUMPRODUCT(TRANSPOSE(CC$2:CC$15),$I56:$V56)} -> 0 | CD56: {=SUMPRODUCT(TRANSPOSE(CD$2:CD$15),$I56:$V56)} -> 0 | CE56: {=SUMPRODUCT(TRANSPOSE(CE$2:CE$15),$I56:$V56)} -> 0 | CF56: {=SUMPRODUCT(TRANSPOSE(CF$2:CF$15),$I56:$V56)} -> 0 | ... CQ56: {=SUMPRODUCT(TRANSPOSE(CQ$2:CQ$15),$I56:$V56)} -> 0
A57: 316 | B57: TS0502W3S | C57: BUY2 | D57: N80416613 | F57: ATTENUATOR DC-15GHZ 2DB .1WATT 50 OH | G57: EA | H57: 8 | I57: 0 | J57: 0 | K57: 0 | L57: 5 | M57: 0 | N57: 0 | O57: 0 | P57: 0 | Q57: 3 | R57: 0 | S57: 0 | T57: 0 | U57: 0 | V57: 0 | W57: =SUMPRODUCT(I57:V57,$I$13:$V$13) -> 12730 | X57: =SUM(I57:V57)*AC57 -> 25.44 | Y57: =VLOOKUP(D57,[1]PARTS!$A$1:$G$65536,7,0) -> SMITHS INTERCONNECT AMERICAS, | Z57: 1 | AA57: =VLOOKUP(D57,[2]pareto!$D$12:$AX$306,45,0) -> 35 | AB57: =CEILING(W57,Z57) -> 12730 | AC57: =VLOOKUP(D57,[2]pareto!$D$12:$AX$306,47,0) -> 3.18 | AD57: RFMW | AE57: Tali Weisberg | AF57: tali.weisberg@rfmw.com | AG57: 072-2150902 | BG57: =SUM($BB57,$AI57:AI57)-SUM($BY57:BZ57) -> 0 | BH57: =SUM($BB57,$AI57:AJ57)-SUM($BY57:CA57) -> 0 | BI57: =SUM($BB57,$AI57:AK57)-SUM($BY57:CB57) -> 0 | BJ57: =SUM($BB57,$AI57:AL57)-SUM($BY57:CC57) -> 0 | BK57: =SUM($BB57,$AI57:AM57)-SUM($BY57:CD57) -> 0 | BL57: =SUM($BB57,$AI57:AN57)-SUM($BY57:CE57) -> 0 | BM57: =SUM($BB57,$AI57:AO57)-SUM($BY57:CF57) -> 0 | BN57: =SUM($BB57,$AI57:AP57)-SUM($BY57:CG57) -> -800 | ... BX57: =SUM($BB57,$AI57:AZ57)-SUM($BY57:CQ57) -> -12730 | BY57: {=SUMPRODUCT(TRANSPOSE(BY$2:BY$15),$I57:$V57)} -> 0 | BZ57: {=SUMPRODUCT(TRANSPOSE(BZ$2:BZ$15),$I57:$V57)} -> 0 | CA57: {=SUMPRODUCT(TRANSPOSE(CA$2:CA$15),$I57:$V57)} -> 0 | CB57: {=SUMPRODUCT(TRANSPOSE(CB$2:CB$15),$I57:$V57)} -> 0 | CC57: {=SUMPRODUCT(TRANSPOSE(CC$2:CC$15),$I57:$V57)} -> 0 | CD57: {=SUMPRODUCT(TRANSPOSE(CD$2:CD$15),$I57:$V57)} -> 0 | CE57: {=SUMPRODUCT(TRANSPOSE(CE$2:CE$15),$I57:$V57)} -> 0 | CF57: {=SUMPRODUCT(TRANSPOSE(CF$2:CF$15),$I57:$V57)} -> 0 | ... CQ57: {=SUMPRODUCT(TRANSPOSE(CQ$2:CQ$15),$I57:$V57)} -> 0
A58: 21 | B58: 1093L791-001 | C58: A | D58: 401321735 | F58: CERAMIC FILTER | G58: EA | H58: 4 | I58: 0 | J58: 0 | K58: 0 | L58: 2 | M58: 0 | N58: 0 | O58: 0 | P58: 0 | Q58: 2 | R58: 0 | S58: 0 | T58: 0 | U58: 0 | V58: 0 | W58: =SUMPRODUCT(I58:V58,$I$13:$V$13) -> 6420 | X58: =SUM(I58:V58)*AC58 -> 18.32 | Y58: =VLOOKUP(D58,[1]PARTS!$A$1:$G$65536,7,0) | Z58: 1 | AA58: 6340 | AB58: =CEILING(W58,Z58) -> 6420 | AC58: =VLOOKUP(D58,[2]pareto!$D$12:$AX$306,47,0) -> 4.58 | AD58: Impact | AE58: Itay | AF58: =VLOOKUP(D58,[2]pareto!$D$11:$BD$306,52,0) -> itay@impactel.co.il | AG58: 972-503399574 | BG58: =SUM($BB58,$AI58:AI58)-SUM($BY58:BZ58) -> 0 | BH58: =SUM($BB58,$AI58:AJ58)-SUM($BY58:CA58) -> 0 | BI58: =SUM($BB58,$AI58:AK58)-SUM($BY58:CB58) -> 0 | BJ58: =SUM($BB58,$AI58:AL58)-SUM($BY58:CC58) -> 0 | BK58: =SUM($BB58,$AI58:AM58)-SUM($BY58:CD58) -> 0 | BL58: =SUM($BB58,$AI58:AN58)-SUM($BY58:CE58) -> 0 | BM58: =SUM($BB58,$AI58:AO58)-SUM($BY58:CF58) -> 0 | BN58: =SUM($BB58,$AI58:AP58)-SUM($BY58:CG58) -> -400 | ... BX58: =SUM($BB58,$AI58:AZ58)-SUM($BY58:CQ58) -> -6420 | BY58: {=SUMPRODUCT(TRANSPOSE(BY$2:BY$15),$I58:$V58)} -> 0 | BZ58: {=SUMPRODUCT(TRANSPOSE(BZ$2:BZ$15),$I58:$V58)} -> 0 | CA58: {=SUMPRODUCT(TRANSPOSE(CA$2:CA$15),$I58:$V58)} -> 0 | CB58: {=SUMPRODUCT(TRANSPOSE(CB$2:CB$15),$I58:$V58)} -> 0 | CC58: {=SUMPRODUCT(TRANSPOSE(CC$2:CC$15),$I58:$V58)} -> 0 | CD58: {=SUMPRODUCT(TRANSPOSE(CD$2:CD$15),$I58:$V58)} -> 0 | CE58: {=SUMPRODUCT(TRANSPOSE(CE$2:CE$15),$I58:$V58)} -> 0 | CF58: {=SUMPRODUCT(TRANSPOSE(CF$2:CF$15),$I58:$V58)} -> 0 | ... CQ58: {=SUMPRODUCT(TRANSPOSE(CQ$2:CQ$15),$I58:$V58)} -> 0
A59: 49 | B59: 1094N791-002 | C59: A | D59: 415630145 | F59: DTRM CAPACITOR BANK CARD BRACKET | G59: EA | H59: 1 | I59: 0 | J59: 0 | K59: 0 | L59: 0 | M59: 0 | N59: 0 | O59: 0 | P59: 0 | Q59: 0 | R59: 0 | S59: 0 | T59: 1 | U59: 0 | V59: 0 | W59: =SUMPRODUCT(I59:V59,$I$13:$V$13) -> 1660 | X59: =SUM(I59:V59)*AC59 -> 0 | Y59: =VLOOKUP(D59,[1]PARTS!$A$1:$G$65536,7,0) | Z59: ASSY | AA59: 1640 | AB59: ASSY | AC59: 0 | AD59: ASSY | AE59: ASSY | AF59: ASSY | AG59: ASSY | BG59: =SUM($BB59,$AI59:AI59)-SUM($BY59:BZ59) -> 0 | BH59: =SUM($BB59,$AI59:AJ59)-SUM($BY59:CA59) -> 0 | BI59: =SUM($BB59,$AI59:AK59)-SUM($BY59:CB59) -> 0 | BJ59: =SUM($BB59,$AI59:AL59)-SUM($BY59:CC59) -> 0 | BK59: =SUM($BB59,$AI59:AM59)-SUM($BY59:CD59) -> 0 | BL59: =SUM($BB59,$AI59:AN59)-SUM($BY59:CE59) -> 0 | BM59: =SUM($BB59,$AI59:AO59)-SUM($BY59:CF59) -> 0 | BN59: =SUM($BB59,$AI59:AP59)-SUM($BY59:CG59) -> -100 | ... BX59: =SUM($BB59,$AI59:AZ59)-SUM($BY59:CQ59) -> -1660 | BY59: {=SUMPRODUCT(TRANSPOSE(BY$2:BY$15),$I59:$V59)} -> 0 | BZ59: {=SUMPRODUCT(TRANSPOSE(BZ$2:BZ$15),$I59:$V59)} -> 0 | CA59: {=SUMPRODUCT(TRANSPOSE(CA$2:CA$15),$I59:$V59)} -> 0 | CB59: {=SUMPRODUCT(TRANSPOSE(CB$2:CB$15),$I59:$V59)} -> 0 | CC59: {=SUMPRODUCT(TRANSPOSE(CC$2:CC$15),$I59:$V59)} -> 0 | CD59: {=SUMPRODUCT(TRANSPOSE(CD$2:CD$15),$I59:$V59)} -> 0 | CE59: {=SUMPRODUCT(TRANSPOSE(CE$2:CE$15),$I59:$V59)} -> 0 | CF59: {=SUMPRODUCT(TRANSPOSE(CF$2:CF$15),$I59:$V59)} -> 0 | ... CQ59: {=SUMPRODUCT(TRANSPOSE(CQ$2:CQ$15),$I59:$V59)} -> 0
A60: 42 | B60: 1094N772-001 | C60: - | D60: 411179616 | F60: BRACKET | G60: EA | H60: 2 | I60: 0 | J60: 1 | K60: 0 | L60: 0 | M60: 0 | N60: 0 | O60: 1 | P60: 0 | Q60: 0 | R60: 0 | S60: 0 | T60: 0 | U60: 0 | V60: 0 | W60: =SUMPRODUCT(I60:V60,$I$13:$V$13) -> 3210 | X60: =SUM(I60:V60)*AC60 -> 7.18 | Y60: =VLOOKUP(D60,[1]PARTS!$A$1:$G$65536,7,0) | Z60: 1 | AA60: 3170 | AB60: =CEILING(W60,Z60) -> 3210 | AC60: =VLOOKUP(D60,[2]pareto!$D$12:$AX$306,47,0) -> 3.59 | AD60: WAVE MECHANICS | AE60: WAVE MECHANICS | AF60: =VLOOKUP(D60,[2]pareto!$D$11:$BD$306,52,0) -> tnp@wave-mechanics.com | AG60: =VLOOKUP(D60,[2]pareto!$D$11:$BD$306,51) -> #REF! | BG60: =SUM($BB60,$AI60:AI60)-SUM($BY60:BZ60) -> 0 | BH60: =SUM($BB60,$AI60:AJ60)-SUM($BY60:CA60) -> 0 | BI60: =SUM($BB60,$AI60:AK60)-SUM($BY60:CB60) -> 0 | BJ60: =SUM($BB60,$AI60:AL60)-SUM($BY60:CC60) -> 0 | BK60: =SUM($BB60,$AI60:AM60)-SUM($BY60:CD60) -> 0 | BL60: =SUM($BB60,$AI60:AN60)-SUM($BY60:CE60) -> 0 | BM60: =SUM($BB60,$AI60:AO60)-SUM($BY60:CF60) -> 0 | BN60: =SUM($BB60,$AI60:AP60)-SUM($BY60:CG60) -> 0 | ... BX60: =SUM($BB60,$AI60:AZ60)-SUM($BY60:CQ60) -> -3210 | BY60: {=SUMPRODUCT(TRANSPOSE(BY$2:BY$15),$I60:$V60)} -> 0 | BZ60: {=SUMPRODUCT(TRANSPOSE(BZ$2:BZ$15),$I60:$V60)} -> 0 | CA60: {=SUMPRODUCT(TRANSPOSE(CA$2:CA$15),$I60:$V60)} -> 0 | CB60: {=SUMPRODUCT(TRANSPOSE(CB$2:CB$15),$I60:$V60)} -> 0 | CC60: {=SUMPRODUCT(TRANSPOSE(CC$2:CC$15),$I60:$V60)} -> 0 | CD60: {=SUMPRODUCT(TRANSPOSE(CD$2:CD$15),$I60:$V60)} -> 0 | CE60: {=SUMPRODUCT(TRANSPOSE(CE$2:CE$15),$I60:$V60)} -> 0 | CF60: {=SUMPRODUCT(TRANSPOSE(CF$2:CF$15),$I60:$V60)} -> 0 | ... CQ60: {=SUMPRODUCT(TRANSPOSE(CQ$2:CQ$15),$I60:$V60)} -> 0
A61: 307 | B61: TGA2731-SM | C61: BUY1 | D61: 404179731 | F61: MW AMPLIFIER DRIVER 2.7-4.0GHZ | G61: EA | H61: 2 | I61: 0 | J61: 0 | K61: 0 | L61: 0 | M61: 0 | N61: 0 | O61: 0 | P61: 0 | Q61: 2 | R61: 0 | S61: 0 | T61: 0 | U61: 0 | V61: 0 | W61: =SUMPRODUCT(I61:V61,$I$13:$V$13) -> 3320 | X61: =SUM(I61:V61)*AC61 -> 17 | Y61: =VLOOKUP(D61,[1]PARTS!$A$1:$G$65536,7,0) -> QORVO US, INC | Z61: 1000 | AA61: =VLOOKUP(D61,[2]pareto!$D$12:$AX$306,45,0) -> 2000 | AB61: =CEILING(W61,Z61) -> 4000 | AC61: =VLOOKUP(D61,[2]pareto!$D$12:$AX$306,47,0) -> 8.5 | AD61: QURVO | AE61: Shuli Ronin | AF61: =VLOOKUP(D61,[2]pareto!$D$11:$BD$306,52,0) -> shuli.ronin@qorvo.com | AG61: 972 - 9-7926694 | BG61: =SUM($BB61,$AI61:AI61)-SUM($BY61:BZ61) -> 0 | BH61: =SUM($BB61,$AI61:AJ61)-SUM($BY61:CA61) -> 0 | BI61: =SUM($BB61,$AI61:AK61)-SUM($BY61:CB61) -> 0 | BJ61: =SUM($BB61,$AI61:AL61)-SUM($BY61:CC61) -> 0 | BK61: =SUM($BB61,$AI61:AM61)-SUM($BY61:CD61) -> 0 | BL61: =SUM($BB61,$AI61:AN61)-SUM($BY61:CE61) -> 0 | BM61: =SUM($BB61,$AI61:AO61)-SUM($BY61:CF61) -> 0 | BN61: =SUM($BB61,$AI61:AP61)-SUM($BY61:CG61) -> -200 | ... BX61: =SUM($BB61,$AI61:AZ61)-SUM($BY61:CQ61) -> -3320 | BY61: {=SUMPRODUCT(TRANSPOSE(BY$2:BY$15),$I61:$V61)} -> 0 | BZ61: {=SUMPRODUCT(TRANSPOSE(BZ$2:BZ$15),$I61:$V61)} -> 0 | CA61: {=SUMPRODUCT(TRANSPOSE(CA$2:CA$15),$I61:$V61)} -> 0 | CB61: {=SUMPRODUCT(TRANSPOSE(CB$2:CB$15),$I61:$V61)} -> 0 | CC61: {=SUMPRODUCT(TRANSPOSE(CC$2:CC$15),$I61:$V61)} -> 0 | CD61: {=SUMPRODUCT(TRANSPOSE(CD$2:CD$15),$I61:$V61)} -> 0 | CE61: {=SUMPRODUCT(TRANSPOSE(CE$2:CE$15),$I61:$V61)} -> 0 | CF61: {=SUMPRODUCT(TRANSPOSE(CF$2:CF$15),$I61:$V61)} -> 0 | ... CQ61: {=SUMPRODUCT(TRANSPOSE(CQ$2:CQ$15),$I61:$V61)} -> 0
A62: 230 | B62: JCM3100T3500VM5R-ASC | C62: BUY1 | D62: 412830310 | F62: CIRCULATOR SMT | G62: EA | H62: 1 | I62: 0 | J62: 0 | K62: 0 | L62: 1 | M62: 0 | N62: 0 | O62: 0 | P62: 0 | Q62: 0 | R62: 0 | S62: 0 | T62: 0 | U62: 0 | V62: 0 | W62: =SUMPRODUCT(I62:V62,$I$13:$V$13) -> 1550 | X62: =SUM(I62:V62)*AC62 -> 16.95 | Y62: =VLOOKUP(D62,[1]PARTS!$A$1:$G$65536,7,0) -> JQL ELECTRONICS | Z62: 1 | AA62: 0 | AB62: =CEILING(W62,Z62) -> 1550 | AC62: =VLOOKUP(D62,[2]pareto!$D$12:$AX$306,47,0) -> 16.95 | AD62: Ascotech | AE62: Lenova | AF62: Lenova@asco.co.il | AG62: 972-3-6496891 | BG62: =SUM($BB62,$AI62:AI62)-SUM($BY62:BZ62) -> 0 | BH62: =SUM($BB62,$AI62:AJ62)-SUM($BY62:CA62) -> 0 | BI62: =SUM($BB62,$AI62:AK62)-SUM($BY62:CB62) -> 0 | BJ62: =SUM($BB62,$AI62:AL62)-SUM($BY62:CC62) -> 0 | BK62: =SUM($BB62,$AI62:AM62)-SUM($BY62:CD62) -> 0 | BL62: =SUM($BB62,$AI62:AN62)-SUM($BY62:CE62) -> 0 | BM62: =SUM($BB62,$AI62:AO62)-SUM($BY62:CF62) -> 0 | BN62: =SUM($BB62,$AI62:AP62)-SUM($BY62:CG62) -> -100 | ... BX62: =SUM($BB62,$AI62:AZ62)-SUM($BY62:CQ62) -> -1550 | BY62: {=SUMPRODUCT(TRANSPOSE(BY$2:BY$15),$I62:$V62)} -> 0 | BZ62: {=SUMPRODUCT(TRANSPOSE(BZ$2:BZ$15),$I62:$V62)} -> 0 | CA62: {=SUMPRODUCT(TRANSPOSE(CA$2:CA$15),$I62:$V62)} -> 0 | CB62: {=SUMPRODUCT(TRANSPOSE(CB$2:CB$15),$I62:$V62)} -> 0 | CC62: {=SUMPRODUCT(TRANSPOSE(CC$2:CC$15),$I62:$V62)} -> 0 | CD62: {=SUMPRODUCT(TRANSPOSE(CD$2:CD$15),$I62:$V62)} -> 0 | CE62: {=SUMPRODUCT(TRANSPOSE(CE$2:CE$15),$I62:$V62)} -> 0 | CF62: {=SUMPRODUCT(TRANSPOSE(CF$2:CF$15),$I62:$V62)} -> 0 | ... CQ62: {=SUMPRODUCT(TRANSPOSE(CQ$2:CQ$15),$I62:$V62)} -> 0
A63: 231 | B63: JCM3100T3500VM5RC-ASC | C63: BUY1 | D63: 412830309 | F63: CIRCULATOR SMT | G63: EA | H63: 1 | I63: 0 | J63: 0 | K63: 0 | L63: 1 | M63: 0 | N63: 0 | O63: 0 | P63: 0 | Q63: 0 | R63: 0 | S63: 0 | T63: 0 | U63: 0 | V63: 0 | W63: =SUMPRODUCT(I63:V63,$I$13:$V$13) -> 1550 | X63: =SUM(I63:V63)*AC63 -> 16.85 | Y63: =VLOOKUP(D63,[1]PARTS!$A$1:$G$65536,7,0) -> JQL ELECTRONICS | Z63: 1 | AA63: 0 | AB63: =CEILING(W63,Z63) -> 1550 | AC63: =VLOOKUP(D63,[2]pareto!$D$12:$AX$306,47,0) -> 16.85 | AD63: Ascotech | AE63: Lenova | AF63: Lenova@asco.co.il | AG63: 972-3-6496891 | BG63: =SUM($BB63,$AI63:AI63)-SUM($BY63:BZ63) -> 0 | BH63: =SUM($BB63,$AI63:AJ63)-SUM($BY63:CA63) -> 0 | BI63: =SUM($BB63,$AI63:AK63)-SUM($BY63:CB63) -> 0 | BJ63: =SUM($BB63,$AI63:AL63)-SUM($BY63:CC63) -> 0 | BK63: =SUM($BB63,$AI63:AM63)-SUM($BY63:CD63) -> 0 | BL63: =SUM($BB63,$AI63:AN63)-SUM($BY63:CE63) -> 0 | BM63: =SUM($BB63,$AI63:AO63)-SUM($BY63:CF63) -> 0 | BN63: =SUM($BB63,$AI63:AP63)-SUM($BY63:CG63) -> -100 | ... BX63: =SUM($BB63,$AI63:AZ63)-SUM($BY63:CQ63) -> -1550 | BY63: {=SUMPRODUCT(TRANSPOSE(BY$2:BY$15),$I63:$V63)} -> 0 | BZ63: {=SUMPRODUCT(TRANSPOSE(BZ$2:BZ$15),$I63:$V63)} -> 0 | CA63: {=SUMPRODUCT(TRANSPOSE(CA$2:CA$15),$I63:$V63)} -> 0 | CB63: {=SUMPRODUCT(TRANSPOSE(CB$2:CB$15),$I63:$V63)} -> 0 | CC63: {=SUMPRODUCT(TRANSPOSE(CC$2:CC$15),$I63:$V63)} -> 0 | CD63: {=SUMPRODUCT(TRANSPOSE(CD$2:CD$15),$I63:$V63)} -> 0 | CE63: {=SUMPRODUCT(TRANSPOSE(CE$2:CE$15),$I63:$V63)} -> 0 | CF63: {=SUMPRODUCT(TRANSPOSE(CF$2:CF$15),$I63:$V63)} -> 0 | ... CQ63: {=SUMPRODUCT(TRANSPOSE(CQ$2:CQ$15),$I63:$V63)} -> 0
A64: 242 | B64: MAX8557ETE+T | C64: BUY2 | D64: 400330009 | F64: IC VOLTAGE REGULATOR ADJ. 4A T&R | G64: EA | H64: 6 | I64: 0 | J64: 0 | K64: 0 | L64: 0 | M64: 3 | N64: 0 | O64: 0 | P64: 0 | Q64: 0 | R64: 0 | S64: 0 | T64: 0 | U64: 0 | V64: 3 | W64: =SUMPRODUCT(I64:V64,$I$13:$V$13) -> 9630 | X64: =SUM(I64:V64)*AC64 -> 0 | Y64: =VLOOKUP(D64,[1]PARTS!$A$1:$G$65536,7,0) -> #N/A | Z64: 2500 | AA64: 9510 | AB64: =CEILING(W64,Z64) -> 10000 | AD64: ARROW | AE64: ALON SAGIV | AF64: alon.sagiv@arrow.com | AG64: 972 537704117 | BG64: =SUM($BB64,$AI64:AI64)-SUM($BY64:BZ64) -> 0 | BH64: =SUM($BB64,$AI64:AJ64)-SUM($BY64:CA64) -> 0 | BI64: =SUM($BB64,$AI64:AK64)-SUM($BY64:CB64) -> 0 | BJ64: =SUM($BB64,$AI64:AL64)-SUM($BY64:CC64) -> 0 | BK64: =SUM($BB64,$AI64:AM64)-SUM($BY64:CD64) -> 0 | BL64: =SUM($BB64,$AI64:AN64)-SUM($BY64:CE64) -> 0 | BM64: =SUM($BB64,$AI64:AO64)-SUM($BY64:CF64) -> 0 | BN64: =SUM($BB64,$AI64:AP64)-SUM($BY64:CG64) -> -300 | ... BX64: =SUM($BB64,$AI64:AZ64)-SUM($BY64:CQ64) -> -9630 | BY64: {=SUMPRODUCT(TRANSPOSE(BY$2:BY$15),$I64:$V64)} -> 0 | BZ64: {=SUMPRODUCT(TRANSPOSE(BZ$2:BZ$15),$I64:$V64)} -> 0 | CA64: {=SUMPRODUCT(TRANSPOSE(CA$2:CA$15),$I64:$V64)} -> 0 | CB64: {=SUMPRODUCT(TRANSPOSE(CB$2:CB$15),$I64:$V64)} -> 0 | CC64: {=SUMPRODUCT(TRANSPOSE(CC$2:CC$15),$I64:$V64)} -> 0 | CD64: {=SUMPRODUCT(TRANSPOSE(CD$2:CD$15),$I64:$V64)} -> 0 | CE64: {=SUMPRODUCT(TRANSPOSE(CE$2:CE$15),$I64:$V64)} -> 0 | CF64: {=SUMPRODUCT(TRANSPOSE(CF$2:CF$15),$I64:$V64)} -> 0 | ... CQ64: {=SUMPRODUCT(TRANSPOSE(CQ$2:CQ$15),$I64:$V64)} -> 0
A65: 63 | B65: 1094Y026-001 | C65: A | D65: 416606164 | F65: IND SPACER | G65: EA | H65: 2 | I65: 0 | J65: 0 | K65: 0 | L65: 0 | M65: 0 | N65: 0 | O65: 0 | P65: 2 | Q65: 0 | R65: 0 | S65: 0 | T65: 0 | U65: 0 | V65: 0 | W65: =SUMPRODUCT(I65:V65,$I$13:$V$13) -> 3320 | X65: =SUM(I65:V65)*AC65 -> 15.8 | Y65: =VLOOKUP(D65,[1]PARTS!$A$1:$G$65536,7,0) | Z65: 1 | AA65: 3280 | AB65: 3280 | AC65: =VLOOKUP(D65,[2]pareto!$D$12:$AX$306,47,0) -> 7.9 | AD65: PRONAT | AE65: Katia Kopylova | AF65: =VLOOKUP(D65,[2]pareto!$D$11:$BD$306,52,0) -> sales@pronat.co.il | AG65: 972-4-6286837 | BG65: =SUM($BB65,$AI65:AI65)-SUM($BY65:BZ65) -> 0 | BH65: =SUM($BB65,$AI65:AJ65)-SUM($BY65:CA65) -> 0 | BI65: =SUM($BB65,$AI65:AK65)-SUM($BY65:CB65) -> 0 | BJ65: =SUM($BB65,$AI65:AL65)-SUM($BY65:CC65) -> 0 | BK65: =SUM($BB65,$AI65:AM65)-SUM($BY65:CD65) -> 0 | BL65: =SUM($BB65,$AI65:AN65)-SUM($BY65:CE65) -> 0 | BM65: =SUM($BB65,$AI65:AO65)-SUM($BY65:CF65) -> 0 | BN65: =SUM($BB65,$AI65:AP65)-SUM($BY65:CG65) -> 0 | ... BX65: =SUM($BB65,$AI65:AZ65)-SUM($BY65:CQ65) -> -3320 | BY65: {=SUMPRODUCT(TRANSPOSE(BY$2:BY$15),$I65:$V65)} -> 0 | BZ65: {=SUMPRODUCT(TRANSPOSE(BZ$2:BZ$15),$I65:$V65)} -> 0 | CA65: {=SUMPRODUCT(TRANSPOSE(CA$2:CA$15),$I65:$V65)} -> 0 | CB65: {=SUMPRODUCT(TRANSPOSE(CB$2:CB$15),$I65:$V65)} -> 0 | CC65: {=SUMPRODUCT(TRANSPOSE(CC$2:CC$15),$I65:$V65)} -> 0 | CD65: {=SUMPRODUCT(TRANSPOSE(CD$2:CD$15),$I65:$V65)} -> 0 | CE65: {=SUMPRODUCT(TRANSPOSE(CE$2:CE$15),$I65:$V65)} -> 0 | CF65: {=SUMPRODUCT(TRANSPOSE(CF$2:CF$15),$I65:$V65)} -> 0 | ... CQ65: {=SUMPRODUCT(TRANSPOSE(CQ$2:CQ$15),$I65:$V65)} -> 0
A66: 110 | B66: ASP-200323-01 | C66: BUY1 | D66: 410810011 | F66: CONN RECT HEADER 100 PIN SMT, QUAD ROW | G66: EA | H66: 2 | I66: 0 | J66: 0 | K66: 0 | L66: 0 | M66: 1 | N66: 0 | O66: 0 | P66: 0 | Q66: 0 | R66: 0 | S66: 0 | T66: 0 | U66: 0 | V66: 1 | W66: =SUMPRODUCT(I66:V66,$I$13:$V$13) -> 3210 | X66: =SUM(I66:V66)*AC66 -> 15.62 | Y66: =VLOOKUP(D66,[1]PARTS!$A$1:$G$65536,7,0) -> SAMTEC | Z66: 1 | AA66: 0 | AB66: =CEILING(W66,Z66) -> 3210 | AC66: 7.81 | AD66: SAMTEC | AE66: Yifat Leberman | AF66: =VLOOKUP(D66,[2]pareto!$D$11:$BD$306,52,0) -> yifat.leberman@samtec.com | AG66: 972-3-7526600 | BG66: =SUM($BB66,$AI66:AI66)-SUM($BY66:BZ66) -> 0 | BH66: =SUM($BB66,$AI66:AJ66)-SUM($BY66:CA66) -> 0 | BI66: =SUM($BB66,$AI66:AK66)-SUM($BY66:CB66) -> 0 | BJ66: =SUM($BB66,$AI66:AL66)-SUM($BY66:CC66) -> 0 | BK66: =SUM($BB66,$AI66:AM66)-SUM($BY66:CD66) -> 0 | BL66: =SUM($BB66,$AI66:AN66)-SUM($BY66:CE66) -> 0 | BM66: =SUM($BB66,$AI66:AO66)-SUM($BY66:CF66) -> 0 | BN66: =SUM($BB66,$AI66:AP66)-SUM($BY66:CG66) -> -100 | ... BX66: =SUM($BB66,$AI66:AZ66)-SUM($BY66:CQ66) -> -3210 | BY66: {=SUMPRODUCT(TRANSPOSE(BY$2:BY$15),$I66:$V66)} -> 0 | BZ66: {=SUMPRODUCT(TRANSPOSE(BZ$2:BZ$15),$I66:$V66)} -> 0 | CA66: {=SUMPRODUCT(TRANSPOSE(CA$2:CA$15),$I66:$V66)} -> 0 | CB66: {=SUMPRODUCT(TRANSPOSE(CB$2:CB$15),$I66:$V66)} -> 0 | CC66: {=SUMPRODUCT(TRANSPOSE(CC$2:CC$15),$I66:$V66)} -> 0 | CD66: {=SUMPRODUCT(TRANSPOSE(CD$2:CD$15),$I66:$V66)} -> 0 | CE66: {=SUMPRODUCT(TRANSPOSE(CE$2:CE$15),$I66:$V66)} -> 0 | CF66: {=SUMPRODUCT(TRANSPOSE(CF$2:CF$15),$I66:$V66)} -> 0 | ... CQ66: {=SUMPRODUCT(TRANSPOSE(CQ$2:CQ$15),$I66:$V66)} -> 0
A67: 287 | B67: RCP3500Q03 | C67: BUY1 | D67: 409547020 | F67: COUPLER HYBRID 3300-3800MHZ 3DB 90DE T&R | G67: EA | H67: 8 | I67: 0 | J67: 0 | K67: 0 | L67: 4 | M67: 0 | N67: 0 | O67: 0 | P67: 0 | Q67: 4 | R67: 0 | S67: 0 | T67: 0 | U67: 0 | V67: 0 | W67: =SUMPRODUCT(I67:V67,$I$13:$V$13) -> 12840 | X67: =SUM(I67:V67)*AC67 -> 15.12 | Y67: =VLOOKUP(D67,[1]PARTS!$A$1:$G$65536,7,0) -> RN2 TECHNOLOGIES CO., LTD. | Z67: 1000 | AA67: 12680 | AB67: =CEILING(W67,Z67) -> 13000 | AC67: =VLOOKUP(D67,[2]pareto!$D$12:$AX$306,47,0) -> 1.89 | AD67: Ascotech | AE67: Lenova | AF67: Lenova@asco.co.il | AG67: 972-3-6496891 | BG67: =SUM($BB67,$AI67:AI67)-SUM($BY67:BZ67) -> 0 | BH67: =SUM($BB67,$AI67:AJ67)-SUM($BY67:CA67) -> 0 | BI67: =SUM($BB67,$AI67:AK67)-SUM($BY67:CB67) -> 0 | BJ67: =SUM($BB67,$AI67:AL67)-SUM($BY67:CC67) -> 0 | BK67: =SUM($BB67,$AI67:AM67)-SUM($BY67:CD67) -> 0 | BL67: =SUM($BB67,$AI67:AN67)-SUM($BY67:CE67) -> 0 | BM67: =SUM($BB67,$AI67:AO67)-SUM($BY67:CF67) -> 0 | BN67: =SUM($BB67,$AI67:AP67)-SUM($BY67:CG67) -> -800 | ... BX67: =SUM($BB67,$AI67:AZ67)-SUM($BY67:CQ67) -> -12840 | BY67: {=SUMPRODUCT(TRANSPOSE(BY$2:BY$15),$I67:$V67)} -> 0 | BZ67: {=SUMPRODUCT(TRANSPOSE(BZ$2:BZ$15),$I67:$V67)} -> 0 | CA67: {=SUMPRODUCT(TRANSPOSE(CA$2:CA$15),$I67:$V67)} -> 0 | CB67: {=SUMPRODUCT(TRANSPOSE(CB$2:CB$15),$I67:$V67)} -> 0 | CC67: {=SUMPRODUCT(TRANSPOSE(CC$2:CC$15),$I67:$V67)} -> 0 | CD67: {=SUMPRODUCT(TRANSPOSE(CD$2:CD$15),$I67:$V67)} -> 0 | CE67: {=SUMPRODUCT(TRANSPOSE(CE$2:CE$15),$I67:$V67)} -> 0 | CF67: {=SUMPRODUCT(TRANSPOSE(CF$2:CF$15),$I67:$V67)} -> 0 | ... CQ67: {=SUMPRODUCT(TRANSPOSE(CQ$2:CQ$15),$I67:$V67)} -> 0
A68: 207 | B68: DS620U+TR | C68: BUY2 | D68: 400929924 | E68: =VLOOKUP(D68,FFF!$A$2:$B$674,2,) -> 400930961 | F68: IC DIGITAL THERMOMETER T&R | G68: EA | H68: 10 | I68: 0 | J68: 0 | K68: 0 | L68: 2 | M68: 1 | N68: 0 | O68: 0 | P68: 0 | Q68: 6 | R68: 0 | S68: 0 | T68: 0 | U68: 0 | V68: 1 | W68: =SUMPRODUCT(I68:V68,$I$13:$V$13) -> 16270 | X68: =SUM(I68:V68)*AC68 -> 15.02 | Y68: =VLOOKUP(D68,[1]PARTS!$A$1:$G$65536,7,0) -> MAXIM INTEGRATED PRODUCTS, INC | Z68: 3000 | AA68: =VLOOKUP(D68,[2]pareto!$D$12:$AX$306,45,0) -> 3000 | AB68: =CEILING(W68,Z68) -> 18000 | AC68: =VLOOKUP(D68,[2]pareto!$D$12:$AX$306,47,0) -> 1.502 | AD68: ARROW | AE68: ALON SAGIV | AF68: alon.sagiv@arrow.com | AG68: 972 537704117 | BG68: =SUM($BB68,$AI68:AI68)-SUM($BY68:BZ68) -> 0 | BH68: =SUM($BB68,$AI68:AJ68)-SUM($BY68:CA68) -> 0 | BI68: =SUM($BB68,$AI68:AK68)-SUM($BY68:CB68) -> 0 | BJ68: =SUM($BB68,$AI68:AL68)-SUM($BY68:CC68) -> 0 | BK68: =SUM($BB68,$AI68:AM68)-SUM($BY68:CD68) -> 0 | BL68: =SUM($BB68,$AI68:AN68)-SUM($BY68:CE68) -> 0 | BM68: =SUM($BB68,$AI68:AO68)-SUM($BY68:CF68) -> 0 | BN68: =SUM($BB68,$AI68:AP68)-SUM($BY68:CG68) -> -900 | ... BX68: =SUM($BB68,$AI68:AZ68)-SUM($BY68:CQ68) -> -16270 | BY68: {=SUMPRODUCT(TRANSPOSE(BY$2:BY$15),$I68:$V68)} -> 0 | BZ68: {=SUMPRODUCT(TRANSPOSE(BZ$2:BZ$15),$I68:$V68)} -> 0 | CA68: {=SUMPRODUCT(TRANSPOSE(CA$2:CA$15),$I68:$V68)} -> 0 | CB68: {=SUMPRODUCT(TRANSPOSE(CB$2:CB$15),$I68:$V68)} -> 0 | CC68: {=SUMPRODUCT(TRANSPOSE(CC$2:CC$15),$I68:$V68)} -> 0 | CD68: {=SUMPRODUCT(TRANSPOSE(CD$2:CD$15),$I68:$V68)} -> 0 | CE68: {=SUMPRODUCT(TRANSPOSE(CE$2:CE$15),$I68:$V68)} -> 0 | CF68: {=SUMPRODUCT(TRANSPOSE(CF$2:CF$15),$I68:$V68)} -> 0 | ... CQ68: {=SUMPRODUCT(TRANSPOSE(CQ$2:CQ$15),$I68:$V68)} -> 0
A69: 28 | B69: 1094L935-001 | C69: - | D69: 403581656 | F69: SCREW 4-40 L150 | G69: EA | H69: 4 | I69: 0 | J69: 2 | K69: 0 | L69: 0 | M69: 0 | N69: 0 | O69: 2 | P69: 0 | Q69: 0 | R69: 0 | S69: 0 | T69: 0 | U69: 0 | V69: 0 | W69: =SUMPRODUCT(I69:V69,$I$13:$V$13) -> 6420 | X69: =SUM(I69:V69)*AC69 -> 13.52 | Y69: =VLOOKUP(D69,[1]PARTS!$A$1:$G$65536,7,0) | Z69: 1 | AA69: 6340 | AB69: =CEILING(W69,Z69) -> 6420 | AC69: =VLOOKUP(D69,[2]pareto!$D$12:$AX$306,47,0) -> 3.38 | AD69: WAVE MECHANICS | AE69: WAVE MECHANICS | AF69: =VLOOKUP(D69,[2]pareto!$D$11:$BD$306,52,0) -> tnp@wave-mechanics.com | AG69: =VLOOKUP(D69,[2]pareto!$D$11:$BD$306,51) -> #REF! | BG69: =SUM($BB69,$AI69:AI69)-SUM($BY69:BZ69) -> 0 | BH69: =SUM($BB69,$AI69:AJ69)-SUM($BY69:CA69) -> 0 | BI69: =SUM($BB69,$AI69:AK69)-SUM($BY69:CB69) -> 0 | BJ69: =SUM($BB69,$AI69:AL69)-SUM($BY69:CC69) -> 0 | BK69: =SUM($BB69,$AI69:AM69)-SUM($BY69:CD69) -> 0 | BL69: =SUM($BB69,$AI69:AN69)-SUM($BY69:CE69) -> 0 | BM69: =SUM($BB69,$AI69:AO69)-SUM($BY69:CF69) -> 0 | BN69: =SUM($BB69,$AI69:AP69)-SUM($BY69:CG69) -> 0 | ... BX69: =SUM($BB69,$AI69:AZ69)-SUM($BY69:CQ69) -> -6420 | BY69: {=SUMPRODUCT(TRANSPOSE(BY$2:BY$15),$I69:$V69)} -> 0 | BZ69: {=SUMPRODUCT(TRANSPOSE(BZ$2:BZ$15),$I69:$V69)} -> 0 | CA69: {=SUMPRODUCT(TRANSPOSE(CA$2:CA$15),$I69:$V69)} -> 0 | CB69: {=SUMPRODUCT(TRANSPOSE(CB$2:CB$15),$I69:$V69)} -> 0 | CC69: {=SUMPRODUCT(TRANSPOSE(CC$2:CC$15),$I69:$V69)} -> 0 | CD69: {=SUMPRODUCT(TRANSPOSE(CD$2:CD$15),$I69:$V69)} -> 0 | CE69: {=SUMPRODUCT(TRANSPOSE(CE$2:CE$15),$I69:$V69)} -> 0 | CF69: {=SUMPRODUCT(TRANSPOSE(CF$2:CF$15),$I69:$V69)} -> 0 | ... CQ69: {=SUMPRODUCT(TRANSPOSE(CQ$2:CQ$15),$I69:$V69)} -> 0
A70: 76 | B70: 10S519-S60N3 | C70: BUY1 | D70: 404179667 | E70: =VLOOKUP(D70,FFF!$A$2:$B$674,2,) -> 415712344 | F70: CONN,RF,ADAPTER,RPC-SP PLUG/SMP PLUG,50 | G70: EA | H70: 4 | I70: 0 | J70: 2 | K70: 0 | L70: 0 | M70: 0 | N70: 0 | O70: 2 | P70: 0 | Q70: 0 | R70: 0 | S70: 0 | T70: 0 | U70: 0 | V70: 0 | W70: =SUMPRODUCT(I70:V70,$I$13:$V$13) -> 6420 | X70: =SUM(I70:V70)*AC70 -> 14.7088 | Y70: =VLOOKUP(D70,[1]PARTS!$A$1:$G$65536,7,0) -> ROSENBERGER | Z70: 1 | AA70: 6340 | AB70: =CEILING(W70,Z70) -> 6420 | AC70: 3.6772 | AD70: MTI SUMMIT | AE70: Niv Kalaf | AF70: nivk@mtisummit.co.il | AG70: =VLOOKUP(D70,[2]pareto!$D$11:$BD$306,51) -> #REF! | BG70: =SUM($BB70,$AI70:AI70)-SUM($BY70:BZ70) -> 0 | BH70: =SUM($BB70,$AI70:AJ70)-SUM($BY70:CA70) -> 0 | BI70: =SUM($BB70,$AI70:AK70)-SUM($BY70:CB70) -> 0 | BJ70: =SUM($BB70,$AI70:AL70)-SUM($BY70:CC70) -> 0 | BK70: =SUM($BB70,$AI70:AM70)-SUM($BY70:CD70) -> 0 | BL70: =SUM($BB70,$AI70:AN70)-SUM($BY70:CE70) -> 0 | BM70: =SUM($BB70,$AI70:AO70)-SUM($BY70:CF70) -> 0 | BN70: =SUM($BB70,$AI70:AP70)-SUM($BY70:CG70) -> 0 | ... BX70: =SUM($BB70,$AI70:AZ70)-SUM($BY70:CQ70) -> -6420 | BY70: {=SUMPRODUCT(TRANSPOSE(BY$2:BY$15),$I70:$V70)} -> 0 | BZ70: {=SUMPRODUCT(TRANSPOSE(BZ$2:BZ$15),$I70:$V70)} -> 0 | CA70: {=SUMPRODUCT(TRANSPOSE(CA$2:CA$15),$I70:$V70)} -> 0 | CB70: {=SUMPRODUCT(TRANSPOSE(CB$2:CB$15),$I70:$V70)} -> 0 | CC70: {=SUMPRODUCT(TRANSPOSE(CC$2:CC$15),$I70:$V70)} -> 0 | CD70: {=SUMPRODUCT(TRANSPOSE(CD$2:CD$15),$I70:$V70)} -> 0 | CE70: {=SUMPRODUCT(TRANSPOSE(CE$2:CE$15),$I70:$V70)} -> 0 | CF70: {=SUMPRODUCT(TRANSPOSE(CF$2:CF$15),$I70:$V70)} -> 0 | ... CQ70: {=SUMPRODUCT(TRANSPOSE(CQ$2:CQ$15),$I70:$V70)} -> 0
A71: 38 | B71: 1094N765-001 | C71: A01 | D71: 400951274 | F71: S/R W2 | G71: EA | H71: 2 | I71: 0 | J71: 1 | K71: 0 | L71: 0 | M71: 0 | N71: 0 | O71: 1 | P71: 0 | Q71: 0 | R71: 0 | S71: 0 | T71: 0 | U71: 0 | V71: 0 | W71: =SUMPRODUCT(I71:V71,$I$13:$V$13) -> 3210 | X71: =SUM(I71:V71)*AC71 -> 11.6 | Y71: =VLOOKUP(D71,[1]PARTS!$A$1:$G$65536,7,0) | Z71: 1 | AA71: 3170 | AB71: =CEILING(W71,Z71) -> 3210 | AC71: =VLOOKUP(D71,[2]pareto!$D$12:$AX$306,47,0) -> 5.8 | AD71: MTI SUMMIT | AE71: Niv Kalaf | AF71: nivk@mtisummit.co.il | AG71: =VLOOKUP(D71,[2]pareto!$D$11:$BD$306,51) -> #REF! | BG71: =SUM($BB71,$AI71:AI71)-SUM($BY71:BZ71) -> 0 | BH71: =SUM($BB71,$AI71:AJ71)-SUM($BY71:CA71) -> 0 | BI71: =SUM($BB71,$AI71:AK71)-SUM($BY71:CB71) -> 0 | BJ71: =SUM($BB71,$AI71:AL71)-SUM($BY71:CC71) -> 0 | BK71: =SUM($BB71,$AI71:AM71)-SUM($BY71:CD71) -> 0 | BL71: =SUM($BB71,$AI71:AN71)-SUM($BY71:CE71) -> 0 | BM71: =SUM($BB71,$AI71:AO71)-SUM($BY71:CF71) -> 0 | BN71: =SUM($BB71,$AI71:AP71)-SUM($BY71:CG71) -> 0 | ... BX71: =SUM($BB71,$AI71:AZ71)-SUM($BY71:CQ71) -> -3210 | BY71: {=SUMPRODUCT(TRANSPOSE(BY$2:BY$15),$I71:$V71)} -> 0 | BZ71: {=SUMPRODUCT(TRANSPOSE(BZ$2:BZ$15),$I71:$V71)} -> 0 | CA71: {=SUMPRODUCT(TRANSPOSE(CA$2:CA$15),$I71:$V71)} -> 0 | CB71: {=SUMPRODUCT(TRANSPOSE(CB$2:CB$15),$I71:$V71)} -> 0 | CC71: {=SUMPRODUCT(TRANSPOSE(CC$2:CC$15),$I71:$V71)} -> 0 | CD71: {=SUMPRODUCT(TRANSPOSE(CD$2:CD$15),$I71:$V71)} -> 0 | CE71: {=SUMPRODUCT(TRANSPOSE(CE$2:CE$15),$I71:$V71)} -> 0 | CF71: {=SUMPRODUCT(TRANSPOSE(CF$2:CF$15),$I71:$V71)} -> 0 | ... CQ71: {=SUMPRODUCT(TRANSPOSE(CQ$2:CQ$15),$I71:$V71)} -> 0
A72: 37 | B72: 1094N764-001 | C72: -2 | D72: 400951273 | F72: S/R W1 | G72: EA | H72: 2 | I72: 0 | J72: 1 | K72: 0 | L72: 0 | M72: 0 | N72: 0 | O72: 1 | P72: 0 | Q72: 0 | R72: 0 | S72: 0 | T72: 0 | U72: 0 | V72: 0 | W72: =SUMPRODUCT(I72:V72,$I$13:$V$13) -> 3210 | X72: =SUM(I72:V72)*AC72 -> 11.6 | Y72: =VLOOKUP(D72,[1]PARTS!$A$1:$G$65536,7,0) | Z72: 1 | AA72: 3170 | AB72: =CEILING(W72,Z72) -> 3210 | AC72: =VLOOKUP(D72,[2]pareto!$D$12:$AX$306,47,0) -> 5.8 | AD72: MTI SUMMIT | AE72: Niv Kalaf | AF72: nivk@mtisummit.co.il | AG72: =VLOOKUP(D72,[2]pareto!$D$11:$BD$306,51) -> #REF! | BG72: =SUM($BB72,$AI72:AI72)-SUM($BY72:BZ72) -> 0 | BH72: =SUM($BB72,$AI72:AJ72)-SUM($BY72:CA72) -> 0 | BI72: =SUM($BB72,$AI72:AK72)-SUM($BY72:CB72) -> 0 | BJ72: =SUM($BB72,$AI72:AL72)-SUM($BY72:CC72) -> 0 | BK72: =SUM($BB72,$AI72:AM72)-SUM($BY72:CD72) -> 0 | BL72: =SUM($BB72,$AI72:AN72)-SUM($BY72:CE72) -> 0 | BM72: =SUM($BB72,$AI72:AO72)-SUM($BY72:CF72) -> 0 | BN72: =SUM($BB72,$AI72:AP72)-SUM($BY72:CG72) -> 0 | ... BX72: =SUM($BB72,$AI72:AZ72)-SUM($BY72:CQ72) -> -3210 | BY72: {=SUMPRODUCT(TRANSPOSE(BY$2:BY$15),$I72:$V72)} -> 0 | BZ72: {=SUMPRODUCT(TRANSPOSE(BZ$2:BZ$15),$I72:$V72)} -> 0 | CA72: {=SUMPRODUCT(TRANSPOSE(CA$2:CA$15),$I72:$V72)} -> 0 | CB72: {=SUMPRODUCT(TRANSPOSE(CB$2:CB$15),$I72:$V72)} -> 0 | CC72: {=SUMPRODUCT(TRANSPOSE(CC$2:CC$15),$I72:$V72)} -> 0 | CD72: {=SUMPRODUCT(TRANSPOSE(CD$2:CD$15),$I72:$V72)} -> 0 | CE72: {=SUMPRODUCT(TRANSPOSE(CE$2:CE$15),$I72:$V72)} -> 0 | CF72: {=SUMPRODUCT(TRANSPOSE(CF$2:CF$15),$I72:$V72)} -> 0 | ... CQ72: {=SUMPRODUCT(TRANSPOSE(CQ$2:CQ$15),$I72:$V72)} -> 0
A73: 26 | B73: 1094L925-001 | C73: - | D73: 403581663 | F73: WEDGE B | G73: EA | H73: 4 | I73: 0 | J73: 2 | K73: 0 | L73: 0 | M73: 0 | N73: 0 | O73: 2 | P73: 0 | Q73: 0 | R73: 0 | S73: 0 | T73: 0 | U73: 0 | V73: 0 | W73: =SUMPRODUCT(I73:V73,$I$13:$V$13) -> 6420 | X73: =SUM(I73:V73)*AC73 -> 6.96 | Y73: =VLOOKUP(D73,[1]PARTS!$A$1:$G$65536,7,0) | Z73: 1 | AA73: 6340 | AB73: =CEILING(W73,Z73) -> 6420 | AC73: =VLOOKUP(D73,[2]pareto!$D$12:$AX$306,47,0) -> 1.74 | AD73: WAVE MECHANICS | AE73: WAVE MECHANICS | AF73: =VLOOKUP(D73,[2]pareto!$D$11:$BD$306,52,0) -> tnp@wave-mechanics.com | AG73: =VLOOKUP(D73,[2]pareto!$D$11:$BD$306,51) -> #REF! | BG73: =SUM($BB73,$AI73:AI73)-SUM($BY73:BZ73) -> 0 | BH73: =SUM($BB73,$AI73:AJ73)-SUM($BY73:CA73) -> 0 | BI73: =SUM($BB73,$AI73:AK73)-SUM($BY73:CB73) -> 0 | BJ73: =SUM($BB73,$AI73:AL73)-SUM($BY73:CC73) -> 0 | BK73: =SUM($BB73,$AI73:AM73)-SUM($BY73:CD73) -> 0 | BL73: =SUM($BB73,$AI73:AN73)-SUM($BY73:CE73) -> 0 | BM73: =SUM($BB73,$AI73:AO73)-SUM($BY73:CF73) -> 0 | BN73: =SUM($BB73,$AI73:AP73)-SUM($BY73:CG73) -> 0 | ... BX73: =SUM($BB73,$AI73:AZ73)-SUM($BY73:CQ73) -> -6420 | BY73: {=SUMPRODUCT(TRANSPOSE(BY$2:BY$15),$I73:$V73)} -> 0 | BZ73: {=SUMPRODUCT(TRANSPOSE(BZ$2:BZ$15),$I73:$V73)} -> 0 | CA73: {=SUMPRODUCT(TRANSPOSE(CA$2:CA$15),$I73:$V73)} -> 0 | CB73: {=SUMPRODUCT(TRANSPOSE(CB$2:CB$15),$I73:$V73)} -> 0 | CC73: {=SUMPRODUCT(TRANSPOSE(CC$2:CC$15),$I73:$V73)} -> 0 | CD73: {=SUMPRODUCT(TRANSPOSE(CD$2:CD$15),$I73:$V73)} -> 0 | CE73: {=SUMPRODUCT(TRANSPOSE(CE$2:CE$15),$I73:$V73)} -> 0 | CF73: {=SUMPRODUCT(TRANSPOSE(CF$2:CF$15),$I73:$V73)} -> 0 | ... CQ73: {=SUMPRODUCT(TRANSPOSE(CQ$2:CQ$15),$I73:$V73)} -> 0
A74: 227 | B74: ISPPACPOWR1014A01TN48ITR | C74: BUY1 | D74: 405852894 | E74: =VLOOKUP(D74,FFF!$A$2:$B$674,2,) -> 405876630 | F74: IC PROG.P.S SUPERVISOR&SEQUENC.CONTR T&R | G74: EA | H74: 2 | I74: 0 | J74: 0 | K74: 0 | L74: 0 | M74: 1 | N74: 0 | O74: 0 | P74: 0 | Q74: 0 | R74: 0 | S74: 0 | T74: 0 | U74: 0 | V74: 1 | W74: =SUMPRODUCT(I74:V74,$I$13:$V$13) -> 3210 | X74: =SUM(I74:V74)*AC74 -> 16.28 | Y74: =VLOOKUP(D74,[1]PARTS!$A$1:$G$65536,7,0) -> LATTICE SEMICONDUCTOR CORPORATION | Z74: 500 | AA74: =VLOOKUP(D74,[2]pareto!$D$12:$AX$306,45,0) -> 1250 | AB74: =CEILING(W74,Z74) -> 3500 | AC74: =VLOOKUP(D74,[2]pareto!$D$12:$AX$306,47,0) -> 8.14 | AD74: ARROW | AE74: ALON SAGIV | AF74: alon.sagiv@arrow.com | AG74: 972 537704117 | BG74: =SUM($BB74,$AI74:AI74)-SUM($BY74:BZ74) -> 0 | BH74: =SUM($BB74,$AI74:AJ74)-SUM($BY74:CA74) -> 0 | BI74: =SUM($BB74,$AI74:AK74)-SUM($BY74:CB74) -> 0 | BJ74: =SUM($BB74,$AI74:AL74)-SUM($BY74:CC74) -> 0 | BK74: =SUM($BB74,$AI74:AM74)-SUM($BY74:CD74) -> 0 | BL74: =SUM($BB74,$AI74:AN74)-SUM($BY74:CE74) -> 0 | BM74: =SUM($BB74,$AI74:AO74)-SUM($BY74:CF74) -> 0 | BN74: =SUM($BB74,$AI74:AP74)-SUM($BY74:CG74) -> -100 | ... BX74: =SUM($BB74,$AI74:AZ74)-SUM($BY74:CQ74) -> -3210 | BY74: {=SUMPRODUCT(TRANSPOSE(BY$2:BY$15),$I74:$V74)} -> 0 | BZ74: {=SUMPRODUCT(TRANSPOSE(BZ$2:BZ$15),$I74:$V74)} -> 0 | CA74: {=SUMPRODUCT(TRANSPOSE(CA$2:CA$15),$I74:$V74)} -> 0 | CB74: {=SUMPRODUCT(TRANSPOSE(CB$2:CB$15),$I74:$V74)} -> 0 | CC74: {=SUMPRODUCT(TRANSPOSE(CC$2:CC$15),$I74:$V74)} -> 0 | CD74: {=SUMPRODUCT(TRANSPOSE(CD$2:CD$15),$I74:$V74)} -> 0 | CE74: {=SUMPRODUCT(TRANSPOSE(CE$2:CE$15),$I74:$V74)} -> 0 | CF74: {=SUMPRODUCT(TRANSPOSE(CF$2:CF$15),$I74:$V74)} -> 0 | ... CQ74: {=SUMPRODUCT(TRANSPOSE(CQ$2:CQ$15),$I74:$V74)} -> 0
A75: 114 | B75: BFCN-3115+ | C75: BUY2 | D75: 405928170 | F75: BANDPASS FILTER 2720-3570 MHZ T&R | G75: EA | H75: 4 | I75: 0 | J75: 0 | K75: 0 | L75: 2 | M75: 0 | N75: 0 | O75: 0 | P75: 0 | Q75: 2 | R75: 0 | S75: 0 | T75: 0 | U75: 0 | V75: 0 | W75: =SUMPRODUCT(I75:V75,$I$13:$V$13) -> 6420 | X75: =SUM(I75:V75)*AC75 -> 9.88 | Y75: =VLOOKUP(D75,[1]PARTS!$A$1:$G$65536,7,0) -> MINI-CIRCUITS LABORATORY | Z75: 1 | AA75: 6340 | AB75: =CEILING(W75,Z75) -> 6420 | AC75: =VLOOKUP(D75,[2]pareto!$D$12:$AX$306,47,0) -> 2.47 | AD75: =VLOOKUP(D75,[2]pareto!$D$11:$BD$306,50,0) -> MINI-CIRCUITS LABORATORY | AE75: Francine Rousso | AF75: Rep@mcdi-ltd.com | AG75: =VLOOKUP(D75,[2]pareto!$D$11:$BD$306,51) -> #REF! | BG75: =SUM($BB75,$AI75:AI75)-SUM($BY75:BZ75) -> 0 | BH75: =SUM($BB75,$AI75:AJ75)-SUM($BY75:CA75) -> 0 | BI75: =SUM($BB75,$AI75:AK75)-SUM($BY75:CB75) -> 0 | BJ75: =SUM($BB75,$AI75:AL75)-SUM($BY75:CC75) -> 0 | BK75: =SUM($BB75,$AI75:AM75)-SUM($BY75:CD75) -> 0 | BL75: =SUM($BB75,$AI75:AN75)-SUM($BY75:CE75) -> 0 | BM75: =SUM($BB75,$AI75:AO75)-SUM($BY75:CF75) -> 0 | BN75: =SUM($BB75,$AI75:AP75)-SUM($BY75:CG75) -> -400 | ... BX75: =SUM($BB75,$AI75:AZ75)-SUM($BY75:CQ75) -> -6420 | BY75: {=SUMPRODUCT(TRANSPOSE(BY$2:BY$15),$I75:$V75)} -> 0 | BZ75: {=SUMPRODUCT(TRANSPOSE(BZ$2:BZ$15),$I75:$V75)} -> 0 | CA75: {=SUMPRODUCT(TRANSPOSE(CA$2:CA$15),$I75:$V75)} -> 0 | CB75: {=SUMPRODUCT(TRANSPOSE(CB$2:CB$15),$I75:$V75)} -> 0 | CC75: {=SUMPRODUCT(TRANSPOSE(CC$2:CC$15),$I75:$V75)} -> 0 | CD75: {=SUMPRODUCT(TRANSPOSE(CD$2:CD$15),$I75:$V75)} -> 0 | CE75: {=SUMPRODUCT(TRANSPOSE(CE$2:CE$15),$I75:$V75)} -> 0 | CF75: {=SUMPRODUCT(TRANSPOSE(CF$2:CF$15),$I75:$V75)} -> 0 | ... CQ75: {=SUMPRODUCT(TRANSPOSE(CQ$2:CQ$15),$I75:$V75)} -> 0
A76: 53 | B76: 1094N993-001 | C76: - | D76: 412298871 | F76: SUPPORT | G76: EA | H76: 4 | I76: 0 | J76: 0 | K76: 0 | L76: 0 | M76: 0 | N76: 0 | O76: 0 | P76: 4 | Q76: 0 | R76: 0 | S76: 0 | T76: 0 | U76: 0 | V76: 0 | W76: =SUMPRODUCT(I76:V76,$I$13:$V$13) -> 6640 | X76: =SUM(I76:V76)*AC76 -> 9.04 | Y76: =VLOOKUP(D76,[1]PARTS!$A$1:$G$65536,7,0) | Z76: 1 | AA76: 6560 | AB76: =CEILING(W76,Z76) -> 6640 | AC76: =VLOOKUP(D76,[2]pareto!$D$12:$AX$306,47,0) -> 2.26 | AD76: WAVE MECHANICS | AE76: WAVE MECHANICS | AF76: =VLOOKUP(D76,[2]pareto!$D$11:$BD$306,52,0) -> tnp@wave-mechanics.com | AG76: =VLOOKUP(D76,[2]pareto!$D$11:$BD$306,51) -> #REF! | BG76: =SUM($BB76,$AI76:AI76)-SUM($BY76:BZ76) -> 0 | BH76: =SUM($BB76,$AI76:AJ76)-SUM($BY76:CA76) -> 0 | BI76: =SUM($BB76,$AI76:AK76)-SUM($BY76:CB76) -> 0 | BJ76: =SUM($BB76,$AI76:AL76)-SUM($BY76:CC76) -> 0 | BK76: =SUM($BB76,$AI76:AM76)-SUM($BY76:CD76) -> 0 | BL76: =SUM($BB76,$AI76:AN76)-SUM($BY76:CE76) -> 0 | BM76: =SUM($BB76,$AI76:AO76)-SUM($BY76:CF76) -> 0 | BN76: =SUM($BB76,$AI76:AP76)-SUM($BY76:CG76) -> 0 | ... BX76: =SUM($BB76,$AI76:AZ76)-SUM($BY76:CQ76) -> -6640 | BY76: {=SUMPRODUCT(TRANSPOSE(BY$2:BY$15),$I76:$V76)} -> 0 | BZ76: {=SUMPRODUCT(TRANSPOSE(BZ$2:BZ$15),$I76:$V76)} -> 0 | CA76: {=SUMPRODUCT(TRANSPOSE(CA$2:CA$15),$I76:$V76)} -> 0 | CB76: {=SUMPRODUCT(TRANSPOSE(CB$2:CB$15),$I76:$V76)} -> 0 | CC76: {=SUMPRODUCT(TRANSPOSE(CC$2:CC$15),$I76:$V76)} -> 0 | CD76: {=SUMPRODUCT(TRANSPOSE(CD$2:CD$15),$I76:$V76)} -> 0 | CE76: {=SUMPRODUCT(TRANSPOSE(CE$2:CE$15),$I76:$V76)} -> 0 | CF76: {=SUMPRODUCT(TRANSPOSE(CF$2:CF$15),$I76:$V76)} -> 0 | ... CQ76: {=SUMPRODUCT(TRANSPOSE(CQ$2:CQ$15),$I76:$V76)} -> 0
A77: 81 | B77: 19S16D-400L5 | C77: BUY1 | D77: 404492219 | F77: CONN RF SMP STRT PLUG,50OHMS,DC TO 18GH | G77: EA | H77: 4 | I77: 0 | J77: 0 | K77: 0 | L77: 2 | M77: 0 | N77: 0 | O77: 0 | P77: 0 | Q77: 2 | R77: 0 | S77: 0 | T77: 0 | U77: 0 | V77: 0 | W77: =SUMPRODUCT(I77:V77,$I$13:$V$13) -> 6420 | X77: =SUM(I77:V77)*AC77 -> 13.24 | Y77: =VLOOKUP(D77,[1]PARTS!$A$1:$G$65536,7,0) -> ROSENBERGER | Z77: 1 | AA77: 6340 | AB77: =CEILING(W77,Z77) -> 6420 | AC77: =VLOOKUP(D77,[2]pareto!$D$12:$AX$306,47,0) -> 3.31 | AD77: MTI SUMMIT | AE77: Niv Kalaf | AF77: nivk@mtisummit.co.il | AG77: =VLOOKUP(D77,[2]pareto!$D$11:$BD$306,51) -> #REF! | BG77: =SUM($BB77,$AI77:AI77)-SUM($BY77:BZ77) -> 0 | BH77: =SUM($BB77,$AI77:AJ77)-SUM($BY77:CA77) -> 0 | BI77: =SUM($BB77,$AI77:AK77)-SUM($BY77:CB77) -> 0 | BJ77: =SUM($BB77,$AI77:AL77)-SUM($BY77:CC77) -> 0 | BK77: =SUM($BB77,$AI77:AM77)-SUM($BY77:CD77) -> 0 | BL77: =SUM($BB77,$AI77:AN77)-SUM($BY77:CE77) -> 0 | BM77: =SUM($BB77,$AI77:AO77)-SUM($BY77:CF77) -> 0 | BN77: =SUM($BB77,$AI77:AP77)-SUM($BY77:CG77) -> -400 | ... BX77: =SUM($BB77,$AI77:AZ77)-SUM($BY77:CQ77) -> -6420 | BY77: {=SUMPRODUCT(TRANSPOSE(BY$2:BY$15),$I77:$V77)} -> 0 | BZ77: {=SUMPRODUCT(TRANSPOSE(BZ$2:BZ$15),$I77:$V77)} -> 0 | CA77: {=SUMPRODUCT(TRANSPOSE(CA$2:CA$15),$I77:$V77)} -> 0 | CB77: {=SUMPRODUCT(TRANSPOSE(CB$2:CB$15),$I77:$V77)} -> 0 | CC77: {=SUMPRODUCT(TRANSPOSE(CC$2:CC$15),$I77:$V77)} -> 0 | CD77: {=SUMPRODUCT(TRANSPOSE(CD$2:CD$15),$I77:$V77)} -> 0 | CE77: {=SUMPRODUCT(TRANSPOSE(CE$2:CE$15),$I77:$V77)} -> 0 | CF77: {=SUMPRODUCT(TRANSPOSE(CF$2:CF$15),$I77:$V77)} -> 0 | ... CQ77: {=SUMPRODUCT(TRANSPOSE(CQ$2:CQ$15),$I77:$V77)} -> 0
A78: 40 | B78: 1094N769-001 | C78: - | D78: 415607915 | F78: DTRM ABSORBER | G78: EA | H78: 1 | I78: 0 | J78: 0 | K78: 0 | L78: 0 | M78: 0 | N78: 0 | O78: 0 | P78: 0 | Q78: 0 | R78: 0 | S78: 0 | T78: 0 | U78: 1 | V78: 0 | W78: =SUMPRODUCT(I78:V78,$I$13:$V$13) -> 1660 | X78: =SUM(I78:V78)*AC78 -> 11 | Y78: =VLOOKUP(D78,[1]PARTS!$A$1:$G$65536,7,0) | Z78: 1 | AA78: 1640 | AB78: =CEILING(W78,Z78) -> 1660 | AC78: =VLOOKUP(D78,[2]pareto!$D$12:$AX$306,47,0) -> 11 | AD78: GUMIYAN | AE78: AVI MOSHE | AF78: =VLOOKUP(D78,[2]pareto!$D$11:$BD$306,52,0) -> avi@gumiyan.co.il | AG78: 972- 8-9224911 | BG78: =SUM($BB78,$AI78:AI78)-SUM($BY78:BZ78) -> 0 | BH78: =SUM($BB78,$AI78:AJ78)-SUM($BY78:CA78) -> 0 | BI78: =SUM($BB78,$AI78:AK78)-SUM($BY78:CB78) -> 0 | BJ78: =SUM($BB78,$AI78:AL78)-SUM($BY78:CC78) -> 0 | BK78: =SUM($BB78,$AI78:AM78)-SUM($BY78:CD78) -> 0 | BL78: =SUM($BB78,$AI78:AN78)-SUM($BY78:CE78) -> 0 | BM78: =SUM($BB78,$AI78:AO78)-SUM($BY78:CF78) -> 0 | BN78: =SUM($BB78,$AI78:AP78)-SUM($BY78:CG78) -> 0 | ... BX78: =SUM($BB78,$AI78:AZ78)-SUM($BY78:CQ78) -> -1660 | BY78: {=SUMPRODUCT(TRANSPOSE(BY$2:BY$15),$I78:$V78)} -> 0 | BZ78: {=SUMPRODUCT(TRANSPOSE(BZ$2:BZ$15),$I78:$V78)} -> 0 | CA78: {=SUMPRODUCT(TRANSPOSE(CA$2:CA$15),$I78:$V78)} -> 0 | CB78: {=SUMPRODUCT(TRANSPOSE(CB$2:CB$15),$I78:$V78)} -> 0 | CC78: {=SUMPRODUCT(TRANSPOSE(CC$2:CC$15),$I78:$V78)} -> 0 | CD78: {=SUMPRODUCT(TRANSPOSE(CD$2:CD$15),$I78:$V78)} -> 0 | CE78: {=SUMPRODUCT(TRANSPOSE(CE$2:CE$15),$I78:$V78)} -> 0 | CF78: {=SUMPRODUCT(TRANSPOSE(CF$2:CF$15),$I78:$V78)} -> 0 | ... CQ78: {=SUMPRODUCT(TRANSPOSE(CQ$2:CQ$15),$I78:$V78)} -> 0
A79: 25 | B79: 1094L913-001 | C79: - | D79: 403572964 | F79: BRACKET | G79: EA | H79: 2 | I79: 0 | J79: 0 | K79: 1 | L79: 0 | M79: 0 | N79: 0 | O79: 0 | P79: 1 | Q79: 0 | R79: 0 | S79: 0 | T79: 0 | U79: 0 | V79: 0 | W79: =SUMPRODUCT(I79:V79,$I$13:$V$13) -> 3210 | X79: =SUM(I79:V79)*AC79 -> 6.16 | Y79: =VLOOKUP(D79,[1]PARTS!$A$1:$G$65536,7,0) | Z79: 1 | AA79: 3170 | AB79: =CEILING(W79,Z79) -> 3210 | AC79: =VLOOKUP(D79,[2]pareto!$D$12:$AX$306,47,0) -> 3.08 | AD79: WAVE MECHANICS | AE79: WAVE MECHANICS | AF79: =VLOOKUP(D79,[2]pareto!$D$11:$BD$306,52,0) -> tnp@wave-mechanics.com | AG79: =VLOOKUP(D79,[2]pareto!$D$11:$BD$306,51) -> #REF! | BG79: =SUM($BB79,$AI79:AI79)-SUM($BY79:BZ79) -> 0 | BH79: =SUM($BB79,$AI79:AJ79)-SUM($BY79:CA79) -> 0 | BI79: =SUM($BB79,$AI79:AK79)-SUM($BY79:CB79) -> 0 | BJ79: =SUM($BB79,$AI79:AL79)-SUM($BY79:CC79) -> 0 | BK79: =SUM($BB79,$AI79:AM79)-SUM($BY79:CD79) -> 0 | BL79: =SUM($BB79,$AI79:AN79)-SUM($BY79:CE79) -> 0 | BM79: =SUM($BB79,$AI79:AO79)-SUM($BY79:CF79) -> 0 | BN79: =SUM($BB79,$AI79:AP79)-SUM($BY79:CG79) -> 0 | ... BX79: =SUM($BB79,$AI79:AZ79)-SUM($BY79:CQ79) -> -3210 | BY79: {=SUMPRODUCT(TRANSPOSE(BY$2:BY$15),$I79:$V79)} -> 0 | BZ79: {=SUMPRODUCT(TRANSPOSE(BZ$2:BZ$15),$I79:$V79)} -> 0 | CA79: {=SUMPRODUCT(TRANSPOSE(CA$2:CA$15),$I79:$V79)} -> 0 | CB79: {=SUMPRODUCT(TRANSPOSE(CB$2:CB$15),$I79:$V79)} -> 0 | CC79: {=SUMPRODUCT(TRANSPOSE(CC$2:CC$15),$I79:$V79)} -> 0 | CD79: {=SUMPRODUCT(TRANSPOSE(CD$2:CD$15),$I79:$V79)} -> 0 | CE79: {=SUMPRODUCT(TRANSPOSE(CE$2:CE$15),$I79:$V79)} -> 0 | CF79: {=SUMPRODUCT(TRANSPOSE(CF$2:CF$15),$I79:$V79)} -> 0 | ... CQ79: {=SUMPRODUCT(TRANSPOSE(CQ$2:CQ$15),$I79:$V79)} -> 0
A80: 98 | B80: AD7928BRUZ-REEL7 | C80: BUY1 | D80: 401349548 | E80: =VLOOKUP(D80,FFF!$A$2:$B$674,2,) -> 421403401 | F80: IC ADC 12-BIT 8 CHANNEL T&R | G80: EA | H80: 4 | I80: 0 | J80: 0 | K80: 0 | L80: 0 | M80: 2 | N80: 0 | O80: 0 | P80: 0 | Q80: 0 | R80: 0 | S80: 0 | T80: 0 | U80: 0 | V80: 2 | W80: =SUMPRODUCT(I80:V80,$I$13:$V$13) -> 6420 | X80: =SUM(I80:V80)*AC80 -> 12.2776 | Y80: =VLOOKUP(D80,[1]PARTS!$A$1:$G$65536,7,0) -> ANALOG DEVICES | Z80: 1000 | AA80: 6340 | AB80: =CEILING(W80,Z80) -> 7000 | AC80: 3.0694 | AD80: Elbatech | AE80: Anat Eylon | AF80: anat@elbatech.co.il | AG80: 972 - 88516111 | BG80: =SUM($BB80,$AI80:AI80)-SUM($BY80:BZ80) -> 0 | BH80: =SUM($BB80,$AI80:AJ80)-SUM($BY80:CA80) -> 0 | BI80: =SUM($BB80,$AI80:AK80)-SUM($BY80:CB80) -> 0 | BJ80: =SUM($BB80,$AI80:AL80)-SUM($BY80:CC80) -> 0 | BK80: =SUM($BB80,$AI80:AM80)-SUM($BY80:CD80) -> 0 | BL80: =SUM($BB80,$AI80:AN80)-SUM($BY80:CE80) -> 0 | BM80: =SUM($BB80,$AI80:AO80)-SUM($BY80:CF80) -> 0 | BN80: =SUM($BB80,$AI80:AP80)-SUM($BY80:CG80) -> -200 | ... BX80: =SUM($BB80,$AI80:AZ80)-SUM($BY80:CQ80) -> -6420 | BY80: {=SUMPRODUCT(TRANSPOSE(BY$2:BY$15),$I80:$V80)} -> 0 | BZ80: {=SUMPRODUCT(TRANSPOSE(BZ$2:BZ$15),$I80:$V80)} -> 0 | CA80: {=SUMPRODUCT(TRANSPOSE(CA$2:CA$15),$I80:$V80)} -> 0 | CB80: {=SUMPRODUCT(TRANSPOSE(CB$2:CB$15),$I80:$V80)} -> 0 | CC80: {=SUMPRODUCT(TRANSPOSE(CC$2:CC$15),$I80:$V80)} -> 0 | CD80: {=SUMPRODUCT(TRANSPOSE(CD$2:CD$15),$I80:$V80)} -> 0 | CE80: {=SUMPRODUCT(TRANSPOSE(CE$2:CE$15),$I80:$V80)} -> 0 | CF80: {=SUMPRODUCT(TRANSPOSE(CF$2:CF$15),$I80:$V80)} -> 0 | ... CQ80: {=SUMPRODUCT(TRANSPOSE(CQ$2:CQ$15),$I80:$V80)} -> 0
A81: 302 | B81: SOLC-125-02-S-Q-A-K-TR | C81: BUY1 | D81: 400793320 | F81: CONN RCET MISC 100 SKT SMT, QUAD ROW, | G81: EA | H81: 2 | I81: 0 | J81: 0 | K81: 0 | L81: 1 | M81: 0 | N81: 0 | O81: 0 | P81: 0 | Q81: 1 | R81: 0 | S81: 0 | T81: 0 | U81: 0 | V81: 0 | W81: =SUMPRODUCT(I81:V81,$I$13:$V$13) -> 3210 | X81: =SUM(I81:V81)*AC81 -> 14.976 | Y81: =VLOOKUP(D81,[1]PARTS!$A$1:$G$65536,7,0) -> SAMTEC | Z81: =VLOOKUP(D81,[2]pareto!$D$12:$AX$306,44,0) -> 1 | AA81: =VLOOKUP(D81,[2]pareto!$D$12:$AX$306,45,0) -> 1 | AB81: =CEILING(W81,Z81) -> 3210 | AC81: =VLOOKUP(D81,[2]pareto!$D$12:$AX$306,47,0) -> 7.488 | AD81: ARROW | AE81: ALON SAGIV | AF81: alon.sagiv@arrow.com | AG81: 972 537704117 | BG81: =SUM($BB81,$AI81:AI81)-SUM($BY81:BZ81) -> 0 | BH81: =SUM($BB81,$AI81:AJ81)-SUM($BY81:CA81) -> 0 | BI81: =SUM($BB81,$AI81:AK81)-SUM($BY81:CB81) -> 0 | BJ81: =SUM($BB81,$AI81:AL81)-SUM($BY81:CC81) -> 0 | BK81: =SUM($BB81,$AI81:AM81)-SUM($BY81:CD81) -> 0 | BL81: =SUM($BB81,$AI81:AN81)-SUM($BY81:CE81) -> 0 | BM81: =SUM($BB81,$AI81:AO81)-SUM($BY81:CF81) -> 0 | BN81: =SUM($BB81,$AI81:AP81)-SUM($BY81:CG81) -> -200 | ... BX81: =SUM($BB81,$AI81:AZ81)-SUM($BY81:CQ81) -> -3210 | BY81: {=SUMPRODUCT(TRANSPOSE(BY$2:BY$15),$I81:$V81)} -> 0 | BZ81: {=SUMPRODUCT(TRANSPOSE(BZ$2:BZ$15),$I81:$V81)} -> 0 | CA81: {=SUMPRODUCT(TRANSPOSE(CA$2:CA$15),$I81:$V81)} -> 0 | CB81: {=SUMPRODUCT(TRANSPOSE(CB$2:CB$15),$I81:$V81)} -> 0 | CC81: {=SUMPRODUCT(TRANSPOSE(CC$2:CC$15),$I81:$V81)} -> 0 | CD81: {=SUMPRODUCT(TRANSPOSE(CD$2:CD$15),$I81:$V81)} -> 0 | CE81: {=SUMPRODUCT(TRANSPOSE(CE$2:CE$15),$I81:$V81)} -> 0 | CF81: {=SUMPRODUCT(TRANSPOSE(CF$2:CF$15),$I81:$V81)} -> 0 | ... CQ81: {=SUMPRODUCT(TRANSPOSE(CQ$2:CQ$15),$I81:$V81)} -> 0
A82: 315 | B82: TS0501W3S/TR | C82: BUY1 | D82: 400048227 | E82: =VLOOKUP(D82,FFF!$A$2:$B$674,2,) -> 400508538 | F82: CHIP ATT. 1DB DC-18GHZ 0.1W 50OHM T&R | G82: EA | H82: 4 | I82: 0 | J82: 0 | K82: 0 | L82: 1 | M82: 0 | N82: 0 | O82: 0 | P82: 0 | Q82: 3 | R82: 0 | S82: 0 | T82: 0 | U82: 0 | V82: 0 | W82: =SUMPRODUCT(I82:V82,$I$13:$V$13) -> 6530 | X82: =SUM(I82:V82)*AC82 -> 12.72 | Y82: =VLOOKUP(D82,[1]PARTS!$A$1:$G$65536,7,0) -> SMITHS INTERCONNECT AMERICAS, | Z82: 1 | AA82: =CEILING(W82,Z82) -> 6530 | AB82: =CEILING(W82,Z82) -> 6530 | AC82: =VLOOKUP(D82,[2]pareto!$D$12:$AX$306,47,0) -> 3.18 | AD82: =VLOOKUP(D82,[2]pareto!$D$11:$BD$306,50,0) -> RMFW | AE82: Tali Weisberg | AF82: tali.weisberg@rfmw.com | AG82: 072-2150902 | BG82: =SUM($BB82,$AI82:AI82)-SUM($BY82:BZ82) -> 0 | BH82: =SUM($BB82,$AI82:AJ82)-SUM($BY82:CA82) -> 0 | BI82: =SUM($BB82,$AI82:AK82)-SUM($BY82:CB82) -> 0 | BJ82: =SUM($BB82,$AI82:AL82)-SUM($BY82:CC82) -> 0 | BK82: =SUM($BB82,$AI82:AM82)-SUM($BY82:CD82) -> 0 | BL82: =SUM($BB82,$AI82:AN82)-SUM($BY82:CE82) -> 0 | BM82: =SUM($BB82,$AI82:AO82)-SUM($BY82:CF82) -> 0 | BN82: =SUM($BB82,$AI82:AP82)-SUM($BY82:CG82) -> -400 | ... BX82: =SUM($BB82,$AI82:AZ82)-SUM($BY82:CQ82) -> -6530 | BY82: {=SUMPRODUCT(TRANSPOSE(BY$2:BY$15),$I82:$V82)} -> 0 | BZ82: {=SUMPRODUCT(TRANSPOSE(BZ$2:BZ$15),$I82:$V82)} -> 0 | CA82: {=SUMPRODUCT(TRANSPOSE(CA$2:CA$15),$I82:$V82)} -> 0 | CB82: {=SUMPRODUCT(TRANSPOSE(CB$2:CB$15),$I82:$V82)} -> 0 | CC82: {=SUMPRODUCT(TRANSPOSE(CC$2:CC$15),$I82:$V82)} -> 0 | CD82: {=SUMPRODUCT(TRANSPOSE(CD$2:CD$15),$I82:$V82)} -> 0 | CE82: {=SUMPRODUCT(TRANSPOSE(CE$2:CE$15),$I82:$V82)} -> 0 | CF82: {=SUMPRODUCT(TRANSPOSE(CF$2:CF$15),$I82:$V82)} -> 0 | ... CQ82: {=SUMPRODUCT(TRANSPOSE(CQ$2:CQ$15),$I82:$V82)} -> 0
A83: 318 | B83: TS0506W3S | C83: BUY2 | D83: N80411176 | F83: ATTENUATOR DC-15GHZ 6DB .1WATT 50 OH | G83: EA | H83: 4 | I83: 0 | J83: 0 | K83: 0 | L83: 2 | M83: 0 | N83: 0 | O83: 0 | P83: 0 | Q83: 2 | R83: 0 | S83: 0 | T83: 0 | U83: 0 | V83: 0 | W83: =SUMPRODUCT(I83:V83,$I$13:$V$13) -> 6420 | X83: =SUM(I83:V83)*AC83 -> 12.72 | Y83: =VLOOKUP(D83,[1]PARTS!$A$1:$G$65536,7,0) -> SMITHS INTERCONNECT AMERICAS, | Z83: 1 | AA83: =CEILING(W83,Z83) -> 6420 | AB83: =CEILING(W83,Z83) -> 6420 | AC83: =VLOOKUP(D83,[2]pareto!$D$12:$AX$306,47,0) -> 3.18 | AD83: =VLOOKUP(D83,[2]pareto!$D$11:$BD$306,50,0) -> RMFW | AE83: Tali Weisberg | AF83: tali.weisberg@rfmw.com | AG83: 072-2150902 | BG83: =SUM($BB83,$AI83:AI83)-SUM($BY83:BZ83) -> 0 | BH83: =SUM($BB83,$AI83:AJ83)-SUM($BY83:CA83) -> 0 | BI83: =SUM($BB83,$AI83:AK83)-SUM($BY83:CB83) -> 0 | BJ83: =SUM($BB83,$AI83:AL83)-SUM($BY83:CC83) -> 0 | BK83: =SUM($BB83,$AI83:AM83)-SUM($BY83:CD83) -> 0 | BL83: =SUM($BB83,$AI83:AN83)-SUM($BY83:CE83) -> 0 | BM83: =SUM($BB83,$AI83:AO83)-SUM($BY83:CF83) -> 0 | BN83: =SUM($BB83,$AI83:AP83)-SUM($BY83:CG83) -> -400 | ... BX83: =SUM($BB83,$AI83:AZ83)-SUM($BY83:CQ83) -> -6420 | BY83: {=SUMPRODUCT(TRANSPOSE(BY$2:BY$15),$I83:$V83)} -> 0 | BZ83: {=SUMPRODUCT(TRANSPOSE(BZ$2:BZ$15),$I83:$V83)} -> 0 | CA83: {=SUMPRODUCT(TRANSPOSE(CA$2:CA$15),$I83:$V83)} -> 0 | CB83: {=SUMPRODUCT(TRANSPOSE(CB$2:CB$15),$I83:$V83)} -> 0 | CC83: {=SUMPRODUCT(TRANSPOSE(CC$2:CC$15),$I83:$V83)} -> 0 | CD83: {=SUMPRODUCT(TRANSPOSE(CD$2:CD$15),$I83:$V83)} -> 0 | CE83: {=SUMPRODUCT(TRANSPOSE(CE$2:CE$15),$I83:$V83)} -> 0 | CF83: {=SUMPRODUCT(TRANSPOSE(CF$2:CF$15),$I83:$V83)} -> 0 | ... CQ83: {=SUMPRODUCT(TRANSPOSE(CQ$2:CQ$15),$I83:$V83)} -> 0
A84: 232 | B84: LM5113SDE/NOPB | C84: BUY1 | D84: 421088944 | E84: =VLOOKUP(D84,FFF!$A$2:$B$674,2,) -> 404396922 | F84: IC GATE DRIVER 100V 1.2A/5A T&R | G84: EA | H84: 2 | I84: 0 | J84: 0 | K84: 0 | L84: 0 | M84: 0 | N84: 0 | O84: 0 | P84: 0 | Q84: 2 | R84: 0 | S84: 0 | T84: 0 | U84: 0 | V84: 0 | W84: =SUMPRODUCT(I84:V84,$I$13:$V$13) -> 3320 | X84: =SUM(I84:V84)*AC84 -> 4.0976 | Y84: =VLOOKUP(D84,[1]PARTS!$A$1:$G$65536,7,0) -> TEXAS INSTRUMENTS INC | Z84: =VLOOKUP(D84,[2]pareto!$D$12:$AX$306,44,0) -> 250 | AA84: =VLOOKUP(D84,[2]pareto!$D$12:$AX$306,45,0) -> 250 | AB84: =CEILING(W84,Z84) -> 3500 | AC84: 2.0488 | AD84: Elbatech | AE84: Anat Eylon | AF84: anat@elbatech.co.il | AG84: 972 - 88516111 | BG84: =SUM($BB84,$AI84:AI84)-SUM($BY84:BZ84) -> 0 | BH84: =SUM($BB84,$AI84:AJ84)-SUM($BY84:CA84) -> 0 | BI84: =SUM($BB84,$AI84:AK84)-SUM($BY84:CB84) -> 0 | BJ84: =SUM($BB84,$AI84:AL84)-SUM($BY84:CC84) -> 0 | BK84: =SUM($BB84,$AI84:AM84)-SUM($BY84:CD84) -> 0 | BL84: =SUM($BB84,$AI84:AN84)-SUM($BY84:CE84) -> 0 | BM84: =SUM($BB84,$AI84:AO84)-SUM($BY84:CF84) -> 0 | BN84: =SUM($BB84,$AI84:AP84)-SUM($BY84:CG84) -> -200 | ... BX84: =SUM($BB84,$AI84:AZ84)-SUM($BY84:CQ84) -> -3320 | BY84: {=SUMPRODUCT(TRANSPOSE(BY$2:BY$15),$I84:$V84)} -> 0 | BZ84: {=SUMPRODUCT(TRANSPOSE(BZ$2:BZ$15),$I84:$V84)} -> 0 | CA84: {=SUMPRODUCT(TRANSPOSE(CA$2:CA$15),$I84:$V84)} -> 0 | CB84: {=SUMPRODUCT(TRANSPOSE(CB$2:CB$15),$I84:$V84)} -> 0 | CC84: {=SUMPRODUCT(TRANSPOSE(CC$2:CC$15),$I84:$V84)} -> 0 | CD84: {=SUMPRODUCT(TRANSPOSE(CD$2:CD$15),$I84:$V84)} -> 0 | CE84: {=SUMPRODUCT(TRANSPOSE(CE$2:CE$15),$I84:$V84)} -> 0 | CF84: {=SUMPRODUCT(TRANSPOSE(CF$2:CF$15),$I84:$V84)} -> 0 | ... CQ84: {=SUMPRODUCT(TRANSPOSE(CQ$2:CQ$15),$I84:$V84)} -> 0
A85: 317 | B85: TS0503W3S | C85: BUY2 | D85: N80413149 | F85: ATTENUATOR DC-15GHZ 3DB .1WATT 50 OH | G85: EA | H85: 4 | I85: 0 | J85: 0 | K85: 0 | L85: 2 | M85: 0 | N85: 0 | O85: 0 | P85: 0 | Q85: 2 | R85: 0 | S85: 0 | T85: 0 | U85: 0 | V85: 0 | W85: =SUMPRODUCT(I85:V85,$I$13:$V$13) -> 6420 | X85: =SUM(I85:V85)*AC85 -> 12.72 | Y85: =VLOOKUP(D85,[1]PARTS!$A$1:$G$65536,7,0) -> SMITHS INTERCONNECT AMERICAS, | Z85: 1 | AA85: =CEILING(W85,Z85) -> 6420 | AB85: =CEILING(W85,Z85) -> 6420 | AC85: =VLOOKUP(D85,[2]pareto!$D$12:$AX$306,47,0) -> 3.18 | AD85: =VLOOKUP(D85,[2]pareto!$D$11:$BD$306,50,0) -> RMFW | AE85: Tali Weisberg | AF85: tali.weisberg@rfmw.com | AG85: 072-2150902 | BG85: =SUM($BB85,$AI85:AI85)-SUM($BY85:BZ85) -> 0 | BH85: =SUM($BB85,$AI85:AJ85)-SUM($BY85:CA85) -> 0 | BI85: =SUM($BB85,$AI85:AK85)-SUM($BY85:CB85) -> 0 | BJ85: =SUM($BB85,$AI85:AL85)-SUM($BY85:CC85) -> 0 | BK85: =SUM($BB85,$AI85:AM85)-SUM($BY85:CD85) -> 0 | BL85: =SUM($BB85,$AI85:AN85)-SUM($BY85:CE85) -> 0 | BM85: =SUM($BB85,$AI85:AO85)-SUM($BY85:CF85) -> 0 | BN85: =SUM($BB85,$AI85:AP85)-SUM($BY85:CG85) -> -400 | ... BX85: =SUM($BB85,$AI85:AZ85)-SUM($BY85:CQ85) -> -6420 | BY85: {=SUMPRODUCT(TRANSPOSE(BY$2:BY$15),$I85:$V85)} -> 0 | BZ85: {=SUMPRODUCT(TRANSPOSE(BZ$2:BZ$15),$I85:$V85)} -> 0 | CA85: {=SUMPRODUCT(TRANSPOSE(CA$2:CA$15),$I85:$V85)} -> 0 | CB85: {=SUMPRODUCT(TRANSPOSE(CB$2:CB$15),$I85:$V85)} -> 0 | CC85: {=SUMPRODUCT(TRANSPOSE(CC$2:CC$15),$I85:$V85)} -> 0 | CD85: {=SUMPRODUCT(TRANSPOSE(CD$2:CD$15),$I85:$V85)} -> 0 | CE85: {=SUMPRODUCT(TRANSPOSE(CE$2:CE$15),$I85:$V85)} -> 0 | CF85: {=SUMPRODUCT(TRANSPOSE(CF$2:CF$15),$I85:$V85)} -> 0 | ... CQ85: {=SUMPRODUCT(TRANSPOSE(CQ$2:CQ$15),$I85:$V85)} -> 0
A86: 45 | B86: 1094N777-001 | C86: - | D86: 411179617 | F86: WEDGE | G86: EA | H86: 4 | I86: 0 | J86: 2 | K86: 0 | L86: 0 | M86: 0 | N86: 0 | O86: 2 | P86: 0 | Q86: 0 | R86: 0 | S86: 0 | T86: 0 | U86: 0 | V86: 0 | W86: =SUMPRODUCT(I86:V86,$I$13:$V$13) -> 6420 | X86: =SUM(I86:V86)*AC86 -> 9.24 | Y86: =VLOOKUP(D86,[1]PARTS!$A$1:$G$65536,7,0) | Z86: 1 | AA86: 6340 | AB86: =CEILING(W86,Z86) -> 6420 | AC86: =VLOOKUP(D86,[2]pareto!$D$12:$AX$306,47,0) -> 2.31 | AD86: WAVE MECHANICS | AE86: WAVE MECHANICS | AF86: =VLOOKUP(D86,[2]pareto!$D$11:$BD$306,52,0) -> tnp@wave-mechanics.com | AG86: =VLOOKUP(D86,[2]pareto!$D$11:$BD$306,51) -> #REF! | BG86: =SUM($BB86,$AI86:AI86)-SUM($BY86:BZ86) -> 0 | BH86: =SUM($BB86,$AI86:AJ86)-SUM($BY86:CA86) -> 0 | BI86: =SUM($BB86,$AI86:AK86)-SUM($BY86:CB86) -> 0 | BJ86: =SUM($BB86,$AI86:AL86)-SUM($BY86:CC86) -> 0 | BK86: =SUM($BB86,$AI86:AM86)-SUM($BY86:CD86) -> 0 | BL86: =SUM($BB86,$AI86:AN86)-SUM($BY86:CE86) -> 0 | BM86: =SUM($BB86,$AI86:AO86)-SUM($BY86:CF86) -> 0 | BN86: =SUM($BB86,$AI86:AP86)-SUM($BY86:CG86) -> 0 | ... BX86: =SUM($BB86,$AI86:AZ86)-SUM($BY86:CQ86) -> -6420 | BY86: {=SUMPRODUCT(TRANSPOSE(BY$2:BY$15),$I86:$V86)} -> 0 | BZ86: {=SUMPRODUCT(TRANSPOSE(BZ$2:BZ$15),$I86:$V86)} -> 0 | CA86: {=SUMPRODUCT(TRANSPOSE(CA$2:CA$15),$I86:$V86)} -> 0 | CB86: {=SUMPRODUCT(TRANSPOSE(CB$2:CB$15),$I86:$V86)} -> 0 | CC86: {=SUMPRODUCT(TRANSPOSE(CC$2:CC$15),$I86:$V86)} -> 0 | CD86: {=SUMPRODUCT(TRANSPOSE(CD$2:CD$15),$I86:$V86)} -> 0 | CE86: {=SUMPRODUCT(TRANSPOSE(CE$2:CE$15),$I86:$V86)} -> 0 | CF86: {=SUMPRODUCT(TRANSPOSE(CF$2:CF$15),$I86:$V86)} -> 0 | ... CQ86: {=SUMPRODUCT(TRANSPOSE(CQ$2:CQ$15),$I86:$V86)} -> 0
A87: 135 | B87: C1210C106K5RACTU | C87: BUY1 | D87: 405656805 | E87: =VLOOKUP(D87,FFF!$A$2:$B$674,2,) -> 403175049 | F87: CHIP CAP 10UF 10^ 50V X7R T&R | G87: EA | H87: 24 | I87: 0 | J87: 0 | K87: 0 | L87: 0 | M87: 12 | N87: 0 | O87: 0 | P87: 0 | Q87: 4 | R87: 0 | S87: 0 | T87: 0 | U87: 0 | V87: 12 | W87: =SUMPRODUCT(I87:V87,$I$13:$V$13) -> 45160 | X87: =SUM(I87:V87)*AC87 -> 2.8 | Y87: =VLOOKUP(D87,[1]PARTS!$A$1:$G$65536,7,0) -> KEMET ELECTRONICS S A | Z87: =VLOOKUP(D87,[2]pareto!$D$12:$AX$306,44,0) -> 10000 | AA87: 44600 | AB87: =CEILING(W87,Z87) -> 50000 | AC87: =VLOOKUP(D87,[2]pareto!$D$12:$AX$306,47,0) -> 0.1 | AD87: NISKO | AE87: Avi Taub | AF87: Avi@nisko.co.il | AG87: 972 - 524756173 | BG87: =SUM($BB87,$AI87:AI87)-SUM($BY87:BZ87) -> 0 | BH87: =SUM($BB87,$AI87:AJ87)-SUM($BY87:CA87) -> 0 | BI87: =SUM($BB87,$AI87:AK87)-SUM($BY87:CB87) -> 0 | BJ87: =SUM($BB87,$AI87:AL87)-SUM($BY87:CC87) -> 0 | BK87: =SUM($BB87,$AI87:AM87)-SUM($BY87:CD87) -> 0 | BL87: =SUM($BB87,$AI87:AN87)-SUM($BY87:CE87) -> 0 | BM87: =SUM($BB87,$AI87:AO87)-SUM($BY87:CF87) -> 0 | BN87: =SUM($BB87,$AI87:AP87)-SUM($BY87:CG87) -> -1600 | ... BX87: =SUM($BB87,$AI87:AZ87)-SUM($BY87:CQ87) -> -45160 | BY87: {=SUMPRODUCT(TRANSPOSE(BY$2:BY$15),$I87:$V87)} -> 0 | BZ87: {=SUMPRODUCT(TRANSPOSE(BZ$2:BZ$15),$I87:$V87)} -> 0 | CA87: {=SUMPRODUCT(TRANSPOSE(CA$2:CA$15),$I87:$V87)} -> 0 | CB87: {=SUMPRODUCT(TRANSPOSE(CB$2:CB$15),$I87:$V87)} -> 0 | CC87: {=SUMPRODUCT(TRANSPOSE(CC$2:CC$15),$I87:$V87)} -> 0 | CD87: {=SUMPRODUCT(TRANSPOSE(CD$2:CD$15),$I87:$V87)} -> 0 | CE87: {=SUMPRODUCT(TRANSPOSE(CE$2:CE$15),$I87:$V87)} -> 0 | CF87: {=SUMPRODUCT(TRANSPOSE(CF$2:CF$15),$I87:$V87)} -> 0 | ... CQ87: {=SUMPRODUCT(TRANSPOSE(CQ$2:CQ$15),$I87:$V87)} -> 0
A88: 288 | B88: REF192ESZ-REEL7 | C88: BUY1 | D88: 400567121 | E88: =VLOOKUP(D88,FFF!$A$2:$B$674,2,) -> 400856507 | F88: IC VOLTAGE REF. 2.5V T&R | G88: EA | H88: 4 | I88: 0 | J88: 0 | K88: 0 | L88: 0 | M88: 2 | N88: 0 | O88: 0 | P88: 0 | Q88: 0 | R88: 0 | S88: 0 | T88: 0 | U88: 0 | V88: 2 | W88: =SUMPRODUCT(I88:V88,$I$13:$V$13) -> 6420 | X88: =SUM(I88:V88)*AC88 -> 10.836 | Y88: =VLOOKUP(D88,[1]PARTS!$A$1:$G$65536,7,0) -> ANALOG DEVICES | Z88: =VLOOKUP(D88,[2]pareto!$D$12:$AX$306,44,0) -> 1000 | AA88: =VLOOKUP(D88,[2]pareto!$D$12:$AX$306,45,0) -> 1000 | AB88: =CEILING(W88,Z88) -> 7000 | AC88: 2.709 | AD88: Elbatech | AE88: Anat Eylon | AF88: anat@elbatech.co.il | AG88: 972 - 88516111 | BG88: =SUM($BB88,$AI88:AI88)-SUM($BY88:BZ88) -> 0 | BH88: =SUM($BB88,$AI88:AJ88)-SUM($BY88:CA88) -> 0 | BI88: =SUM($BB88,$AI88:AK88)-SUM($BY88:CB88) -> 0 | BJ88: =SUM($BB88,$AI88:AL88)-SUM($BY88:CC88) -> 0 | BK88: =SUM($BB88,$AI88:AM88)-SUM($BY88:CD88) -> 0 | BL88: =SUM($BB88,$AI88:AN88)-SUM($BY88:CE88) -> 0 | BM88: =SUM($BB88,$AI88:AO88)-SUM($BY88:CF88) -> 0 | BN88: =SUM($BB88,$AI88:AP88)-SUM($BY88:CG88) -> -200 | ... BX88: =SUM($BB88,$AI88:AZ88)-SUM($BY88:CQ88) -> -6420 | BY88: {=SUMPRODUCT(TRANSPOSE(BY$2:BY$15),$I88:$V88)} -> 0 | BZ88: {=SUMPRODUCT(TRANSPOSE(BZ$2:BZ$15),$I88:$V88)} -> 0 | CA88: {=SUMPRODUCT(TRANSPOSE(CA$2:CA$15),$I88:$V88)} -> 0 | CB88: {=SUMPRODUCT(TRANSPOSE(CB$2:CB$15),$I88:$V88)} -> 0 | CC88: {=SUMPRODUCT(TRANSPOSE(CC$2:CC$15),$I88:$V88)} -> 0 | CD88: {=SUMPRODUCT(TRANSPOSE(CD$2:CD$15),$I88:$V88)} -> 0 | CE88: {=SUMPRODUCT(TRANSPOSE(CE$2:CE$15),$I88:$V88)} -> 0 | CF88: {=SUMPRODUCT(TRANSPOSE(CF$2:CF$15),$I88:$V88)} -> 0 | ... CQ88: {=SUMPRODUCT(TRANSPOSE(CQ$2:CQ$15),$I88:$V88)} -> 0
A89: 91 | B89: 597D227X0020R2T | C89: BUY1 | D89: 400339908 | F89: CHIP CAP 220UF 20% 20V TANTALUM T&R | G89: EA | H89: 2 | I89: 0 | J89: 0 | K89: 0 | L89: 0 | M89: 0 | N89: 0 | O89: 0 | P89: 0 | Q89: 2 | R89: 0 | S89: 0 | T89: 0 | U89: 0 | V89: 0 | W89: =SUMPRODUCT(I89:V89,$I$13:$V$13) -> 3320 | X89: =SUM(I89:V89)*AC89 -> 8.5 | Y89: =VLOOKUP(D89,[1]PARTS!$A$1:$G$65536,7,0) -> VISHAY SPRAGUE | Z89: 300 | AA89: 3280 | AB89: =CEILING(W89,Z89) -> 3600 | AC89: =VLOOKUP(D89,[2]pareto!$D$12:$AX$306,47,0) -> 4.25 | AD89: ECOMAL | AE89: POLINA | AF89: Polina.rashkovsky@ecomal.com | AG89: 972 - 37908013 | BG89: =SUM($BB89,$AI89:AI89)-SUM($BY89:BZ89) -> 0 | BH89: =SUM($BB89,$AI89:AJ89)-SUM($BY89:CA89) -> 0 | BI89: =SUM($BB89,$AI89:AK89)-SUM($BY89:CB89) -> 0 | BJ89: =SUM($BB89,$AI89:AL89)-SUM($BY89:CC89) -> 0 | BK89: =SUM($BB89,$AI89:AM89)-SUM($BY89:CD89) -> 0 | BL89: =SUM($BB89,$AI89:AN89)-SUM($BY89:CE89) -> 0 | BM89: =SUM($BB89,$AI89:AO89)-SUM($BY89:CF89) -> 0 | BN89: =SUM($BB89,$AI89:AP89)-SUM($BY89:CG89) -> -200 | ... BX89: =SUM($BB89,$AI89:AZ89)-SUM($BY89:CQ89) -> -3320 | BY89: {=SUMPRODUCT(TRANSPOSE(BY$2:BY$15),$I89:$V89)} -> 0 | BZ89: {=SUMPRODUCT(TRANSPOSE(BZ$2:BZ$15),$I89:$V89)} -> 0 | CA89: {=SUMPRODUCT(TRANSPOSE(CA$2:CA$15),$I89:$V89)} -> 0 | CB89: {=SUMPRODUCT(TRANSPOSE(CB$2:CB$15),$I89:$V89)} -> 0 | CC89: {=SUMPRODUCT(TRANSPOSE(CC$2:CC$15),$I89:$V89)} -> 0 | CD89: {=SUMPRODUCT(TRANSPOSE(CD$2:CD$15),$I89:$V89)} -> 0 | CE89: {=SUMPRODUCT(TRANSPOSE(CE$2:CE$15),$I89:$V89)} -> 0 | CF89: {=SUMPRODUCT(TRANSPOSE(CF$2:CF$15),$I89:$V89)} -> 0 | ... CQ89: {=SUMPRODUCT(TRANSPOSE(CQ$2:CQ$15),$I89:$V89)} -> 0
A90: 303 | B90: SS4155 1PT | C90: BUY2 | D90: 732350392 | F90: PRIMER FOR RTV SILICONE RUBBER ADHESIVE | G90: AR | H90: A/R | I90: 0 | J90: 0 | K90: 0 | L90: 0 | M90: 0 | N90: 0 | O90: 0 | P90: 0 | Q90: 0 | R90: 0 | S90: 0 | T90: 0 | U90: 0.05 | V90: 0 | W90: =SUMPRODUCT(I90:V90,$I$13:$V$13) -> 83 | X90: =SUM(I90:V90)*AC90 -> 0.045 | Y90: =VLOOKUP(D90,[1]PARTS!$A$1:$G$65536,7,0) -> MOMENTIVE PERFORMANCE MATERIALS | Z90: 1 | AA90: =VLOOKUP(D90,[2]pareto!$D$12:$AX$306,45,0) -> 0 | AB90: =CEILING(W90,Z90) -> 83 | AC90: =VLOOKUP(D90,[2]pareto!$D$12:$AX$306,47,0) -> 0.9 | AD90: LOCAL SUPPLIER | AE90: LOCAL SUPPLIER | AF90: LOCAL SUPPLIER | AG90: LOCAL SUPPLIER | BG90: =SUM($BB90,$AI90:AI90)-SUM($BY90:BZ90) -> 0 | BH90: =SUM($BB90,$AI90:AJ90)-SUM($BY90:CA90) -> 0 | BI90: =SUM($BB90,$AI90:AK90)-SUM($BY90:CB90) -> 0 | BJ90: =SUM($BB90,$AI90:AL90)-SUM($BY90:CC90) -> 0 | BK90: =SUM($BB90,$AI90:AM90)-SUM($BY90:CD90) -> 0 | BL90: =SUM($BB90,$AI90:AN90)-SUM($BY90:CE90) -> 0 | BM90: =SUM($BB90,$AI90:AO90)-SUM($BY90:CF90) -> 0 | BN90: =SUM($BB90,$AI90:AP90)-SUM($BY90:CG90) -> 0 | ... BX90: =SUM($BB90,$AI90:AZ90)-SUM($BY90:CQ90) -> -83 | BY90: {=SUMPRODUCT(TRANSPOSE(BY$2:BY$15),$I90:$V90)} -> 0 | BZ90: {=SUMPRODUCT(TRANSPOSE(BZ$2:BZ$15),$I90:$V90)} -> 0 | CA90: {=SUMPRODUCT(TRANSPOSE(CA$2:CA$15),$I90:$V90)} -> 0 | CB90: {=SUMPRODUCT(TRANSPOSE(CB$2:CB$15),$I90:$V90)} -> 0 | CC90: {=SUMPRODUCT(TRANSPOSE(CC$2:CC$15),$I90:$V90)} -> 0 | CD90: {=SUMPRODUCT(TRANSPOSE(CD$2:CD$15),$I90:$V90)} -> 0 | CE90: {=SUMPRODUCT(TRANSPOSE(CE$2:CE$15),$I90:$V90)} -> 0 | CF90: {=SUMPRODUCT(TRANSPOSE(CF$2:CF$15),$I90:$V90)} -> 0 | ... CQ90: {=SUMPRODUCT(TRANSPOSE(CQ$2:CQ$15),$I90:$V90)} -> 0
A91: 314 | B91: TS0302W3 | C91: BUY1 | D91: N80408594 | F91: ATTENUATOR DC-15GHZ 2DB 2WATT 50 OHM | G91: EA | H91: 2 | I91: 0 | J91: 0 | K91: 0 | L91: 0 | M91: 0 | N91: 0 | O91: 0 | P91: 0 | Q91: 2 | R91: 0 | S91: 0 | T91: 0 | U91: 0 | V91: 0 | W91: =SUMPRODUCT(I91:V91,$I$13:$V$13) -> 3320 | X91: =SUM(I91:V91)*AC91 -> 9 | Y91: =VLOOKUP(D91,[1]PARTS!$A$1:$G$65536,7,0) -> SMITHS INTERCONNECT AMERICAS, | Z91: 1 | AA91: 35 | AB91: =CEILING(W91,Z91)*0.5 -> 1660 | AC91: =VLOOKUP(D91,[2]pareto!$D$12:$AX$306,47,0) -> 4.5 | AD91: =VLOOKUP(D91,[2]pareto!$D$11:$BD$306,50,0) -> RMFW | AE91: Tali Weisberg | AF91: tali.weisberg@rfmw.com | AG91: 072-2150902 | AH91: Due to the note number 4 in the drawing, we have decided in a meeting on the 25/12/2025 - to buy only half of the quantity that is needed due to price calculation. | BG91: =SUM($BB91,$AI91:AI91)-SUM($BY91:BZ91) -> 0 | BH91: =SUM($BB91,$AI91:AJ91)-SUM($BY91:CA91) -> 0 | BI91: =SUM($BB91,$AI91:AK91)-SUM($BY91:CB91) -> 0 | BJ91: =SUM($BB91,$AI91:AL91)-SUM($BY91:CC91) -> 0 | BK91: =SUM($BB91,$AI91:AM91)-SUM($BY91:CD91) -> 0 | BL91: =SUM($BB91,$AI91:AN91)-SUM($BY91:CE91) -> 0 | BM91: =SUM($BB91,$AI91:AO91)-SUM($BY91:CF91) -> 0 | BN91: =SUM($BB91,$AI91:AP91)-SUM($BY91:CG91) -> -200 | ... BX91: =SUM($BB91,$AI91:AZ91)-SUM($BY91:CQ91) -> -3320 | BY91: {=SUMPRODUCT(TRANSPOSE(BY$2:BY$15),$I91:$V91)} -> 0 | BZ91: {=SUMPRODUCT(TRANSPOSE(BZ$2:BZ$15),$I91:$V91)} -> 0 | CA91: {=SUMPRODUCT(TRANSPOSE(CA$2:CA$15),$I91:$V91)} -> 0 | CB91: {=SUMPRODUCT(TRANSPOSE(CB$2:CB$15),$I91:$V91)} -> 0 | CC91: {=SUMPRODUCT(TRANSPOSE(CC$2:CC$15),$I91:$V91)} -> 0 | CD91: {=SUMPRODUCT(TRANSPOSE(CD$2:CD$15),$I91:$V91)} -> 0 | CE91: {=SUMPRODUCT(TRANSPOSE(CE$2:CE$15),$I91:$V91)} -> 0 | CF91: {=SUMPRODUCT(TRANSPOSE(CF$2:CF$15),$I91:$V91)} -> 0 | ... CQ91: {=SUMPRODUCT(TRANSPOSE(CQ$2:CQ$15),$I91:$V91)} -> 0
A92: 27 | B92: 1094L926-001 | C92: - | D92: 403581662 | F92: WEDGE A | G92: EA | H92: 4 | I92: 0 | J92: 2 | K92: 0 | L92: 0 | M92: 0 | N92: 0 | O92: 2 | P92: 0 | Q92: 0 | R92: 0 | S92: 0 | T92: 0 | U92: 0 | V92: 0 | W92: =SUMPRODUCT(I92:V92,$I$13:$V$13) -> 6420 | X92: =SUM(I92:V92)*AC92 -> 6.04 | Y92: =VLOOKUP(D92,[1]PARTS!$A$1:$G$65536,7,0) | Z92: 1 | AA92: 6340 | AB92: =CEILING(W92,Z92) -> 6420 | AC92: =VLOOKUP(D92,[2]pareto!$D$12:$AX$306,47,0) -> 1.51 | AD92: WAVE MECHANICS | AE92: WAVE MECHANICS | AF92: =VLOOKUP(D92,[2]pareto!$D$11:$BD$306,52,0) -> tnp@wave-mechanics.com | AG92: =VLOOKUP(D92,[2]pareto!$D$11:$BD$306,51) -> #REF! | BG92: =SUM($BB92,$AI92:AI92)-SUM($BY92:BZ92) -> 0 | BH92: =SUM($BB92,$AI92:AJ92)-SUM($BY92:CA92) -> 0 | BI92: =SUM($BB92,$AI92:AK92)-SUM($BY92:CB92) -> 0 | BJ92: =SUM($BB92,$AI92:AL92)-SUM($BY92:CC92) -> 0 | BK92: =SUM($BB92,$AI92:AM92)-SUM($BY92:CD92) -> 0 | BL92: =SUM($BB92,$AI92:AN92)-SUM($BY92:CE92) -> 0 | BM92: =SUM($BB92,$AI92:AO92)-SUM($BY92:CF92) -> 0 | BN92: =SUM($BB92,$AI92:AP92)-SUM($BY92:CG92) -> 0 | ... BX92: =SUM($BB92,$AI92:AZ92)-SUM($BY92:CQ92) -> -6420 | BY92: {=SUMPRODUCT(TRANSPOSE(BY$2:BY$15),$I92:$V92)} -> 0 | BZ92: {=SUMPRODUCT(TRANSPOSE(BZ$2:BZ$15),$I92:$V92)} -> 0 | CA92: {=SUMPRODUCT(TRANSPOSE(CA$2:CA$15),$I92:$V92)} -> 0 | CB92: {=SUMPRODUCT(TRANSPOSE(CB$2:CB$15),$I92:$V92)} -> 0 | CC92: {=SUMPRODUCT(TRANSPOSE(CC$2:CC$15),$I92:$V92)} -> 0 | CD92: {=SUMPRODUCT(TRANSPOSE(CD$2:CD$15),$I92:$V92)} -> 0 | CE92: {=SUMPRODUCT(TRANSPOSE(CE$2:CE$15),$I92:$V92)} -> 0 | CF92: {=SUMPRODUCT(TRANSPOSE(CF$2:CF$15),$I92:$V92)} -> 0 | ... CQ92: {=SUMPRODUCT(TRANSPOSE(CQ$2:CQ$15),$I92:$V92)} -> 0
A93: 51 | B93: 1094N795-001 | C93: - | D93: 408929148 | F93: CONN 2 PIN | G93: EA | H93: 1 | I93: 0 | J93: 0 | K93: 0 | L93: 0 | M93: 0 | N93: 0 | O93: 0 | P93: 1 | Q93: 0 | R93: 0 | S93: 0 | T93: 0 | U93: 0 | V93: 0 | W93: =SUMPRODUCT(I93:V93,$I$13:$V$13) -> 1660 | X93: =SUM(I93:V93)*AC93 -> 0 | Y93: =VLOOKUP(D93,[1]PARTS!$A$1:$G$65536,7,0) | Z93: ASSY | AA93: 1640 | AB93: ASSY | AC93: 0 | AD93: ASSY | AE93: ASSY | AF93: ASSY | AG93: ASSY | BG93: =SUM($BB93,$AI93:AI93)-SUM($BY93:BZ93) -> 0 | BH93: =SUM($BB93,$AI93:AJ93)-SUM($BY93:CA93) -> 0 | BI93: =SUM($BB93,$AI93:AK93)-SUM($BY93:CB93) -> 0 | BJ93: =SUM($BB93,$AI93:AL93)-SUM($BY93:CC93) -> 0 | BK93: =SUM($BB93,$AI93:AM93)-SUM($BY93:CD93) -> 0 | BL93: =SUM($BB93,$AI93:AN93)-SUM($BY93:CE93) -> 0 | BM93: =SUM($BB93,$AI93:AO93)-SUM($BY93:CF93) -> 0 | BN93: =SUM($BB93,$AI93:AP93)-SUM($BY93:CG93) -> 0 | ... BX93: =SUM($BB93,$AI93:AZ93)-SUM($BY93:CQ93) -> -1660 | BY93: {=SUMPRODUCT(TRANSPOSE(BY$2:BY$15),$I93:$V93)} -> 0 | BZ93: {=SUMPRODUCT(TRANSPOSE(BZ$2:BZ$15),$I93:$V93)} -> 0 | CA93: {=SUMPRODUCT(TRANSPOSE(CA$2:CA$15),$I93:$V93)} -> 0 | CB93: {=SUMPRODUCT(TRANSPOSE(CB$2:CB$15),$I93:$V93)} -> 0 | CC93: {=SUMPRODUCT(TRANSPOSE(CC$2:CC$15),$I93:$V93)} -> 0 | CD93: {=SUMPRODUCT(TRANSPOSE(CD$2:CD$15),$I93:$V93)} -> 0 | CE93: {=SUMPRODUCT(TRANSPOSE(CE$2:CE$15),$I93:$V93)} -> 0 | CF93: {=SUMPRODUCT(TRANSPOSE(CF$2:CF$15),$I93:$V93)} -> 0 | ... CQ93: {=SUMPRODUCT(TRANSPOSE(CQ$2:CQ$15),$I93:$V93)} -> 0
A94: 219 | B94: GRM32ER71K475KE14L | C94: BUY1 | D94: 409331535 | F94: CHIP CAP 4.7UF 10% 80V CERAMIC T&R | G94: EA | H94: 29 | I94: 0 | J94: 0 | K94: 0 | L94: 0 | M94: 8 | N94: 0 | O94: 0 | P94: 0 | Q94: 13 | R94: 0 | S94: 0 | T94: 0 | U94: 0 | V94: 8 | W94: =SUMPRODUCT(I94:V94,$I$13:$V$13) -> 47260 | X94: =SUM(I94:V94)*AC94 -> 6.09 | Y94: =VLOOKUP(D94,[1]PARTS!$A$1:$G$65536,7,0) -> MURATA MANUFACTURING CO. LTD | Z94: =VLOOKUP(D94,[2]pareto!$D$12:$AX$306,44,0) -> 1000 | AA94: 46680 | AB94: =CEILING(W94,Z94) -> 48000 | AC94: =VLOOKUP(D94,[2]pareto!$D$12:$AX$306,47,0) -> 0.21 | AD94: ARROW | AE94: ALON SAGIV | AF94: alon.sagiv@arrow.com | AG94: 972 537704117 | BG94: =SUM($BB94,$AI94:AI94)-SUM($BY94:BZ94) -> 0 | BH94: =SUM($BB94,$AI94:AJ94)-SUM($BY94:CA94) -> 0 | BI94: =SUM($BB94,$AI94:AK94)-SUM($BY94:CB94) -> 0 | BJ94: =SUM($BB94,$AI94:AL94)-SUM($BY94:CC94) -> 0 | BK94: =SUM($BB94,$AI94:AM94)-SUM($BY94:CD94) -> 0 | BL94: =SUM($BB94,$AI94:AN94)-SUM($BY94:CE94) -> 0 | BM94: =SUM($BB94,$AI94:AO94)-SUM($BY94:CF94) -> 0 | BN94: =SUM($BB94,$AI94:AP94)-SUM($BY94:CG94) -> -2100 | ... BX94: =SUM($BB94,$AI94:AZ94)-SUM($BY94:CQ94) -> -47260 | BY94: {=SUMPRODUCT(TRANSPOSE(BY$2:BY$15),$I94:$V94)} -> 0 | BZ94: {=SUMPRODUCT(TRANSPOSE(BZ$2:BZ$15),$I94:$V94)} -> 0 | CA94: {=SUMPRODUCT(TRANSPOSE(CA$2:CA$15),$I94:$V94)} -> 0 | CB94: {=SUMPRODUCT(TRANSPOSE(CB$2:CB$15),$I94:$V94)} -> 0 | CC94: {=SUMPRODUCT(TRANSPOSE(CC$2:CC$15),$I94:$V94)} -> 0 | CD94: {=SUMPRODUCT(TRANSPOSE(CD$2:CD$15),$I94:$V94)} -> 0 | CE94: {=SUMPRODUCT(TRANSPOSE(CE$2:CE$15),$I94:$V94)} -> 0 | CF94: {=SUMPRODUCT(TRANSPOSE(CF$2:CF$15),$I94:$V94)} -> 0 | ... CQ94: {=SUMPRODUCT(TRANSPOSE(CQ$2:CQ$15),$I94:$V94)} -> 0
A95: 208 | B95: EPCQ64ASI16N | C95: BUY1 | D95: 411359913 | F95: IC QUAD-SERIAL CONFIGURATION DEVICE | G95: EA | H95: 2 | I95: 0 | J95: 0 | K95: 0 | L95: 0 | M95: 1 | N95: 0 | O95: 0 | P95: 0 | Q95: 0 | R95: 0 | S95: 0 | T95: 0 | U95: 0 | V95: 1 | W95: =SUMPRODUCT(I95:V95,$I$13:$V$13) -> 3210 | X95: =SUM(I95:V95)*AC95 -> 7.64 | Y95: =VLOOKUP(D95,[1]PARTS!$A$1:$G$65536,7,0) -> INTEL CORP | Z95: 44 | AA95: =VLOOKUP(D95,[2]pareto!$D$12:$AX$306,45,0) -> 44 | AB95: =CEILING(W95,Z95) -> 3212 | AC95: =VLOOKUP(D95,[2]pareto!$D$12:$AX$306,47,0) -> 3.82 | AD95: ALTERA | AE95: SHLOMI BIGI | AF95: Shlomi.bigi@easx.co.il | AG95: 972 - 505252790 | BG95: =SUM($BB95,$AI95:AI95)-SUM($BY95:BZ95) -> 0 | BH95: =SUM($BB95,$AI95:AJ95)-SUM($BY95:CA95) -> 0 | BI95: =SUM($BB95,$AI95:AK95)-SUM($BY95:CB95) -> 0 | BJ95: =SUM($BB95,$AI95:AL95)-SUM($BY95:CC95) -> 0 | BK95: =SUM($BB95,$AI95:AM95)-SUM($BY95:CD95) -> 0 | BL95: =SUM($BB95,$AI95:AN95)-SUM($BY95:CE95) -> 0 | BM95: =SUM($BB95,$AI95:AO95)-SUM($BY95:CF95) -> 0 | BN95: =SUM($BB95,$AI95:AP95)-SUM($BY95:CG95) -> -100 | ... BX95: =SUM($BB95,$AI95:AZ95)-SUM($BY95:CQ95) -> -3210 | BY95: {=SUMPRODUCT(TRANSPOSE(BY$2:BY$15),$I95:$V95)} -> 0 | BZ95: {=SUMPRODUCT(TRANSPOSE(BZ$2:BZ$15),$I95:$V95)} -> 0 | CA95: {=SUMPRODUCT(TRANSPOSE(CA$2:CA$15),$I95:$V95)} -> 0 | CB95: {=SUMPRODUCT(TRANSPOSE(CB$2:CB$15),$I95:$V95)} -> 0 | CC95: {=SUMPRODUCT(TRANSPOSE(CC$2:CC$15),$I95:$V95)} -> 0 | CD95: {=SUMPRODUCT(TRANSPOSE(CD$2:CD$15),$I95:$V95)} -> 0 | CE95: {=SUMPRODUCT(TRANSPOSE(CE$2:CE$15),$I95:$V95)} -> 0 | CF95: {=SUMPRODUCT(TRANSPOSE(CF$2:CF$15),$I95:$V95)} -> 0 | ... CQ95: {=SUMPRODUCT(TRANSPOSE(CQ$2:CQ$15),$I95:$V95)} -> 0
A96: 238 | B96: LTC4444HMS8E-5#TRPBF | C96: BUY1 | D96: 401681605 | F96: IC N-CHANNEL MOSFET DRIVER T&R | G96: EA | H96: 4 | I96: 0 | J96: 0 | K96: 0 | L96: 0 | M96: 0 | N96: 0 | O96: 0 | P96: 0 | Q96: 4 | R96: 0 | S96: 0 | T96: 0 | U96: 0 | V96: 0 | W96: =SUMPRODUCT(I96:V96,$I$13:$V$13) -> 6640 | X96: =SUM(I96:V96)*AC96 -> 7.1688 | Y96: =VLOOKUP(D96,[1]PARTS!$A$1:$G$65536,7,0) -> ANALOG DEVICES | Z96: =VLOOKUP(D96,[2]pareto!$D$12:$AX$306,44,0) -> 2500 | AA96: =VLOOKUP(D96,[2]pareto!$D$12:$AX$306,45,0) -> 2500 | AB96: =CEILING(W96,Z96) -> 7500 | AC96: 1.7922 | AD96: Elbatech | AE96: Anat Eylon | AF96: anat@elbatech.co.il | AG96: 972 - 88516111 | BG96: =SUM($BB96,$AI96:AI96)-SUM($BY96:BZ96) -> 0 | BH96: =SUM($BB96,$AI96:AJ96)-SUM($BY96:CA96) -> 0 | BI96: =SUM($BB96,$AI96:AK96)-SUM($BY96:CB96) -> 0 | BJ96: =SUM($BB96,$AI96:AL96)-SUM($BY96:CC96) -> 0 | BK96: =SUM($BB96,$AI96:AM96)-SUM($BY96:CD96) -> 0 | BL96: =SUM($BB96,$AI96:AN96)-SUM($BY96:CE96) -> 0 | BM96: =SUM($BB96,$AI96:AO96)-SUM($BY96:CF96) -> 0 | BN96: =SUM($BB96,$AI96:AP96)-SUM($BY96:CG96) -> -400 | ... BX96: =SUM($BB96,$AI96:AZ96)-SUM($BY96:CQ96) -> -6640 | BY96: {=SUMPRODUCT(TRANSPOSE(BY$2:BY$15),$I96:$V96)} -> 0 | BZ96: {=SUMPRODUCT(TRANSPOSE(BZ$2:BZ$15),$I96:$V96)} -> 0 | CA96: {=SUMPRODUCT(TRANSPOSE(CA$2:CA$15),$I96:$V96)} -> 0 | CB96: {=SUMPRODUCT(TRANSPOSE(CB$2:CB$15),$I96:$V96)} -> 0 | CC96: {=SUMPRODUCT(TRANSPOSE(CC$2:CC$15),$I96:$V96)} -> 0 | CD96: {=SUMPRODUCT(TRANSPOSE(CD$2:CD$15),$I96:$V96)} -> 0 | CE96: {=SUMPRODUCT(TRANSPOSE(CE$2:CE$15),$I96:$V96)} -> 0 | CF96: {=SUMPRODUCT(TRANSPOSE(CF$2:CF$15),$I96:$V96)} -> 0 | ... CQ96: {=SUMPRODUCT(TRANSPOSE(CQ$2:CQ$15),$I96:$V96)} -> 0
A97: 99 | B97: AD823ARZ-R7 | C97: BUY1 | D97: 401039812 | E97: =VLOOKUP(D97,FFF!$A$2:$B$674,2,) -> 400481628 | F97: DUAL, 16 MHZ, RAIL-TO-RAIL AMPLIFIER T&R | G97: EA | H97: 4 | I97: 0 | J97: 0 | K97: 0 | L97: 0 | M97: 2 | N97: 0 | O97: 0 | P97: 0 | Q97: 0 | R97: 0 | S97: 0 | T97: 0 | U97: 0 | V97: 2 | W97: =SUMPRODUCT(I97:V97,$I$13:$V$13) -> 6420 | X97: =SUM(I97:V97)*AC97 -> 6.6332 | Y97: =VLOOKUP(D97,[1]PARTS!$A$1:$G$65536,7,0) -> ANALOG DEVICES | Z97: =VLOOKUP(D97,[2]pareto!$D$12:$AX$306,44,0) -> 750 | AA97: 6340 | AB97: =CEILING(W97,Z97) -> 6750 | AC97: 1.6583 | AD97: Elbatech | AE97: Anat Eylon | AF97: anat@elbatech.co.il | AG97: 972 - 88516111 | BG97: =SUM($BB97,$AI97:AI97)-SUM($BY97:BZ97) -> 0 | BH97: =SUM($BB97,$AI97:AJ97)-SUM($BY97:CA97) -> 0 | BI97: =SUM($BB97,$AI97:AK97)-SUM($BY97:CB97) -> 0 | BJ97: =SUM($BB97,$AI97:AL97)-SUM($BY97:CC97) -> 0 | BK97: =SUM($BB97,$AI97:AM97)-SUM($BY97:CD97) -> 0 | BL97: =SUM($BB97,$AI97:AN97)-SUM($BY97:CE97) -> 0 | BM97: =SUM($BB97,$AI97:AO97)-SUM($BY97:CF97) -> 0 | BN97: =SUM($BB97,$AI97:AP97)-SUM($BY97:CG97) -> -200 | ... BX97: =SUM($BB97,$AI97:AZ97)-SUM($BY97:CQ97) -> -6420 | BY97: {=SUMPRODUCT(TRANSPOSE(BY$2:BY$15),$I97:$V97)} -> 0 | BZ97: {=SUMPRODUCT(TRANSPOSE(BZ$2:BZ$15),$I97:$V97)} -> 0 | CA97: {=SUMPRODUCT(TRANSPOSE(CA$2:CA$15),$I97:$V97)} -> 0 | CB97: {=SUMPRODUCT(TRANSPOSE(CB$2:CB$15),$I97:$V97)} -> 0 | CC97: {=SUMPRODUCT(TRANSPOSE(CC$2:CC$15),$I97:$V97)} -> 0 | CD97: {=SUMPRODUCT(TRANSPOSE(CD$2:CD$15),$I97:$V97)} -> 0 | CE97: {=SUMPRODUCT(TRANSPOSE(CE$2:CE$15),$I97:$V97)} -> 0 | CF97: {=SUMPRODUCT(TRANSPOSE(CF$2:CF$15),$I97:$V97)} -> 0 | ... CQ97: {=SUMPRODUCT(TRANSPOSE(CQ$2:CQ$15),$I97:$V97)} -> 0
A98: 94 | B98: 600L4R7BW200T | C98: BUY1 | D98: 418270654 | F98: CHIP CAP 4.7PF 200VOLT 2.1277^ | G98: EA | H98: 36 | I98: 0 | J98: 0 | K98: 0 | L98: 0 | M98: 0 | N98: 0 | O98: 0 | P98: 0 | Q98: 36 | R98: 0 | S98: 0 | T98: 0 | U98: 0 | V98: 0 | W98: =SUMPRODUCT(I98:V98,$I$13:$V$13) -> 59760 | X98: =SUM(I98:V98)*AC98 -> 17.28 | Y98: =VLOOKUP(D98,[1]PARTS!$A$1:$G$65536,7,0) -> AMERICAN TECHNICAL CERAMICS DIV. OF | Z98: =VLOOKUP(D98,[2]pareto!$D$12:$AX$306,44,0) -> 2000 | AA98: =VLOOKUP(D98,[2]pareto!$D$12:$AX$306,45,0) -> 2000 | AB98: =CEILING(W98,Z98) -> 60000 | AC98: =VLOOKUP(D98,[2]pareto!$D$12:$AX$306,47,0) -> 0.48 | AD98: ARROW | AE98: ALON SAGIV | AF98: alon.sagiv@arrow.com | AG98: 972 537704117 | BG98: =SUM($BB98,$AI98:AI98)-SUM($BY98:BZ98) -> 0 | BH98: =SUM($BB98,$AI98:AJ98)-SUM($BY98:CA98) -> 0 | BI98: =SUM($BB98,$AI98:AK98)-SUM($BY98:CB98) -> 0 | BJ98: =SUM($BB98,$AI98:AL98)-SUM($BY98:CC98) -> 0 | BK98: =SUM($BB98,$AI98:AM98)-SUM($BY98:CD98) -> 0 | BL98: =SUM($BB98,$AI98:AN98)-SUM($BY98:CE98) -> 0 | BM98: =SUM($BB98,$AI98:AO98)-SUM($BY98:CF98) -> 0 | BN98: =SUM($BB98,$AI98:AP98)-SUM($BY98:CG98) -> -3600 | ... BX98: =SUM($BB98,$AI98:AZ98)-SUM($BY98:CQ98) -> -59760 | BY98: {=SUMPRODUCT(TRANSPOSE(BY$2:BY$15),$I98:$V98)} -> 0 | BZ98: {=SUMPRODUCT(TRANSPOSE(BZ$2:BZ$15),$I98:$V98)} -> 0 | CA98: {=SUMPRODUCT(TRANSPOSE(CA$2:CA$15),$I98:$V98)} -> 0 | CB98: {=SUMPRODUCT(TRANSPOSE(CB$2:CB$15),$I98:$V98)} -> 0 | CC98: {=SUMPRODUCT(TRANSPOSE(CC$2:CC$15),$I98:$V98)} -> 0 | CD98: {=SUMPRODUCT(TRANSPOSE(CD$2:CD$15),$I98:$V98)} -> 0 | CE98: {=SUMPRODUCT(TRANSPOSE(CE$2:CE$15),$I98:$V98)} -> 0 | CF98: {=SUMPRODUCT(TRANSPOSE(CF$2:CF$15),$I98:$V98)} -> 0 | ... CQ98: {=SUMPRODUCT(TRANSPOSE(CQ$2:CQ$15),$I98:$V98)} -> 0
A99: 15 | B99: 1093H504-001 | C99: - | D99: D00758469 | F99: SPECIFICATION FOR MULTI LAYAR BAND PASS FILTER 3050-3500 MHZ | G99: EA | H99: 2 | I99: 0 | J99: 0 | K99: 0 | L99: 0 | M99: 0 | N99: 0 | O99: 0 | P99: 0 | Q99: 2 | R99: 0 | S99: 0 | T99: 0 | U99: 0 | V99: 0 | W99: =SUMPRODUCT(I99:V99,$I$13:$V$13) -> 3320 | X99: =SUM(I99:V99)*AC99 -> 6.3 | Y99: =VLOOKUP(D99,[1]PARTS!$A$1:$G$65536,7,0) | Z99: 3000 | AA99: 3280 | AB99: =CEILING(W99,Z99) -> 6000 | AC99: =VLOOKUP(D99,[2]pareto!$D$12:$AX$306,47,0) -> 3.15 | AD99: Ascotech | AE99: Lenova | AF99: Lenova@asco.co.il | AG99: 972-3-6496891 | BG99: =SUM($BB99,$AI99:AI99)-SUM($BY99:BZ99) -> 0 | BH99: =SUM($BB99,$AI99:AJ99)-SUM($BY99:CA99) -> 0 | BI99: =SUM($BB99,$AI99:AK99)-SUM($BY99:CB99) -> 0 | BJ99: =SUM($BB99,$AI99:AL99)-SUM($BY99:CC99) -> 0 | BK99: =SUM($BB99,$AI99:AM99)-SUM($BY99:CD99) -> 0 | BL99: =SUM($BB99,$AI99:AN99)-SUM($BY99:CE99) -> 0 | BM99: =SUM($BB99,$AI99:AO99)-SUM($BY99:CF99) -> 0 | BN99: =SUM($BB99,$AI99:AP99)-SUM($BY99:CG99) -> -200 | ... BX99: =SUM($BB99,$AI99:AZ99)-SUM($BY99:CQ99) -> -3320 | BY99: {=SUMPRODUCT(TRANSPOSE(BY$2:BY$15),$I99:$V99)} -> 0 | BZ99: {=SUMPRODUCT(TRANSPOSE(BZ$2:BZ$15),$I99:$V99)} -> 0 | CA99: {=SUMPRODUCT(TRANSPOSE(CA$2:CA$15),$I99:$V99)} -> 0 | CB99: {=SUMPRODUCT(TRANSPOSE(CB$2:CB$15),$I99:$V99)} -> 0 | CC99: {=SUMPRODUCT(TRANSPOSE(CC$2:CC$15),$I99:$V99)} -> 0 | CD99: {=SUMPRODUCT(TRANSPOSE(CD$2:CD$15),$I99:$V99)} -> 0 | CE99: {=SUMPRODUCT(TRANSPOSE(CE$2:CE$15),$I99:$V99)} -> 0 | CF99: {=SUMPRODUCT(TRANSPOSE(CF$2:CF$15),$I99:$V99)} -> 0 | ... CQ99: {=SUMPRODUCT(TRANSPOSE(CQ$2:CQ$15),$I99:$V99)} -> 0
A100: 313 | B100: TS0301W3 | C100: BUY1 | D100: N80407885 | F100: ATTENUATOR DC-15GHZ 1DB 2WATT 50 OHM | G100: EA | H100: 2 | I100: 0 | J100: 0 | K100: 0 | L100: 0 | M100: 0 | N100: 0 | O100: 0 | P100: 0 | Q100: 2 | R100: 0 | S100: 0 | T100: 0 | U100: 0 | V100: 0 | W100: =SUMPRODUCT(I100:V100,$I$13:$V$13) -> 3320 | X100: =SUM(I100:V100)*AC100 -> 8.74 | Y100: =VLOOKUP(D100,[1]PARTS!$A$1:$G$65536,7,0) -> SMITHS INTERCONNECT AMERICAS, | Z100: 1 | AA100: 35 | AB100: =CEILING(W100,Z100)*0.5 -> 1660 | AC100: =VLOOKUP(D100,[2]pareto!$D$12:$AX$306,47,0) -> 4.37 | AD100: =VLOOKUP(D100,[2]pareto!$D$11:$BD$306,50,0) -> RMFW | AE100: Tali Weisberg | AF100: tali.weisberg@rfmw.com | AG100: 072-2150902 | AH100: Due to the note number 4 in the drawing, we have decided in a meeting on the 25/12/2025 - to buy only half of the quantity that is needed due to price calculation. | BG100: =SUM($BB100,$AI100:AI100)-SUM($BY100:BZ100) -> 0 | BH100: =SUM($BB100,$AI100:AJ100)-SUM($BY100:CA100) -> 0 | BI100: =SUM($BB100,$AI100:AK100)-SUM($BY100:CB100) -> 0 | BJ100: =SUM($BB100,$AI100:AL100)-SUM($BY100:CC100) -> 0 | BK100: =SUM($BB100,$AI100:AM100)-SUM($BY100:CD100) -> 0 | BL100: =SUM($BB100,$AI100:AN100)-SUM($BY100:CE100) -> 0 | BM100: =SUM($BB100,$AI100:AO100)-SUM($BY100:CF100) -> 0 | BN100: =SUM($BB100,$AI100:AP100)-SUM($BY100:CG100) -> -200 | ... BX100: =SUM($BB100,$AI100:AZ100)-SUM($BY100:CQ100) -> -3320 | BY100: {=SUMPRODUCT(TRANSPOSE(BY$2:BY$15),$I100:$V100)} -> 0 | BZ100: {=SUMPRODUCT(TRANSPOSE(BZ$2:BZ$15),$I100:$V100)} -> 0 | CA100: {=SUMPRODUCT(TRANSPOSE(CA$2:CA$15),$I100:$V100)} -> 0 | CB100: {=SUMPRODUCT(TRANSPOSE(CB$2:CB$15),$I100:$V100)} -> 0 | CC100: {=SUMPRODUCT(TRANSPOSE(CC$2:CC$15),$I100:$V100)} -> 0 | CD100: {=SUMPRODUCT(TRANSPOSE(CD$2:CD$15),$I100:$V100)} -> 0 | CE100: {=SUMPRODUCT(TRANSPOSE(CE$2:CE$15),$I100:$V100)} -> 0 | CF100: {=SUMPRODUCT(TRANSPOSE(CF$2:CF$15),$I100:$V100)} -> 0 | ... CQ100: {=SUMPRODUCT(TRANSPOSE(CQ$2:CQ$15),$I100:$V100)} -> 0
...

Sheet FFF
A1: CN | B1: FFF | C1: DESC | D1: MPN | E1: PRIMARY
A2: 400263993 | B2: 400005121 | C2: CHIP RESIS 2KOHM 1% .063W T&R | D2: CRCW04022K00FKTD | E2: CRCW04022K00FKED
A3: 400658323 | B3: 400005121 | C3: CHIP RESIS 2 KOHM 1% PB-FREE T&R | D3: CRCW04022K00FKED | E3: V
A4: 411170089 | B4: 400005121 | C4: CHIP RESIS 2KOHM 1% .063W T&R | D4: CR0402-FX-2001GLF | E4: CRCW04022K00FKED
A5: 414865984 | B5: 400005121 | C5: CHIP RESIS 2KOHM 1% .0625W T&R | D5: RC0402FR-072KL | E5: CRCW04022K00FKED
A6: N62061551 | B6: 400005121 | C6: CHIP RESIS 2KOHM 1% .063WATT 1X0.5MM | D6: D101002K001%P0 | E6: CRCW04022K00FKED
A7: N62061791 | B7: 400005121 | C7: CHIP RESIS 2KOHM 1% .063WATT 1X0.5MM | D7: D10100002K1%P0 | E7: CRCW04022K00FKED
A8: N62079751 | B8: 400005121 | C8: CHIP RESIS 2KOHM 1% 0.063WATT 1X0.5M | D8: D101002001FP0 | E8: CRCW04022K00FKED
A9: N62080684 | B9: 400005121 | C9: CHIP RESIS 2KOHM 1% 0.063WATT 1X0.5M | D9: CRCW04022001FRT7 | E9: CRCW04022K00FKED
A10: 400908745 | B10: 400007534 | C10: CHIP RESIS 732 OHM 1% .063W T&R | D10: CRCW0402732RFKTD | E10: CRCW0402732RFKED
A11: 425994123 | B11: 400007534 | C11: CHIP RESIS 732 OHM 1% .063W T&R | D11: CRCW0402732RFKED | E11: V
A12: 400306768 | B12: 400095447 | C12: CHIP CAP 1UF 10% 25V X7R T&R | D12: C1206C105K3RALTM | E12: CL31B105KAHNNNE
A13: 400333655 | B13: 400095447 | C13: CHIP CAP 1UF 10% 25V X7R T&R | D13: C1206C105K3RALTU | E13: CL31B105KAHNNNE
A14: 400550612 | B14: 400095447 | C14: CHIP CAP 1UF 10% 25V X7R T&R | D14: C1206C105K3RACTM | E14: CL31B105KAHNNNE
A15: 400551283 | B15: 400095447 | C15: CHIP CAP 1UF 10% 25V X7R T&R | D15: C1206C105K3RACTU | E15: CL31B105KAHNNNE
A16: 400604068 | B16: 400095447 | C16: CHIP CAP 1UF 10% 25VOLT X7R T&R | D16: C1206C105K3RAL7025 | E16: CL31B105KAHNNNE
A17: 400607521 | B17: 400095447 | C17: CHIP CAP 1UF 10% 25V X7R T&R | D17: C1206C105K3RAL7800 | E17: CL31B105KAHNNNE
A18: 402020886 | B18: 400095447 | C18: CHIP CAP 1UF 10% 25V X7R T&R | D18: C1206C105K3RAC7025 | E18: CL31B105KAHNNNE
A19: 417983138 | B19: 400095447 | C19: CHIP CAP 1UF 10% 25V X7R T&R | D19: CL31B105KAHNNNE | E19: V
A20: N62169016 | B20: 400095447 | C20: CHIP CAP 1UF 10% 25VOLT 126X63 X7R N | D20: C1206C105K3RAC | E20: CL31B105KAHNNNE
A21: N62175468 | B21: 400095447 | C21: CHIP CAP 1UF +80-20% 25VOLT 125X63 Y | D21: C1206C105Z3VAC | E21: CL31B105KAHNNNE
A22: N62175682 | B22: 400095447 | C22: CHIP CAP 1UF 10% 25VOLT 126X63 X7R N | D22: C1206C105K3RAC/TR | E22: CL31B105KAHNNNE
A23: 400017449 | B23: 400095450 | C23: CHIP JUMPER 1X0.5MM T&R | D23: D101000R0P0 | E23: CRCW04020000Z0ED
A24: 400249752 | B24: 400095450 | C24: CHIP JUMPER T&R | D24: CRCW04020000ZSTD | E24: CRCW04020000Z0ED
A25: 400709578 | B25: 400095450 | C25: CHIP RESIS 0 OHM 0% .063W T&R | D25: CRCW04020000ZSED | E25: CRCW04020000Z0ED
A26: 401197118 | B26: 400095450 | C26: CHIP JUMPER T&R | D26: CRCW04020000Z0ED | E26: V
A27: 411170044 | B27: 400095450 | C27: CHIP JUMPER T&R | D27: CR0402-J/-000GLF | E27: CRCW04020000Z0ED
A28: N62067962 | B28: 400095450 | C28: CHIP RESIS 0 OHM 5% .063WATT 1.0X0.5 | D28: MCR01MZSJ000 | E28: CRCW04020000Z0ED
A29: N62079132 | B29: 400095450 | C29: CHIP RESIS 0 OHM 0% .063W T&R | D29: CRCW0402000ZZRT7 | E29: CRCW04020000Z0ED
A30: N62081245 | B30: 400095450 | C30: CHIP JUMPER .063WATT 1X0.5MM TAPE/R | D30: D10100000ZZP0 | E30: CRCW04020000Z0ED
A31: N62087572 | B31: 400095450 | C31: CHIP JUMPER 1X0.5MM TAPE/REEL | D31: D101000000ZP0 | E31: CRCW04020000Z0ED
A32: N62884978 | B32: 400095450 | C32: CHIP JUMPER 39X20 10000EA/RL | D32: CJ05-000-H | E32: CRCW04020000Z0ED
A33: N63031009 | B33: 400095450 | C33: CHIP JUMPER 1X0.5MM TAPE/REEL | D33: D10100000R1%P0 | E33: CRCW04020000Z0ED
A34: 400272334 | B34: 400274911 | C34: CHIP RESIS 53.6KOHM 1% .1W T&R | D34: CRCW060353K6FKTA | E34: CRCW060353K6FKEA
A35: 413012036 | B35: 400274911 | C35: CHIP RESIS 53.6KOHM 1% .1W T&R | D35: CRCW060353K6FKEA | E35: V
A36: N62051883 | B36: 400274911 | C36: CHIP RESIS 53.6KOHM 1% .1WATT 1.55X0 | D36: D1110053K61%P5 | E36: CRCW060353K6FKEA
A37: 400263980 | B37: 400275213 | C37: CHIP RESIS 100KOHM 1% .063WtT&R | D37: CRCW0402100KFKTD | E37: CRCW0402100KFKED
A38: 400656752 | B38: 400275213 | C38: CHIP RESIS 100 KOHM 1% T&R | D38: CRCW0402100KFKED | E38: V
A39: 411170045 | B39: 400275213 | C39: CHIP RESIS 100KOHM 1% .063WtT&R | D39: CR0402-FX-1003GLF | E39: CRCW0402100KFKED
A40: 414865977 | B40: 400275213 | C40: CHIP RESIS 100KOHM 1% .0625W T&R | D40: RC0402FR-07100KL | E40: CRCW0402100KFKED
A41: N62084686 | B41: 400275213 | C41: CHIP RESIS 100KOHM 1% .063WATT 1X0.5 | D41: D10100100K1%P0 | E41: CRCW0402100KFKED
A42: 400249775 | B42: 400275214 | C42: CHIP RESIS 100 OHM 1% .063W T&R | D42: CRCW0402100RFKTD | E42: CRCW0402100RFKED
A43: 400656753 | B43: 400275214 | C43: CHIP RESIS 100 OHM 1% T&R | D43: CRCW0402100RFKED | E43: V
A44: 411170046 | B44: 400275214 | C44: CHIP RESIS 100 OHM 1% .063W T&R | D44: CR0402-FX-1000GLF | E44: CRCW0402100RFKED
A45: N62084603 | B45: 400275214 | C45: CHIP RESIS 100 OHM 1% 0.063WATT 1X0. | D45: D10100100R1%P0 | E45: CRCW0402100RFKED
A46: 400027603 | B46: 400275219 | C46: CHIP RESIS 1.21KOHM 1% 0.063W T&R | D46: CRCW04021211FRT7 | E46: CRCW04021K21FKED
A47: 400263990 | B47: 400275219 | C47: CHIP RESIS 1.21KOHM 1% .063W T&R | D47: CRCW04021K21FKTD | E47: CRCW04021K21FKED
A48: 401234957 | B48: 400275219 | C48: CHIP RESIS 1.21KOHM 1% .063W T&R | D48: CRCW04021K21FKED | E48: V
A49: 411170068 | B49: 400275219 | C49: CHIP RESIS 1.21KOHM 1% .063W T&R | D49: CR0402-FX-1211GLF | E49: CRCW04021K21FKED
A50: 417221873 | B50: 400275219 | C50: CHIP RESIS 1.21KOHM 1% .063W T&R | D50: RC0402FR-071K21L | E50: CRCW04021K21FKED
A51: N62085782 | B51: 400275219 | C51: CHIP RESIS 1.21KOHM 1% 0.063WATT 1X0 | D51: D101001K211%P0 | E51: CRCW04021K21FKED
A52: 400032405 | B52: 400275407 | C52: CHIP RESIS 200 OHM 1% 0.063W T&R | D52: CRCW04022000FRT7 | E52: CRCW0402200RFKED
A53: 400271563 | B53: 400275407 | C53: CHIP RESIS 200 OHM 1% .063W T&R | D53: CRCW0402200RFKTD | E53: CRCW0402200RFKED
A54: 400658318 | B54: 400275407 | C54: CHIP RESIS 200 OHM 1% T&R | D54: CRCW0402200RFKED | E54: V
A55: 411170077 | B55: 400275407 | C55: CHIP RESIS 200 OHM 1% .063W T&R | D55: CR0402-FX-2000GLF | E55: CRCW0402200RFKED
A56: N62059829 | B56: 400275407 | C56: CHIP RESIS 200 OHM 1% 0.063WATT 1X0. | D56: D10100200R1%P0 | E56: CRCW0402200RFKED
A57: 400274376 | B57: 400275409 | C57: CHIP RESIS 18.2KOHM 1% .063W T&R | D57: CRCW040218K2FKTD | E57: CRCW040218K2FKED
A58: 401481540 | B58: 400275409 | C58: CHIP RESIS 18.2KOHM 1% .063W T&R | D58: CRCW040218K2FKED | E58: V
A59: N62084041 | B59: 400275409 | C59: CHIP RESIS 18.2KOHM 1% .063WATT 1X0. | D59: D1010018K21%P0 | E59: CRCW040218K2FKED
A60: 400292466 | B60: 400275509 | C60: CHIP RESIS 24.3 OHM 1% .063W T&R | D60: CRCW040224R3FKTD | E60: CRCW040224R3FKED
A61: 405295603 | B61: 400275509 | C61: CHIP RESIS 24.3 OHM 1% .063W T&R | D61: CRCW040224R3FKED | E61: V
A62: 411170084 | B62: 400275509 | C62: CHIP RESIS 24.3 OHM 1% .063W T&R | D62: CR0402-FX-24R3GLF | E62: CRCW040224R3FKED
A63: 417221868 | B63: 400275509 | C63: CHIP RESIS 24.3 OHM 1% .063W T&R | D63: RC0402FR-0724R3L | E63: CRCW040224R3FKED
A64: N62088307 | B64: 400275509 | C64: CHIP RESIS 24.3 OHM 1% 0.063WATT 1X0 | D64: CRCW040224R3FRT7 | E64: CRCW040224R3FKED
A65: N62089412 | B65: 400275509 | C65: CHIP RESIS 24.3 OHM 1% 0.063WATT 1X0 | D65: D1010024R31%P0 | E65: CRCW040224R3FKED
A66: 400264006 | B66: 400275524 | C66: CHIP RESIS 332 OHM 1% .063W T&R | D66: CRCW0402332RFKTD | E66: CRCW0402332RFKED
A67: 400658325 | B67: 400275524 | C67: CHIP RESIS 332 OHM 1% PB-FREE T&R | D67: CRCW0402332RFKED | E67: V
A68: 411170097 | B68: 400275524 | C68: CHIP RESIS 332 OHM 1% .063W T&R | D68: CR0402-FX-3320GLF | E68: CRCW0402332RFKED
A69: N62071758 | B69: 400275524 | C69: CHIP RESIS 332 OHM 1% 0.063WATT 1X0. | D69: CRCW04023320FRT7 | E69: CRCW0402332RFKED
A70: N62093802 | B70: 400275524 | C70: CHIP RESIS 332 OHM 1% 0.063WATT 1X0. | D70: D10100332R1%P0 | E70: CRCW0402332RFKED
A71: 400271675 | B71: 400275589 | C71: CHIP RESIS 4.75KOHM 1% .063W T&R | D71: CRCW04024K75FKTD | E71: CRCW04024K75FKED
A72: 401308902 | B72: 400275589 | C72: CHIP RESISTOR 4.75KOHM 1% 0.063W T&R L-F | D72: CRCW04024K75FKED | E72: V
A73: 411170123 | B73: 400275589 | C73: CHIP RESIS 4.75KOHM 1% .063W T&R | D73: CR0402-FX-4751GLF | E73: CRCW04024K75FKED
A74: 414507964 | B74: 400275589 | C74: CHIP RESIS 4.75KOHM 1% .0625W T&R | D74: RC0402FR-074K75L | E74: CRCW04024K75FKED
A75: N62053350 | B75: 400275589 | C75: CHIP RESIS 4.75KOHM 1% .063WATT 1X0. | D75: D101004K751%P0 | E75: CRCW04024K75FKED
A76: N62056122 | B76: 400275589 | C76: CHIP RESIS 4.75KOHM 1% .063WATT 1X0. | D76: D101004751FP0 | E76: CRCW04024K75FKED
A77: 400276784 | B77: 400275598 | C77: CHIP RESIS 4.99 KOHM 1% .063W T&R | D77: CRCW04024K99FKTD | E77: CRCW04024K99FKED
A78: 400658331 | B78: 400275598 | C78: CHIP RESIS 4.99 KOHM 1% PB-FREE T&R | D78: CRCW04024K99FKED | E78: V
A79: 411170124 | B79: 400275598 | C79: CHIP RESIS 4.99 KOHM 1% .063W T&R | D79: CR0402-FX-4991GLF | E79: CRCW04024K99FKED
A80: N62094024 | B80: 400275598 | C80: CHIP RESIS 4.99KOHM 1% .063WATT 1X0. | D80: D101004K991%P0 | E80: CRCW04024K99FKED
A81: 400027536 | B81: 400275755 | C81: CHIP RESIS 49.9OHM 1% 0.063W T&R | D81: CRCW040249R9FRT7 | E81: CRCW040249R9FKED
A82: 400264010 | B82: 400275755 | C82: CHIP RESIS 49.9OHM 1% .063W T&R | D82: CRCW040249R9FKTD | E82: CRCW040249R9FKED
A83: 400658330 | B83: 400275755 | C83: CHIP RESIS 49.9 OHM 1% PB-FREE T&R | D83: CRCW040249R9FKED | E83: V
A84: 411170118 | B84: 400275755 | C84: CHIP RESIS 49.9OHM 1% .063W T&R | D84: CR0402-FX-49R9GLF | E84: CRCW040249R9FKED
A85: N62069950 | B85: 400275755 | C85: CHIP RESIS 49.9 OHM 1% 0.063WATT 1X0 | D85: D1010049R91%P0 | E85: CRCW040249R9FKED
A86: 400271666 | B86: 400275761 | C86: CHIP RESIS 4.02KOHM 1% .063W T&R | D86: CRCW04024K02FKTD | E86: CRCW04024K02FKED
A87: 401246030 | B87: 400275761 | C87: CHIP RESIS 4.02KOHM 1% .063W T&R | D87: CRCW04024K02FKED | E87: V
A88: 411170119 | B88: 400275761 | C88: CHIP RESIS 4.02KOHM 1% .063W T&R | D88: CR0402-FX-4021GLF | E88: CRCW04024K02FKED
A89: N62085063 | B89: 400275761 | C89: CHIP RESIS 4.02KOHM 1% .063WATT 1X0. | D89: D101004K021%P0 | E89: CRCW04024K02FKED
A90: 400271684 | B90: 400275764 | C90: CHIP RESIS 511 OHM 1% .063W T&R | D90: CRCW0402511RFKTD | E90: CRCW0402511RFKED
A91: 401193607 | B91: 400275764 | C91: CHIP RESIS 511 OHM 1% .063W T&R | D91: CRCW0402511RFKED | E91: V
A92: 411170127 | B92: 400275764 | C92: CHIP RESIS 511 OHM 1% .063W T&R | D92: CR0402-FX-5110GLF | E92: CRCW0402511RFKED
A93: 417221878 | B93: 400275764 | C93: CHIP RESIS 511 OHM 1% .063W T&R | D93: RC0402FR-07511RL | E93: CRCW0402511RFKED
A94: N62054606 | B94: 400275764 | C94: CHIP RESIS 510 OHM 5% .063WATT 1.0X0 | D94: MCR01MZSJ511 | E94: CRCW0402511RFKED
A95: N62084322 | B95: 400275764 | C95: CHIP RESIS 511 OHM 1% .063WATT 1X0.5 | D95: D10100511R1%P0 | E95: CRCW0402511RFKED
A96: N62084520 | B96: 400275764 | C96: CHIP RESIS 511 OHM 1% .063WATT 1X0.5 | D96: D10100511RFP0 | E96: CRCW0402511RFKED
A97: 400271693 | B97: 400275765 | C97: CHIP RESIS 5.11KOHM 1% .063W T&R | D97: CRCW04025K11FKTD | E97: CRCW04025K11FKED
A98: 401193608 | B98: 400275765 | C98: CHIP RESIS 5.11KOHM 1% .063W T&R | D98: CRCW04025K11FKED | E98: V
A99: 411170135 | B99: 400275765 | C99: CHIP RESIS 5.11KOHM 1% .063W T&R | D99: CR0402-FX-5111GLF | E99: CRCW04025K11FKED
A100: 414865983 | B100: 400275765 | C100: CHIP RESIS 5.11KOHM 1% .0625W T&R | D100: RC0402FR-075K11L | E100: CRCW04025K11FKED
...
